unit_key,eFUA_name,budget_rule,queue,eligible_positive_increment_cells,selected_cells,absolute_representation_effect_coverage,standard_depth_proxy_mass_coverage,signed_representation_effect_selected_m,queue_overlap_cells,queue_overlap_fraction
IND_FUA_02091,Srinagar,top10_cells,representation_absolute_effect,3576,10,0.2760772753347996,0.10163550063410315,-0.3030678162517465,5,0.5
IND_FUA_02091,Srinagar,top10_cells,standard_g_times_h,3576,10,0.18174128555425695,0.1728281631814333,-0.19336119276033398,5,0.5
IND_FUA_02091,Srinagar,top1pct_cells,representation_absolute_effect,3576,36,0.48671188940411464,0.1701223113226734,-0.32897204311025474,14,0.3888888888888889
IND_FUA_02091,Srinagar,top1pct_cells,standard_g_times_h,3576,36,0.3454096123192639,0.3622559560654092,-0.365642232884211,14,0.3888888888888889
IND_FUA_02091,Srinagar,top10pct_cells,representation_absolute_effect,3576,358,0.9377275913400324,0.5046487492126424,-0.23576108245897942,146,0.40782122905027934
IND_FUA_02091,Srinagar,top10pct_cells,standard_g_times_h,3576,358,0.5816212475167605,0.9046548231134413,-0.5859062809444533,146,0.40782122905027934
IND_FUA_03357,Jammu,top10_cells,representation_absolute_effect,8365,10,0.3393472048222813,0.159266862395671,-0.006443649252450458,2,0.2
IND_FUA_03357,Jammu,top10_cells,standard_g_times_h,8365,10,0.17674096044343396,0.3205286840605678,-0.0033560222139891707,2,0.2
IND_FUA_03357,Jammu,top1pct_cells,representation_absolute_effect,8365,84,0.5361592194019683,0.25834176199895725,-0.005917592110001718,28,0.3333333333333333
IND_FUA_03357,Jammu,top1pct_cells,standard_g_times_h,8365,84,0.40966628974215746,0.8438545147196066,-0.007264822085849881,28,0.3333333333333333
IND_FUA_03357,Jammu,top10pct_cells,representation_absolute_effect,8365,837,0.9317928680456037,0.28862130951220066,-0.00046802049536298737,70,0.08363201911589008
IND_FUA_03357,Jammu,top10pct_cells,standard_g_times_h,8365,837,0.45252170400612973,1.0,-0.007797074189007677,70,0.08363201911589008
IND_FUA_03722,Rajkot,top10_cells,representation_absolute_effect,7272,10,0.808282506207513,0.5630040322580645,-0.00011750825114252849,5,0.5
IND_FUA_03722,Rajkot,top10_cells,standard_g_times_h,7272,10,0.7987847588304263,0.9621975806451613,-0.00011650187846485315,5,0.5
IND_FUA_03722,Rajkot,top1pct_cells,representation_absolute_effect,7272,73,0.855469298866534,0.5630040322580645,-0.00011240473199761202,7,0.0958904109589041
IND_FUA_03722,Rajkot,top1pct_cells,standard_g_times_h,7272,73,0.8044225961850988,1.0,-0.00011692102659507198,7,0.0958904109589041
IND_FUA_03722,Rajkot,top10pct_cells,representation_absolute_effect,7272,728,0.9786432057919399,0.5630040322580645,-0.0001006405012701633,39,0.05357142857142857
IND_FUA_03722,Rajkot,top10pct_cells,standard_g_times_h,7272,728,0.812466312469743,1.0,-0.00011596474465779998,39,0.05357142857142857
IND_FUA_04396,Amritsar,top10_cells,representation_absolute_effect,14794,10,0.08632274760202421,0.03848880380803978,-0.0012261274133163803,2,0.2
IND_FUA_04396,Amritsar,top10_cells,standard_g_times_h,14794,10,0.022921151144043937,0.07980262843891814,-0.0003763601579654685,2,0.2
IND_FUA_04396,Amritsar,top1pct_cells,representation_absolute_effect,14794,148,0.3597590031687281,0.20859853751274704,-0.002748261474695549,44,0.2972972972972973
IND_FUA_04396,Amritsar,top1pct_cells,standard_g_times_h,14794,148,0.18927769257468507,0.4843980617589818,-0.0017883738429341934,44,0.2972972972972973
IND_FUA_04396,Amritsar,top10pct_cells,representation_absolute_effect,14794,1480,0.8242799897656182,0.3464277029622089,0.0016323603073205755,290,0.19594594594594594
IND_FUA_04396,Amritsar,top10pct_cells,standard_g_times_h,14794,1480,0.39821127532754813,0.9861197147241818,-0.004293234116340831,290,0.19594594594594594
IND_FUA_05324,Jodhpur,top10_cells,representation_absolute_effect,12265,10,0.19363923165644503,0.06150610421930501,-0.0004252945136752309,1,0.1
IND_FUA_05324,Jodhpur,top10_cells,standard_g_times_h,12265,10,0.036172955132954356,0.2201967790669076,-9.55842863653063e-05,1,0.1
IND_FUA_05324,Jodhpur,top1pct_cells,representation_absolute_effect,12265,123,0.4110452537199812,0.08314305349944051,-3.904133987668239e-06,8,0.06504065040650407
IND_FUA_05324,Jodhpur,top1pct_cells,standard_g_times_h,12265,123,0.1822519927805847,0.7741291646913079,-0.0004066375730259851,8,0.06504065040650407
IND_FUA_05324,Jodhpur,top10pct_cells,representation_absolute_effect,12265,1227,0.9170682325590482,0.10345993426066084,0.0009346731576187426,105,0.08557457212713937
IND_FUA_05324,Jodhpur,top10pct_cells,standard_g_times_h,12265,1227,0.2672070270940048,1.0,-0.00042985153910469836,105,0.08557457212713937
IND_FUA_05617,Jalandhar,top10_cells,representation_absolute_effect,8785,10,0.39500434200152196,0.45061927985816913,-0.0001458707399429326,4,0.4
IND_FUA_05617,Jalandhar,top10_cells,standard_g_times_h,8785,10,0.20656840518592826,0.5656377014680782,0.00014306763786559344,4,0.4
IND_FUA_05617,Jalandhar,top1pct_cells,representation_absolute_effect,8785,88,0.5534716632105859,0.459932385652247,4.253879184744346e-05,13,0.14772727272727273
IND_FUA_05617,Jalandhar,top1pct_cells,standard_g_times_h,8785,88,0.4071859681520208,0.9961039257903107,-0.00016294705698774678,13,0.14772727272727273
IND_FUA_05617,Jalandhar,top10pct_cells,representation_absolute_effect,8785,879,0.9288895641762065,0.4923089580198292,0.00046079976833359924,64,0.07281001137656427
IND_FUA_05617,Jalandhar,top10pct_cells,standard_g_times_h,8785,879,0.4392129566316059,1.0,-0.0001274250107687505,64,0.07281001137656427
IND_FUA_05991,Ahmedabad,top10_cells,representation_absolute_effect,21864,10,0.1341726867601891,0.03665510767437259,-0.0033590419869750725,4,0.4
IND_FUA_05991,Ahmedabad,top10_cells,standard_g_times_h,21864,10,0.0805533462235022,0.052037642332570244,-0.00236524262359546,4,0.4
IND_FUA_05991,Ahmedabad,top1pct_cells,representation_absolute_effect,21864,219,0.49059503612486965,0.16944383364020354,-0.007841801405678774,51,0.2328767123287671
IND_FUA_05991,Ahmedabad,top1pct_cells,standard_g_times_h,21864,219,0.2563332229110131,0.4299899089312783,-0.005490647917473284,51,0.2328767123287671
IND_FUA_05991,Ahmedabad,top10pct_cells,representation_absolute_effect,21864,2187,0.9702712014830122,0.36026552791995464,-0.004638628774960558,650,0.2972107910379515
IND_FUA_05991,Ahmedabad,top10pct_cells,standard_g_times_h,21864,2187,0.5165832118225127,0.9345619960703536,-0.009454951719859037,650,0.2972107910379515
IND_FUA_06065,Ludhiana,top10_cells,representation_absolute_effect,12561,10,0.13309472852427262,0.04339025172989718,-0.0032994777152200437,1,0.1
IND_FUA_06065,Ludhiana,top10_cells,standard_g_times_h,12561,10,0.03826785668829227,0.09324365045161848,-0.0011045568361519138,1,0.1
IND_FUA_06065,Ludhiana,top1pct_cells,representation_absolute_effect,12561,126,0.4415274722715006,0.22136486393338975,-0.008203230004621557,45,0.35714285714285715
IND_FUA_06065,Ludhiana,top1pct_cells,standard_g_times_h,12561,126,0.25736774960575726,0.4777525210346683,-0.0058846536668488315,45,0.35714285714285715
IND_FUA_06065,Ludhiana,top10pct_cells,representation_absolute_effect,12561,1257,0.8984092137786885,0.3516791099061413,-0.0008184952815127843,268,0.21320604614160701
IND_FUA_06065,Ludhiana,top10pct_cells,standard_g_times_h,12561,1257,0.47597543193018077,0.9882797773046208,-0.010917879568261369,268,0.21320604614160701
IND_FUA_06611,Surat,top10_cells,representation_absolute_effect,8394,10,0.12579583558461802,0.04198495438619741,-0.003895573662905386,2,0.2
IND_FUA_06611,Surat,top10_cells,standard_g_times_h,8394,10,0.02173233680436065,0.07955744118412819,-0.0011481371244159504,2,0.2
IND_FUA_06611,Surat,top1pct_cells,representation_absolute_effect,8394,84,0.40322641857627134,0.11025580291796311,-0.005330682470644413,14,0.16666666666666666
IND_FUA_06611,Surat,top1pct_cells,standard_g_times_h,8394,84,0.1192157723655414,0.29883315003822813,-0.0011793006137572498,14,0.16666666666666666
IND_FUA_06611,Surat,top10pct_cells,representation_absolute_effect,8394,840,0.9308928064328217,0.2905804126304049,-0.0029386253448042427,277,0.32976190476190476
IND_FUA_06611,Surat,top10pct_cells,standard_g_times_h,8394,840,0.5158939727702915,0.837224486182317,-0.008828195310136169,277,0.32976190476190476
IND_FUA_06651,Vadodara,top10_cells,representation_absolute_effect,8550,10,0.14425467884302776,0.07045745024607489,9.63096063303627e-05,2,0.2
IND_FUA_06651,Vadodara,top10_cells,standard_g_times_h,8550,10,0.06993455992003013,0.18538412486432282,0.0005750812648981659,2,0.2
IND_FUA_06651,Vadodara,top1pct_cells,representation_absolute_effect,8550,86,0.45304225247259383,0.16930815140339084,-0.0007293091312778751,17,0.19767441860465115
IND_FUA_06651,Vadodara,top1pct_cells,standard_g_times_h,8550,86,0.16739720771994557,0.5822822645206002,0.0002060977749367653,17,0.19767441860465115
IND_FUA_06651,Vadodara,top10pct_cells,representation_absolute_effect,8550,855,0.97418446950495,0.3144028178490689,0.00020714974857544903,251,0.2935672514619883
IND_FUA_06651,Vadodara,top10pct_cells,standard_g_times_h,8550,855,0.4668641011903088,0.9914789342511943,-0.001293876552684996,251,0.2935672514619883
IND_FUA_06781,Chandigarh,top10_cells,representation_absolute_effect,15456,10,0.4389871724245494,0.25455660870310837,-3.1331234635472613e-05,2,0.2
IND_FUA_06781,Chandigarh,top10_cells,standard_g_times_h,15456,10,0.3859840670148992,0.6623409452893251,-2.81093233439955e-05,2,0.2
IND_FUA_06781,Chandigarh,top1pct_cells,representation_absolute_effect,15456,155,0.5729633315893172,0.27320135426973546,-2.5800369204999642e-05,8,0.05161290322580645
IND_FUA_06781,Chandigarh,top1pct_cells,standard_g_times_h,15456,155,0.4323362170083609,1.0,-3.0730604363879646e-05,8,0.05161290322580645
IND_FUA_06781,Chandigarh,top10pct_cells,representation_absolute_effect,15456,1546,0.9173572208544319,0.27371576327882113,-9.151877671665997e-06,78,0.050452781371280724
IND_FUA_06781,Chandigarh,top10pct_cells,standard_g_times_h,15456,1546,0.4593793729637561,1.0,-2.9477417399633983e-05,78,0.050452781371280724
IND_FUA_07108,Silvassa,top10_cells,representation_absolute_effect,6451,10,0.41667595919364603,0.12767652443101213,-0.0063892214849392915,2,0.2
IND_FUA_07108,Silvassa,top10_cells,standard_g_times_h,6451,10,0.15891742228177438,0.2546584207399312,-0.003178283715717672,2,0.2
IND_FUA_07108,Silvassa,top1pct_cells,representation_absolute_effect,6451,65,0.6854020245339348,0.26624965227360603,-0.008586921164598018,22,0.3384615384615385
IND_FUA_07108,Silvassa,top1pct_cells,standard_g_times_h,6451,65,0.5153395144046691,0.7136139023938897,-0.008042164262153166,22,0.3384615384615385
IND_FUA_07108,Silvassa,top10pct_cells,representation_absolute_effect,6451,646,0.988868618676444,0.33619305751364126,-0.005028209107992247,116,0.17956656346749225
IND_FUA_07108,Silvassa,top10pct_cells,standard_g_times_h,6451,646,0.6615290902352966,0.9991556611938174,-0.009579268451026477,116,0.17956656346749225
IND_FUA_07139,Vasai-Virar,top10_cells,representation_absolute_effect,2876,10,0.19953390048726008,0.04041571283718713,-0.003674498388590752,0,0.0
IND_FUA_07139,Vasai-Virar,top10_cells,standard_g_times_h,2876,10,0.005930014407660319,0.24459104352862673,0.0010717177289743772,0,0.0
IND_FUA_07139,Vasai-Virar,top1pct_cells,representation_absolute_effect,2876,29,0.40452940063227266,0.06291380724677467,0.0037865546043651414,2,0.06896551724137931
IND_FUA_07139,Vasai-Virar,top1pct_cells,standard_g_times_h,2876,29,0.04760391970208737,0.43260114368073477,-0.00031097482412235054,2,0.06896551724137931
IND_FUA_07139,Vasai-Virar,top10pct_cells,representation_absolute_effect,2876,288,0.9650088133269293,0.2729031699976945,0.011963222540586488,94,0.3263888888888889
IND_FUA_07139,Vasai-Virar,top10pct_cells,standard_g_times_h,2876,288,0.39365318214288736,0.932902902523064,-0.0578933507128193,94,0.3263888888888889
IND_FUA_07163,Mumbai,top10_cells,representation_absolute_effect,21881,10,0.07870526112169374,0.03742633011246107,-0.006099627131305174,1,0.1
IND_FUA_07163,Mumbai,top10_cells,standard_g_times_h,21881,10,0.01338452347979875,0.09599070958729593,-0.0008771952162865823,1,0.1
IND_FUA_07163,Mumbai,top1pct_cells,representation_absolute_effect,21881,219,0.47475311357170014,0.31399727430329116,-0.023142715154673553,100,0.45662100456621
IND_FUA_07163,Mumbai,top1pct_cells,standard_g_times_h,21881,219,0.3341207481458361,0.5479862825718523,-0.019381493636444834,100,0.45662100456621
IND_FUA_07163,Mumbai,top10pct_cells,representation_absolute_effect,21881,2189,0.9305714664833599,0.5681781872557591,-0.014141680579739035,733,0.33485609867519417
IND_FUA_07163,Mumbai,top10pct_cells,standard_g_times_h,21881,2189,0.5824099662633518,0.981916586699118,-0.03920675162349068,733,0.33485609867519417
IND_FUA_07320,Jaipur,top10_cells,representation_absolute_effect,26912,10,0.9032102343601172,0.5630475179187683,-1.594126774814434e-05,5,0.5
IND_FUA_07320,Jaipur,top10_cells,standard_g_times_h,26912,10,0.9015370075259002,0.9527475444650916,-1.597128522303722e-05,5,0.5
IND_FUA_07320,Jaipur,top1pct_cells,representation_absolute_effect,26912,270,0.9375857899944429,0.5630475179187683,-1.5515428228706303e-05,7,0.025925925925925925
IND_FUA_07320,Jaipur,top1pct_cells,standard_g_times_h,26912,270,0.9018908770970135,1.0,-1.5965525008829082e-05,7,0.025925925925925925
IND_FUA_07320,Jaipur,top10pct_cells,representation_absolute_effect,26912,2692,0.9967417021784292,0.5630475179187683,-1.479502340761241e-05,89,0.033060921248142645
IND_FUA_07320,Jaipur,top10pct_cells,standard_g_times_h,26912,2692,0.9052671523481364,1.0,-1.591559460424995e-05,89,0.033060921248142645
IND_FUA_07466,Delhi [New Delhi],top10_cells,representation_absolute_effect,113140,10,0.014645157663373062,0.004694739601295235,-0.000454272978918005,1,0.1
IND_FUA_07466,Delhi [New Delhi],top10_cells,standard_g_times_h,113140,10,0.0015525366083380982,0.008701396540375416,4.6669771825290044e-05,1,0.1
IND_FUA_07466,Delhi [New Delhi],top1pct_cells,representation_absolute_effect,113140,1132,0.3364091668269263,0.14843263642127122,-0.005836358243373877,240,0.21201413427561838
IND_FUA_07466,Delhi [New Delhi],top1pct_cells,standard_g_times_h,113140,1132,0.12773328815878282,0.3494318311359716,-0.0024089368186047512,240,0.21201413427561838
IND_FUA_07466,Delhi [New Delhi],top10pct_cells,representation_absolute_effect,113140,11314,0.8502141602952501,0.3470212886963241,8.669686637945715e-05,3706,0.3275587767367863
IND_FUA_07466,Delhi [New Delhi],top10pct_cells,standard_g_times_h,113140,11314,0.4755328880322385,0.9435392127968188,-0.011057498555866987,3706,0.3275587767367863
IND_FUA_07490,Saharanpur,top10_cells,representation_absolute_effect,3226,10,,,0.0,10,1.0
IND_FUA_07490,Saharanpur,top10_cells,standard_g_times_h,3226,10,,,0.0,10,1.0
IND_FUA_07490,Saharanpur,top1pct_cells,representation_absolute_effect,3226,33,,,0.0,33,1.0
IND_FUA_07490,Saharanpur,top1pct_cells,standard_g_times_h,3226,33,,,0.0,33,1.0
IND_FUA_07490,Saharanpur,top10pct_cells,representation_absolute_effect,3226,323,,,0.0,323,1.0
IND_FUA_07490,Saharanpur,top10pct_cells,standard_g_times_h,3226,323,,,0.0,323,1.0
IND_FUA_07499,Nashik,top10_cells,representation_absolute_effect,10786,10,0.8140112183617849,0.649529170211732,-0.006464453125092229,9,0.9
IND_FUA_07499,Nashik,top10_cells,standard_g_times_h,10786,10,0.7827576027999607,0.6558332620557649,-0.006216253188492251,9,0.9
IND_FUA_07499,Nashik,top1pct_cells,representation_absolute_effect,10786,108,0.950691214186612,0.852047598740492,-0.007130323048261764,31,0.28703703703703703
IND_FUA_07499,Nashik,top1pct_cells,standard_g_times_h,10786,108,0.9195612529245506,0.9974821590737931,-0.007297242099082366,31,0.28703703703703703
IND_FUA_07499,Nashik,top10pct_cells,representation_absolute_effect,10786,1079,0.9997998974573893,0.8578416613948006,-0.006910875021844622,64,0.05931417979610751
IND_FUA_07499,Nashik,top10pct_cells,standard_g_times_h,10786,1079,0.9214273715848519,1.0,-0.007289790259041134,64,0.05931417979610751
IND_FUA_07581,Dehradun,top10_cells,representation_absolute_effect,4475,10,,,0.0,10,1.0
IND_FUA_07581,Dehradun,top10_cells,standard_g_times_h,4475,10,,,0.0,10,1.0
IND_FUA_07581,Dehradun,top1pct_cells,representation_absolute_effect,4475,45,,,0.0,45,1.0
IND_FUA_07581,Dehradun,top1pct_cells,standard_g_times_h,4475,45,,,0.0,45,1.0
IND_FUA_07581,Dehradun,top10pct_cells,representation_absolute_effect,4475,448,,,0.0,448,1.0
IND_FUA_07581,Dehradun,top10pct_cells,standard_g_times_h,4475,448,,,0.0,448,1.0
IND_FUA_07601,Kota,top10_cells,representation_absolute_effect,5428,10,0.7367144621524834,0.3445500102832876,-0.0021232528422509243,7,0.7
IND_FUA_07601,Kota,top10_cells,standard_g_times_h,5428,10,0.6653372380309612,0.38678782316456406,-0.0019175396361531252,7,0.7
IND_FUA_07601,Kota,top1pct_cells,representation_absolute_effect,5428,55,0.8774124125676913,0.5290615944901975,-0.0024305764544368664,26,0.4727272727272727
IND_FUA_07601,Kota,top1pct_cells,standard_g_times_h,5428,55,0.8259813968596919,0.7921603098842004,-0.002322942021420413,26,0.4727272727272727
IND_FUA_07601,Kota,top10pct_cells,representation_absolute_effect,5428,543,0.9831923011714988,0.5578943950052265,-0.002287996686966479,70,0.1289134438305709
IND_FUA_07601,Kota,top10pct_cells,standard_g_times_h,5428,543,0.8742973136643439,1.0,-0.0024503335166143787,70,0.1289134438305709
IND_FUA_07617,Pune,top10_cells,representation_absolute_effect,32775,10,0.3936356635830959,0.0963307203855037,-0.0017783874008863805,3,0.3
IND_FUA_07617,Pune,top10_cells,standard_g_times_h,32775,10,0.1768677865401825,0.21229339541172662,-0.000648099843215287,3,0.3
IND_FUA_07617,Pune,top1pct_cells,representation_absolute_effect,32775,328,0.8097168031405293,0.30877057810769276,-0.0022217098004209293,109,0.3323170731707317
IND_FUA_07617,Pune,top1pct_cells,standard_g_times_h,32775,328,0.7260773269531754,0.92994209605067,-0.002394982739115776,109,0.3323170731707317
IND_FUA_07617,Pune,top10pct_cells,representation_absolute_effect,32775,3278,0.9915156276312493,0.3329267087423838,-0.001788097070047757,275,0.08389261744966443
IND_FUA_07617,Pune,top10pct_cells,standard_g_times_h,32775,3278,0.7499574898775777,1.0,-0.0024372608584971632,275,0.08389261744966443
IND_FUA_07631,Haridwar,top10_cells,representation_absolute_effect,4875,10,0.47022501004276335,0.13661296878347393,-0.004411022895779828,1,0.1
IND_FUA_07631,Haridwar,top10_cells,standard_g_times_h,4875,10,0.04985896408063359,0.3890388293542279,-0.00040292799207346334,1,0.1
IND_FUA_07631,Haridwar,top1pct_cells,representation_absolute_effect,4875,49,0.8103485231613516,0.3718420278472651,-0.007497165286255107,22,0.4489795918367347
IND_FUA_07631,Haridwar,top1pct_cells,standard_g_times_h,4875,49,0.6404559689513931,0.7916072569042473,-0.005928099515168646,22,0.4489795918367347
IND_FUA_07631,Haridwar,top10pct_cells,representation_absolute_effect,4875,488,0.9752203030770079,0.4249462356283213,-0.006520235811229351,73,0.14959016393442623
IND_FUA_07631,Haridwar,top10pct_cells,standard_g_times_h,4875,488,0.8229614751347225,1.0,-0.007594902700865041,73,0.14959016393442623
IND_FUA_07643,Meerut,top10_cells,representation_absolute_effect,11327,10,0.08455658848384265,0.028820480986892074,-0.0011163851988195942,1,0.1
IND_FUA_07643,Meerut,top10_cells,standard_g_times_h,11327,10,0.026079620859366135,0.06453418261978112,-0.000191518844392393,1,0.1
IND_FUA_07643,Meerut,top1pct_cells,representation_absolute_effect,11327,114,0.31138567034054965,0.16222201601754374,-0.0031481960528283877,29,0.2543859649122807
IND_FUA_07643,Meerut,top1pct_cells,standard_g_times_h,11327,114,0.13543682182465178,0.3891083257632022,-0.0012618006069229,29,0.2543859649122807
IND_FUA_07643,Meerut,top10pct_cells,representation_absolute_effect,11327,1133,0.7852479422989177,0.2986261374968317,0.0007767327093910787,281,0.24801412180052956
IND_FUA_07643,Meerut,top10pct_cells,standard_g_times_h,11327,1133,0.38263611305673284,0.9674630320019683,-0.005104353365550755,281,0.24801412180052956
IND_FUA_07839,Indore,top10_cells,representation_absolute_effect,16212,10,0.8133362245202695,0.5724893027938586,-0.0001774263701252206,8,0.8
IND_FUA_07839,Indore,top10_cells,standard_g_times_h,16212,10,0.7691834227255939,0.7516989680342311,-0.00016260103340569394,8,0.8
IND_FUA_07839,Indore,top1pct_cells,representation_absolute_effect,16212,163,0.8777951164300363,0.6832368487289202,-0.00016805231504361278,13,0.07975460122699386
IND_FUA_07839,Indore,top1pct_cells,standard_g_times_h,16212,163,0.8342318650745028,1.0,-0.00017601335915463877,13,0.07975460122699386
IND_FUA_07839,Indore,top10pct_cells,representation_absolute_effect,16212,1622,0.9785607446235991,0.6832368487289202,-0.00015302626182363526,232,0.14303329223181258
IND_FUA_07839,Indore,top10pct_cells,standard_g_times_h,16212,1622,0.8582861978927636,1.0,-0.0001726574445106359,232,0.14303329223181258
IND_FUA_07881,Kolhapur,top10_cells,representation_absolute_effect,3871,10,0.6436962095279846,0.2845750905329937,-0.008890407178381557,3,0.3
IND_FUA_07881,Kolhapur,top10_cells,standard_g_times_h,3871,10,0.46417001683215675,0.5534475679491463,-0.006376512610832442,3,0.3
IND_FUA_07881,Kolhapur,top1pct_cells,representation_absolute_effect,3871,39,0.8066907535181483,0.3457956977373692,-0.00844925370033462,16,0.41025641025641024
IND_FUA_07881,Kolhapur,top1pct_cells,standard_g_times_h,3871,39,0.6902684523301211,0.8774619094051681,-0.00864812160824888,16,0.41025641025641024
IND_FUA_07881,Kolhapur,top10pct_cells,representation_absolute_effect,3871,388,0.9938765167931113,0.3994185540127782,-0.007503745510633328,35,0.09020618556701031
IND_FUA_07881,Kolhapur,top10pct_cells,standard_g_times_h,3871,388,0.6962575138347553,1.0,-0.00862883249752274,35,0.09020618556701031
IND_FUA_07895,Aligarh,top10_cells,representation_absolute_effect,6602,10,0.11276085131724027,0.03265777221195711,-0.0021096540349111784,1,0.1
IND_FUA_07895,Aligarh,top10_cells,standard_g_times_h,6602,10,0.021193496257685882,0.06101905527814704,-0.00037998377136326024,1,0.1
IND_FUA_07895,Aligarh,top1pct_cells,representation_absolute_effect,6602,67,0.3409960276845585,0.10748889007996879,-0.004642642097955634,12,0.1791044776119403
IND_FUA_07895,Aligarh,top1pct_cells,standard_g_times_h,6602,67,0.10887627482371326,0.25625215386215405,-0.0014791071148216913,12,0.1791044776119403
IND_FUA_07895,Aligarh,top10pct_cells,representation_absolute_effect,6602,661,0.878880824397259,0.2695237231010351,-0.001550797522871962,199,0.3010590015128593
IND_FUA_07895,Aligarh,top10pct_cells,standard_g_times_h,6602,661,0.4620420092959964,0.8339578761697025,-0.007661384968539134,199,0.3010590015128593
IND_FUA_07933,Moradabad,top10_cells,representation_absolute_effect,5603,10,0.15716797761709472,0.05248826679230454,-0.004477010484338788,0,0.0
IND_FUA_07933,Moradabad,top10_cells,standard_g_times_h,5603,10,0.009349012497777401,0.09738186480106661,-0.0002663114179195957,0,0.0
IND_FUA_07933,Moradabad,top1pct_cells,representation_absolute_effect,5603,57,0.3986451853325811,0.180762066050809,-0.007855087440548204,19,0.3333333333333333
IND_FUA_07933,Moradabad,top1pct_cells,standard_g_times_h,5603,57,0.20344661919434012,0.361556511445635,-0.0050812771087982754,19,0.3333333333333333
IND_FUA_07933,Moradabad,top10pct_cells,representation_absolute_effect,5603,561,0.8952206033551714,0.3571513158697622,-0.004071757191772409,196,0.3493761140819964
IND_FUA_07933,Moradabad,top10pct_cells,standard_g_times_h,5603,561,0.5386178866533414,0.9463502986254069,-0.012124672491861214,196,0.3493761140819964
IND_FUA_07957,Agra,top10_cells,representation_absolute_effect,10483,10,0.3549195697779621,0.13637714059646924,-0.008540355762243946,4,0.4
IND_FUA_07957,Agra,top10_cells,standard_g_times_h,10483,10,0.1679402972598641,0.19761755319732544,-0.004041112430947445,4,0.4
IND_FUA_07957,Agra,top1pct_cells,representation_absolute_effect,10483,105,0.6212184766421064,0.3389714906284814,-0.011044182938608964,41,0.3904761904761905
IND_FUA_07957,Agra,top1pct_cells,standard_g_times_h,10483,105,0.520229682377932,0.7706110386474302,-0.01134781424053512,41,0.3904761904761905
IND_FUA_07957,Agra,top10pct_cells,representation_absolute_effect,10483,1049,0.922175707002485,0.40009345850795786,-0.005897179340793205,141,0.1344137273593899
IND_FUA_07957,Agra,top10pct_cells,standard_g_times_h,10483,1049,0.5999763074248872,0.9999385042860732,-0.012685724227773226,141,0.1344137273593899
IND_FUA_07961,Aurangabad,top10_cells,representation_absolute_effect,6425,10,,,0.0,10,1.0
IND_FUA_07961,Aurangabad,top10_cells,standard_g_times_h,6425,10,,,0.0,10,1.0
IND_FUA_07961,Aurangabad,top1pct_cells,representation_absolute_effect,6425,65,,,0.0,65,1.0
IND_FUA_07961,Aurangabad,top1pct_cells,standard_g_times_h,6425,65,,,0.0,65,1.0
IND_FUA_07961,Aurangabad,top10pct_cells,representation_absolute_effect,6425,643,,,0.0,643,1.0
IND_FUA_07961,Aurangabad,top10pct_cells,standard_g_times_h,6425,643,,,0.0,643,1.0
IND_FUA_07996,Sangli,top10_cells,representation_absolute_effect,4549,10,0.42699750176501017,0.16576093520331142,-0.010012575274941565,4,0.4
IND_FUA_07996,Sangli,top10_cells,standard_g_times_h,4549,10,0.2584979791999572,0.24851380596945055,-0.007155602446823363,4,0.4
IND_FUA_07996,Sangli,top1pct_cells,representation_absolute_effect,4549,46,0.677389532846745,0.2514526454649968,-0.00951091888448679,14,0.30434782608695654
IND_FUA_07996,Sangli,top1pct_cells,standard_g_times_h,4549,46,0.4532849343028214,0.5598848673249988,-0.01234087980961031,14,0.30434782608695654
IND_FUA_07996,Sangli,top10pct_cells,representation_absolute_effect,4549,455,1.0000000000000002,0.38104067337653436,-0.006867672617421807,80,0.17582417582417584
IND_FUA_07996,Sangli,top10pct_cells,standard_g_times_h,4549,455,0.602761582976547,0.97684450275351,-0.011939917861182606,80,0.17582417582417584
IND_FUA_08144,Gwalior,top10_cells,representation_absolute_effect,4472,10,,0.0,0.0,9,0.9
IND_FUA_08144,Gwalior,top10_cells,standard_g_times_h,4472,10,,1.0,0.0,9,0.9
IND_FUA_08144,Gwalior,top1pct_cells,representation_absolute_effect,4472,45,,0.0,0.0,44,0.9777777777777777
IND_FUA_08144,Gwalior,top1pct_cells,standard_g_times_h,4472,45,,1.0,0.0,44,0.9777777777777777
IND_FUA_08144,Gwalior,top10pct_cells,representation_absolute_effect,4472,448,,0.0,0.0,447,0.9977678571428571
IND_FUA_08144,Gwalior,top10pct_cells,standard_g_times_h,4472,448,,1.0,0.0,447,0.9977678571428571
IND_FUA_08224,Bareilly,top10_cells,representation_absolute_effect,5144,10,0.1506314205567827,0.06371049079089931,-0.001047246356151009,2,0.2
IND_FUA_08224,Bareilly,top10_cells,standard_g_times_h,5144,10,0.025434171629751152,0.1596602285963384,-0.00017682793843755526,2,0.2
IND_FUA_08224,Bareilly,top1pct_cells,representation_absolute_effect,5144,52,0.3443118706653454,0.1598803903238602,-0.001269946420569641,9,0.17307692307692307
IND_FUA_08224,Bareilly,top1pct_cells,standard_g_times_h,5144,52,0.09984999380395003,0.4899886656422716,-0.0005962301275539258,9,0.17307692307692307
IND_FUA_08224,Bareilly,top10pct_cells,representation_absolute_effect,5144,515,0.8618704523352871,0.2769750196086417,5.5968598982245195e-05,109,0.21165048543689322
IND_FUA_08224,Bareilly,top10pct_cells,standard_g_times_h,5144,515,0.4038093638011786,0.9886797910946503,-0.0019104836534328017,109,0.21165048543689322
IND_FUA_08258,Bhopal,top10_cells,representation_absolute_effect,9192,10,0.45685206898751535,0.27085441665461907,-2.790232726178274e-05,4,0.4
IND_FUA_08258,Bhopal,top10_cells,standard_g_times_h,9192,10,0.18486147608029074,0.8151655341911234,2.879320850185559e-05,4,0.4
IND_FUA_08258,Bhopal,top1pct_cells,representation_absolute_effect,9192,92,0.6356372938220749,0.27425184328466096,-6.5625562578903296e-06,8,0.08695652173913043
IND_FUA_08258,Bhopal,top1pct_cells,standard_g_times_h,9192,92,0.4431072477627014,1.0,-3.176440827321501e-05,8,0.08695652173913043
IND_FUA_08258,Bhopal,top10pct_cells,representation_absolute_effect,9192,920,0.9694139253967089,0.2760589851091514,3.562064408634904e-05,35,0.03804347826086957
IND_FUA_08258,Bhopal,top10pct_cells,standard_g_times_h,9192,920,0.46174894731034577,1.0,-2.7962621814473878e-05,35,0.03804347826086957
IND_FUA_08319,Mangaluru,top10_cells,representation_absolute_effect,12758,10,0.5052321983380973,0.23562313080822322,-0.02362549760876305,5,0.5
IND_FUA_08319,Mangaluru,top10_cells,standard_g_times_h,12758,10,0.36301023856229714,0.3344931474265883,-0.016170299826319307,5,0.5
IND_FUA_08319,Mangaluru,top1pct_cells,representation_absolute_effect,12758,128,0.879495764996596,0.4053697017270686,-0.01920068706170228,38,0.296875
IND_FUA_08319,Mangaluru,top1pct_cells,standard_g_times_h,12758,128,0.6444683885373983,0.8363691640537394,-0.027812111703729714,38,0.296875
IND_FUA_08319,Mangaluru,top10pct_cells,representation_absolute_effect,12758,1276,1.0,0.4723603028480281,-0.016947992425874327,143,0.11206896551724138
IND_FUA_08319,Mangaluru,top10pct_cells,standard_g_times_h,12758,1276,0.671013670945158,0.9990169810874999,-0.027594762563447024,143,0.11206896551724138
IND_FUA_08341,Solapur,top10_cells,representation_absolute_effect,4667,10,0.6949547664621432,0.09361748362770678,-0.00038755620680904786,1,0.1
IND_FUA_08341,Solapur,top10_cells,standard_g_times_h,4667,10,0.5139496397311888,0.6277217831550711,-0.0003034935362523794,1,0.1
IND_FUA_08341,Solapur,top1pct_cells,representation_absolute_effect,4667,47,0.7844646438024465,0.09361748362770678,-0.0003346995315563249,5,0.10638297872340426
IND_FUA_08341,Solapur,top1pct_cells,standard_g_times_h,4667,47,0.6706542692577477,0.9962800377335143,-0.0003960295329446023,5,0.10638297872340426
IND_FUA_08341,Solapur,top10pct_cells,representation_absolute_effect,4667,467,0.991392210398042,0.09361748362770678,-0.00024109044811721116,51,0.10920770877944326
IND_FUA_08341,Solapur,top10pct_cells,standard_g_times_h,4667,467,0.7096757794681952,1.0,-0.0003809329691035339,51,0.10920770877944326
IND_FUA_08419,Farrukhabad,top10_cells,representation_absolute_effect,1913,10,0.3273333571658577,0.04695244564340872,-0.0008886544344167572,0,0.0
IND_FUA_08419,Farrukhabad,top10_cells,standard_g_times_h,1913,10,0.009792455018165046,0.25804596902770555,-3.446146191548251e-05,0,0.0
IND_FUA_08419,Farrukhabad,top1pct_cells,representation_absolute_effect,1913,20,0.4466940252493355,0.07434914478453908,-0.0009840909248015602,1,0.05
IND_FUA_08419,Farrukhabad,top1pct_cells,standard_g_times_h,1913,20,0.009792455018165046,0.4195556947588391,-3.446146191548251e-05,1,0.05
IND_FUA_08419,Farrukhabad,top10pct_cells,representation_absolute_effect,1913,192,0.9163335553498825,0.10181597495565271,7.331329991598049e-05,28,0.14583333333333334
IND_FUA_08419,Farrukhabad,top10pct_cells,standard_g_times_h,1913,192,0.4225458296875221,0.9957173179670002,-0.0013891004595620146,28,0.14583333333333334
IND_FUA_08433,Shahjahanpur,top10_cells,representation_absolute_effect,3311,10,0.26293302915024724,0.061923160985328976,-0.0021360053125116098,1,0.1
IND_FUA_08433,Shahjahanpur,top10_cells,standard_g_times_h,3311,10,0.09318237877946617,0.14084987889217146,-0.0007221739129105917,1,0.1
IND_FUA_08433,Shahjahanpur,top1pct_cells,representation_absolute_effect,3311,34,0.48782837091252185,0.15678366385512324,-0.0032187224566623054,11,0.3235294117647059
IND_FUA_08433,Shahjahanpur,top1pct_cells,standard_g_times_h,3311,34,0.21937583998982763,0.31307837870718513,-0.0011355516146271045,11,0.3235294117647059
IND_FUA_08433,Shahjahanpur,top10pct_cells,representation_absolute_effect,3311,332,0.9588578631227751,0.40492616219400457,-0.0034376661373203624,137,0.4126506024096386
IND_FUA_08433,Shahjahanpur,top10pct_cells,standard_g_times_h,3311,332,0.7445382108083248,0.9378914465770157,-0.0045154883098361045,137,0.4126506024096386
IND_FUA_08497,Kannur,top10_cells,representation_absolute_effect,12191,10,0.43150447359426614,0.1096087206727889,-0.008936679627257332,2,0.2
IND_FUA_08497,Kannur,top10_cells,standard_g_times_h,12191,10,0.2121859462471491,0.31669869397725287,-0.004394480101729388,2,0.2
IND_FUA_08497,Kannur,top1pct_cells,representation_absolute_effect,12191,122,0.7832499704913818,0.18815731200778055,-0.007303844529101525,26,0.21311475409836064
IND_FUA_08497,Kannur,top1pct_cells,standard_g_times_h,12191,122,0.5288535714904917,0.8667276985946819,-0.010495596027242156,26,0.21311475409836064
IND_FUA_08497,Kannur,top10pct_cells,representation_absolute_effect,12191,1220,1.0000000000000002,0.22141239878931265,-0.004748992796052174,90,0.07377049180327869
IND_FUA_08497,Kannur,top10pct_cells,standard_g_times_h,12191,1220,0.5719466279508045,0.999956993098692,-0.010795240496939681,90,0.07377049180327869
IND_FUA_08587,Hardoi,top10_cells,representation_absolute_effect,1506,10,,,0.0,10,1.0
IND_FUA_08587,Hardoi,top10_cells,standard_g_times_h,1506,10,,,0.0,10,1.0
IND_FUA_08587,Hardoi,top1pct_cells,representation_absolute_effect,1506,16,,,0.0,16,1.0
IND_FUA_08587,Hardoi,top1pct_cells,standard_g_times_h,1506,16,,,0.0,16,1.0
IND_FUA_08587,Hardoi,top10pct_cells,representation_absolute_effect,1506,151,,,0.0,151,1.0
IND_FUA_08587,Hardoi,top10pct_cells,standard_g_times_h,1506,151,,,0.0,151,1.0
IND_FUA_08595,Thalassery,top10_cells,representation_absolute_effect,13584,10,0.19930457699917498,0.05405598047250549,4.4123742549853756e-05,1,0.1
IND_FUA_08595,Thalassery,top10_cells,standard_g_times_h,13584,10,0.07662544365794774,0.6028625373867885,-0.00014339521488827763,1,0.1
IND_FUA_08595,Thalassery,top1pct_cells,representation_absolute_effect,13584,136,0.7354490726044682,0.05609029643182209,0.0008073354816299619,4,0.029411764705882353
IND_FUA_08595,Thalassery,top1pct_cells,standard_g_times_h,13584,136,0.09571925820077583,0.9932337589820696,-0.00017912697066939755,4,0.029411764705882353
IND_FUA_08595,Thalassery,top10pct_cells,representation_absolute_effect,13584,1359,1.0,0.056201064494056985,0.0010633977697925335,669,0.4922737306843267
IND_FUA_08595,Thalassery,top10pct_cells,standard_g_times_h,13584,1359,0.12079486436833389,1.0,-0.0001385220646697221,669,0.4922737306843267
IND_FUA_08673,Kozhikode,top10_cells,representation_absolute_effect,17074,10,0.3505148877092726,0.1432106489519328,-0.01054637027128427,3,0.3
IND_FUA_08673,Kozhikode,top10_cells,standard_g_times_h,17074,10,0.15583373023604355,0.2732189361011096,-0.009700880308078488,3,0.3
IND_FUA_08673,Kozhikode,top1pct_cells,representation_absolute_effect,17074,171,0.7777191582756977,0.3219417110920666,-0.002521160615157397,44,0.2573099415204678
IND_FUA_08673,Kozhikode,top1pct_cells,standard_g_times_h,17074,171,0.5010759285468742,0.8817084246861587,-0.015246772556264188,44,0.2573099415204678
IND_FUA_08673,Kozhikode,top10pct_cells,representation_absolute_effect,17074,1708,1.0,0.3826772328947628,0.003193300696034927,438,0.25644028103044497
IND_FUA_08673,Kozhikode,top10pct_cells,standard_g_times_h,17074,1708,0.5315811437893726,1.0,-0.01518424553487881,438,0.25644028103044497
IND_FUA_08674,Guruvayur,top10_cells,representation_absolute_effect,31008,10,0.25339963147955474,0.045297771077383926,-0.0035774892970598282,2,0.2
IND_FUA_08674,Guruvayur,top10_cells,standard_g_times_h,31008,10,0.10872636524788791,0.19521290393453203,-0.003294255692859117,2,0.2
IND_FUA_08674,Guruvayur,top1pct_cells,representation_absolute_effect,31008,311,0.8029753555176393,0.11570888072182381,0.004034333270221372,38,0.12218649517684887
IND_FUA_08674,Guruvayur,top1pct_cells,standard_g_times_h,31008,311,0.3043043312497607,0.7980584351010002,-0.00668882949220963,38,0.12218649517684887
IND_FUA_08674,Guruvayur,top10pct_cells,representation_absolute_effect,31008,3101,1.0,0.2309035793069909,0.005701549231586653,572,0.18445662689455014
IND_FUA_08674,Guruvayur,top10pct_cells,standard_g_times_h,31008,3101,0.3778898326910544,0.9990248197433891,-0.006020261496269456,572,0.18445662689455014
IND_FUA_08675,Malappuram,top10_cells,representation_absolute_effect,17836,10,0.5166843034141889,0.12376925283840619,-0.029905681165532168,3,0.3
IND_FUA_08675,Malappuram,top10_cells,standard_g_times_h,17836,10,0.2974175490834635,0.24180832265492644,-0.02003332332206509,3,0.3
IND_FUA_08675,Malappuram,top1pct_cells,representation_absolute_effect,17836,179,0.9983617304199525,0.22214579119479197,-0.021694991062970747,35,0.19553072625698323
IND_FUA_08675,Malappuram,top1pct_cells,standard_g_times_h,17836,179,0.6518478757360614,0.8131725783884084,-0.03827225128593908,35,0.19553072625698323
IND_FUA_08675,Malappuram,top10pct_cells,representation_absolute_effect,17836,1784,0.9999999999999998,0.47067390175265467,-0.02172559945673357,631,0.3536995515695067
IND_FUA_08675,Malappuram,top10pct_cells,standard_g_times_h,17836,1784,0.6581417943049876,1.0,-0.03803440329056735,631,0.3536995515695067
IND_FUA_08686,Lakhimpur,top10_cells,representation_absolute_effect,1395,10,0.1552835723147873,0.0,0.0001172888163270054,0,0.0
IND_FUA_08686,Lakhimpur,top10_cells,standard_g_times_h,1395,10,0.0,0.9758769442531515,0.0,0,0.0
IND_FUA_08686,Lakhimpur,top1pct_cells,representation_absolute_effect,1395,14,0.20414117263731,0.0,0.00011767973990123743,0,0.0
IND_FUA_08686,Lakhimpur,top1pct_cells,standard_g_times_h,1395,14,0.002452134295226275,0.9905229021468656,-1.8521465257053287e-06,0,0.0
IND_FUA_08686,Lakhimpur,top10pct_cells,representation_absolute_effect,1395,140,0.7808139540914522,0.003636420543413782,0.0004384369440474028,13,0.09285714285714286
IND_FUA_08686,Lakhimpur,top10pct_cells,standard_g_times_h,1395,140,0.10001300770824544,1.0,4.812176962040991e-05,13,0.09285714285714286
IND_FUA_08722,Kanpur,top10_cells,representation_absolute_effect,16088,10,0.13776038916951325,0.023473428031120524,-0.0004695079296304302,0,0.0
IND_FUA_08722,Kanpur,top10_cells,standard_g_times_h,16088,10,0.0021466678894564908,0.0498464979069668,1.8493611918182145e-05,0,0.0
IND_FUA_08722,Kanpur,top1pct_cells,representation_absolute_effect,16088,161,0.5143966989874273,0.12898354764922468,-0.0022932545427426414,19,0.11801242236024845
IND_FUA_08722,Kanpur,top1pct_cells,standard_g_times_h,16088,161,0.1558596449517162,0.4209252580539442,-0.0003589361677326297,19,0.11801242236024845
IND_FUA_08722,Kanpur,top10pct_cells,representation_absolute_effect,16088,1609,0.9451910490160037,0.21141350037958895,-0.0006754617637307746,369,0.2293349906774394
IND_FUA_08722,Kanpur,top10pct_cells,standard_g_times_h,16088,1609,0.5687273189297634,0.983669140987493,-0.003009823039208797,369,0.2293349906774394
IND_FUA_08848,Lucknow,top10_cells,representation_absolute_effect,32621,10,0.07741629705960161,0.014923598086125109,-0.0012302791245040732,0,0.0
IND_FUA_08848,Lucknow,top10_cells,standard_g_times_h,32621,10,0.0,0.05176239074499821,0.0,0,0.0
IND_FUA_08848,Lucknow,top1pct_cells,representation_absolute_effect,32621,327,0.4510006379736772,0.1273857837079596,-0.0032840592767233723,43,0.13149847094801223
IND_FUA_08848,Lucknow,top1pct_cells,standard_g_times_h,32621,327,0.1481925416595428,0.6309360615121936,-0.0017825889129270734,43,0.13149847094801223
IND_FUA_08848,Lucknow,top10pct_cells,representation_absolute_effect,32621,3263,0.9399713666728609,0.19054215554295817,0.0026606725632380844,487,0.1492491572172847
IND_FUA_08848,Lucknow,top10pct_cells,standard_g_times_h,32621,3263,0.4154355443933378,0.9999707612632907,-0.005212565137496874,487,0.1492491572172847
IND_FUA_08896,Mysuru,top10_cells,representation_absolute_effect,6711,10,0.16146531694705354,0.0,4.410157158870721e-06,0,0.0
IND_FUA_08896,Mysuru,top10_cells,standard_g_times_h,6711,10,0.0,0.9667454799323191,0.0,0,0.0
IND_FUA_08896,Mysuru,top1pct_cells,representation_absolute_effect,6711,68,0.5839335140155603,0.0,2.2266327332975446e-05,0,0.0
IND_FUA_08896,Mysuru,top1pct_cells,standard_g_times_h,6711,68,0.0017161423536372871,1.0,7.390266061696001e-08,0,0.0
IND_FUA_08896,Mysuru,top10pct_cells,representation_absolute_effect,6711,672,0.9998145550022923,0.0003794318108133781,3.430059760881589e-05,48,0.07142857142857142
IND_FUA_08896,Mysuru,top10pct_cells,standard_g_times_h,6711,672,0.03318452560234799,1.0,1.2781311415887532e-06,48,0.07142857142857142
IND_FUA_08900,Kochi,top10_cells,representation_absolute_effect,43115,10,0.13665175337070454,0.046411361289775126,-0.00270724527539862,2,0.2
IND_FUA_08900,Kochi,top10_cells,standard_g_times_h,43115,10,0.028003452225282447,0.13340188668907582,0.0014946411303604508,2,0.2
IND_FUA_08900,Kochi,top1pct_cells,representation_absolute_effect,43115,432,0.5990816311097966,0.2519129684849811,-0.005946306390516235,112,0.25925925925925924
IND_FUA_08900,Kochi,top1pct_cells,standard_g_times_h,43115,432,0.35517620760528734,0.7181760656024276,-0.011734153090508952,112,0.25925925925925924
IND_FUA_08900,Kochi,top10pct_cells,representation_absolute_effect,43115,4312,0.9943987707370587,0.3630919455960117,0.002809208575167157,563,0.13056586270871987
IND_FUA_08900,Kochi,top10pct_cells,standard_g_times_h,43115,4312,0.41965632424443083,0.9931950355367608,-0.013042706219153799,563,0.13056586270871987
IND_FUA_08952,Nagpur,top10_cells,representation_absolute_effect,11695,10,0.782460168554148,0.1680559163190218,-0.00021526597595311245,3,0.3
IND_FUA_08952,Nagpur,top10_cells,standard_g_times_h,11695,10,0.49153490323880583,0.7205378235959483,-0.00014261858150047346,3,0.3
IND_FUA_08952,Nagpur,top1pct_cells,representation_absolute_effect,11695,117,0.8766541034431378,0.20199434187975507,-0.00020288219462282056,15,0.1282051282051282
IND_FUA_08952,Nagpur,top1pct_cells,standard_g_times_h,11695,117,0.8053449211784426,0.9995915545809277,-0.0002189948380354064,15,0.1282051282051282
IND_FUA_08952,Nagpur,top10pct_cells,representation_absolute_effect,11695,1170,0.9947061453466205,0.20443582514587844,-0.00018071764111422982,87,0.07435897435897436
IND_FUA_08952,Nagpur,top10pct_cells,standard_g_times_h,11695,1170,0.8149161818713612,1.0,-0.00021651685746356772,87,0.07435897435897436
IND_FUA_08997,Kollam,top10_cells,representation_absolute_effect,17642,10,0.13454925253760208,0.02918628895140105,-0.002129339308159658,1,0.1
IND_FUA_08997,Kollam,top10_cells,standard_g_times_h,17642,10,0.020099559837803874,0.13876202628209736,-0.00042970961995445064,1,0.1
IND_FUA_08997,Kollam,top1pct_cells,representation_absolute_effect,17642,177,0.6402487856528422,0.08553047793488854,0.002187113634697225,26,0.14689265536723164
IND_FUA_08997,Kollam,top1pct_cells,standard_g_times_h,17642,177,0.20595507042128414,0.636680621842345,-0.004080983956579971,26,0.14689265536723164
IND_FUA_08997,Kollam,top10pct_cells,representation_absolute_effect,17642,1765,1.0,0.20897686543522134,0.005027182618848376,224,0.12691218130311616
IND_FUA_08997,Kollam,top10pct_cells,standard_g_times_h,17642,1765,0.2535199877961568,0.978046053632685,-0.004281664477753307,224,0.12691218130311616
IND_FUA_09007,Jabalpur,top10_cells,representation_absolute_effect,5733,10,0.4723491052390744,0.30274633939315027,-0.0009169371436073361,3,0.3
IND_FUA_09007,Jabalpur,top10_cells,standard_g_times_h,5733,10,0.13139317251885727,0.5025493777515553,-0.0002745603103742819,3,0.3
IND_FUA_09007,Jabalpur,top1pct_cells,representation_absolute_effect,5733,58,0.6939928739138772,0.3643392530453793,-0.0008363166653836146,18,0.3103448275862069
IND_FUA_09007,Jabalpur,top1pct_cells,standard_g_times_h,5733,58,0.5594018670748465,0.9492534734030397,-0.0010604138564559989,18,0.3103448275862069
IND_FUA_09007,Jabalpur,top10pct_cells,representation_absolute_effect,5733,574,0.9848269811304307,0.3898656440939968,-0.0005106793635512784,53,0.09233449477351917
IND_FUA_09007,Jabalpur,top10pct_cells,standard_g_times_h,5733,574,0.5793365427613595,1.0,-0.0010507294538684797,53,0.09233449477351917
IND_FUA_09013,Ettumanoor,top10_cells,representation_absolute_effect,19960,10,0.28862215563447197,0.0512193760911539,-0.01051895197277914,2,0.2
IND_FUA_09013,Ettumanoor,top10_cells,standard_g_times_h,19960,10,0.12154562797442472,0.12228729685986504,-0.004429779898059743,2,0.2
IND_FUA_09013,Ettumanoor,top1pct_cells,representation_absolute_effect,19960,200,0.8502764615336587,0.1350703084963147,0.0006180346714983621,35,0.175
IND_FUA_09013,Ettumanoor,top1pct_cells,standard_g_times_h,19960,200,0.41141578690633873,0.624283691147262,-0.012837785900830411,35,0.175
IND_FUA_09013,Ettumanoor,top10pct_cells,representation_absolute_effect,19960,1996,1.0000000000000004,0.182015938298929,0.002992296211909335,139,0.06963927855711423
IND_FUA_09013,Ettumanoor,top10pct_cells,standard_g_times_h,19960,1996,0.45167534380335456,0.9849804575301665,-0.013083828310402659,139,0.06963927855711423
IND_FUA_09045,Hyderabad,top10_cells,representation_absolute_effect,42869,10,0.5361653547750154,0.24636973983646773,-0.0007643371379866952,5,0.5
IND_FUA_09045,Hyderabad,top10_cells,standard_g_times_h,42869,10,0.3815872351878578,0.38690394268934547,-0.00047407868190834545,5,0.5
IND_FUA_09045,Hyderabad,top1pct_cells,representation_absolute_effect,42869,429,0.8593027451423296,0.525406606732717,-0.0010319803494426398,78,0.18181818181818182
IND_FUA_09045,Hyderabad,top1pct_cells,standard_g_times_h,42869,429,0.798662264180674,1.0,-0.0011037394370076216,78,0.18181818181818182
IND_FUA_09045,Hyderabad,top10pct_cells,representation_absolute_effect,42869,4287,0.9876802306558734,0.5367194337786593,-0.0009112390610663762,323,0.07534406344763238
IND_FUA_09045,Hyderabad,top10pct_cells,standard_g_times_h,42869,4287,0.8112964267606122,1.0,-0.0010901660804682192,323,0.07534406344763238
IND_FUA_09069,Coimbatore,top10_cells,representation_absolute_effect,24442,10,0.8920606306214419,0.4096782675234373,-0.00018871331986104056,7,0.7
IND_FUA_09069,Coimbatore,top10_cells,standard_g_times_h,24442,10,0.8208395915746193,0.7724760843612285,-0.0001736466772348374,7,0.7
IND_FUA_09069,Coimbatore,top1pct_cells,representation_absolute_effect,24442,245,0.9432186161967285,0.47773759805024074,-0.00018546167756159938,15,0.061224489795918366
IND_FUA_09069,Coimbatore,top1pct_cells,standard_g_times_h,24442,245,0.9102247853477246,1.0,-0.0001907651206250758,15,0.061224489795918366
IND_FUA_09069,Coimbatore,top10pct_cells,representation_absolute_effect,24442,2445,0.9979543298016682,0.47823762176447315,-0.00017815432118219946,148,0.06053169734151329
IND_FUA_09069,Coimbatore,top10pct_cells,standard_g_times_h,24442,2445,0.915206794755017,1.0,-0.0001901770970129101,148,0.06053169734151329
IND_FUA_09099,Bengaluru,top10_cells,representation_absolute_effect,55230,10,0.41420424291849306,0.0786375928786292,-5.136346417532074e-05,1,0.1
IND_FUA_09099,Bengaluru,top10_cells,standard_g_times_h,55230,10,0.09442476088591117,0.28240210094538243,-1.677525398909163e-05,1,0.1
IND_FUA_09099,Bengaluru,top1pct_cells,representation_absolute_effect,55230,553,0.6977726974313204,0.14894983665745282,-3.717384569555951e-05,30,0.054249547920433995
IND_FUA_09099,Bengaluru,top1pct_cells,standard_g_times_h,55230,553,0.49710338835672835,1.0,-5.7888133176119565e-05,30,0.054249547920433995
IND_FUA_09099,Bengaluru,top10pct_cells,representation_absolute_effect,55230,5523,0.9951580536779068,0.14938814286412425,-1.0411297875511731e-05,308,0.05576679340937896
IND_FUA_09099,Bengaluru,top10pct_cells,standard_g_times_h,55230,5523,0.5209645268361265,1.0,-5.476632550276809e-05,308,0.05576679340937896
IND_FUA_09129,Gonda,top10_cells,representation_absolute_effect,2049,10,0.8162813010874399,0.18555162513542753,-5.2415488551716266e-05,3,0.3
IND_FUA_09129,Gonda,top10_cells,standard_g_times_h,2049,10,0.7477374257326478,0.8677216594370987,-5.470908077127794e-05,3,0.3
IND_FUA_09129,Gonda,top1pct_cells,representation_absolute_effect,2049,21,0.8618244954742658,0.18555162513542753,-5.015493211011184e-05,3,0.14285714285714285
IND_FUA_09129,Gonda,top1pct_cells,standard_g_times_h,2049,21,0.7477374257326477,0.9698091973893265,-5.470908077127793e-05,3,0.14285714285714285
IND_FUA_09129,Gonda,top10pct_cells,representation_absolute_effect,2049,205,0.9991883456763907,0.18555162513542753,-4.359572750846833e-05,3,0.014634146341463415
IND_FUA_09129,Gonda,top10pct_cells,standard_g_times_h,2049,205,0.7477374257326477,1.0,-5.470908077127793e-05,3,0.014634146341463415
IND_FUA_09157,Thiruvananthapuram,top10_cells,representation_absolute_effect,15270,10,0.46186222642979,0.4473007888041147,0.00027073413809639946,6,0.6
IND_FUA_09157,Thiruvananthapuram,top10_cells,standard_g_times_h,15270,10,0.3832011051929426,0.6210142910881284,0.00039402771503492144,6,0.6
IND_FUA_09157,Thiruvananthapuram,top1pct_cells,representation_absolute_effect,15270,153,0.6986092573589664,0.5503219327246238,0.00047961360494398124,25,0.16339869281045752
IND_FUA_09157,Thiruvananthapuram,top1pct_cells,standard_g_times_h,15270,153,0.5454537861808412,0.995558960903109,0.00018056112452177064,25,0.16339869281045752
IND_FUA_09157,Thiruvananthapuram,top10pct_cells,representation_absolute_effect,15270,1527,0.9804498997549557,0.557392802636808,0.0008488407524010734,89,0.058284217419777344
IND_FUA_09157,Thiruvananthapuram,top10pct_cells,standard_g_times_h,15270,1527,0.5606986242528733,1.0,0.00020643800634772847,89,0.058284217419777344
IND_FUA_09165,Tiruppur,top10_cells,representation_absolute_effect,16112,10,0.5547644362770384,0.2805606515708457,-0.0002984049101684019,6,0.6
IND_FUA_09165,Tiruppur,top10_cells,standard_g_times_h,16112,10,0.4738981260929976,0.6619253095282936,-0.00027205788263669634,6,0.6
IND_FUA_09165,Tiruppur,top1pct_cells,representation_absolute_effect,16112,162,0.7394510423819639,0.4143509699469934,-0.0002586656149856042,27,0.16666666666666666
IND_FUA_09165,Tiruppur,top1pct_cells,standard_g_times_h,16112,162,0.619967529210349,1.0,-0.00032023814574038946,27,0.16666666666666666
IND_FUA_09165,Tiruppur,top10pct_cells,representation_absolute_effect,16112,1612,0.9912369471885031,0.4230207142059748,-0.0001420448939135001,130,0.08064516129032258
IND_FUA_09165,Tiruppur,top10pct_cells,standard_g_times_h,16112,1612,0.6495050427754833,1.0,-0.0003020870639942719,130,0.08064516129032258
IND_FUA_09195,Faizabad,top10_cells,representation_absolute_effect,5883,10,0.18768295837533053,0.052501761453277083,-0.002720198317689659,1,0.1
IND_FUA_09195,Faizabad,top10_cells,standard_g_times_h,5883,10,0.026059951058552244,0.13367291504177423,-0.00037770203348343195,1,0.1
IND_FUA_09195,Faizabad,top1pct_cells,representation_absolute_effect,5883,59,0.43245617120942165,0.13833865488574001,-0.003469690456048432,13,0.22033898305084745
IND_FUA_09195,Faizabad,top1pct_cells,standard_g_times_h,5883,59,0.18142612636278285,0.4278035342113134,-0.0024005771512463363,13,0.22033898305084745
IND_FUA_09195,Faizabad,top10pct_cells,representation_absolute_effect,5883,589,0.9429300005031057,0.22206717243345583,-0.00023479320059685842,134,0.22750424448217318
IND_FUA_09195,Faizabad,top10pct_cells,standard_g_times_h,5883,589,0.47992273380723555,0.971223468037356,-0.005661399577445207,134,0.22750424448217318
IND_FUA_09258,Sultanpur,top10_cells,representation_absolute_effect,3860,10,0.17500407683233707,0.03298864468042036,-0.005040645791230551,0,0.0
IND_FUA_09258,Sultanpur,top10_cells,standard_g_times_h,3860,10,0.0,0.15842153321546049,0.0,0,0.0
IND_FUA_09258,Sultanpur,top1pct_cells,representation_absolute_effect,3860,39,0.3849748768750086,0.06864205231718583,-0.0048224196096593695,1,0.02564102564102564
IND_FUA_09258,Sultanpur,top1pct_cells,standard_g_times_h,3860,39,0.029068956274942468,0.4169737465379345,-0.0009991594567014357,1,0.02564102564102564
IND_FUA_09258,Sultanpur,top10pct_cells,representation_absolute_effect,3860,386,0.9674194380387232,0.12621525163160324,0.00798940599211915,61,0.15803108808290156
IND_FUA_09258,Sultanpur,top10pct_cells,standard_g_times_h,3860,386,0.3740077553136818,0.9856729400880472,-0.010338250539219692,61,0.15803108808290156
IND_FUA_09266,Erode,top10_cells,representation_absolute_effect,15992,10,0.7524285057677592,0.40167384943900986,-0.003147580061804566,5,0.5
IND_FUA_09266,Erode,top10_cells,standard_g_times_h,15992,10,0.46596013669289404,0.5090031268000627,-0.001949217533104695,5,0.5
IND_FUA_09266,Erode,top1pct_cells,representation_absolute_effect,15992,160,0.9551019146353229,0.5295269234757349,-0.0034980460404018285,29,0.18125
IND_FUA_09266,Erode,top1pct_cells,standard_g_times_h,15992,160,0.8919408978296962,0.9950017124165399,-0.003730494753181763,29,0.18125
IND_FUA_09266,Erode,top10pct_cells,representation_absolute_effect,15992,1600,1.0000000000000002,0.5375146718223481,-0.0033524431622847144,612,0.3825
IND_FUA_09266,Erode,top10pct_cells,standard_g_times_h,15992,1600,0.8929443423495956,1.0,-0.0037283879883373513,612,0.3825
IND_FUA_09282,Prayagraj,top10_cells,representation_absolute_effect,6168,10,0.41171340587424493,0.16280153685112872,-0.00971621031540345,4,0.4
IND_FUA_09282,Prayagraj,top10_cells,standard_g_times_h,6168,10,0.21620891602109332,0.2248244604699985,-0.005999311330930911,4,0.4
IND_FUA_09282,Prayagraj,top1pct_cells,representation_absolute_effect,6168,62,0.7446039883836778,0.43179964796714226,-0.015895495961921264,34,0.5483870967741935
IND_FUA_09282,Prayagraj,top1pct_cells,standard_g_times_h,6168,62,0.6045363594577509,0.6899217754963126,-0.012415857239764268,34,0.5483870967741935
IND_FUA_09282,Prayagraj,top10pct_cells,representation_absolute_effect,6168,617,0.9788580084095624,0.532219756111986,-0.012933325339735423,165,0.26742301458670986
IND_FUA_09282,Prayagraj,top10pct_cells,standard_g_times_h,6168,617,0.810378665131472,0.9941676146330796,-0.016773340147621194,165,0.26742301458670986
IND_FUA_09368,Salem,top10_cells,representation_absolute_effect,17269,10,,0.0,0.0,1,0.1
IND_FUA_09368,Salem,top10_cells,standard_g_times_h,17269,10,,1.0,0.0,1,0.1
IND_FUA_09368,Salem,top1pct_cells,representation_absolute_effect,17269,173,,0.0,0.0,164,0.9479768786127167
IND_FUA_09368,Salem,top1pct_cells,standard_g_times_h,17269,173,,1.0,0.0,164,0.9479768786127167
IND_FUA_09368,Salem,top10pct_cells,representation_absolute_effect,17269,1727,,0.0,0.0,1718,0.9947886508396062
IND_FUA_09368,Salem,top10pct_cells,standard_g_times_h,17269,1727,,1.0,0.0,1718,0.9947886508396062
IND_FUA_09444,Madurai,top10_cells,representation_absolute_effect,6655,10,0.41587852795423075,0.10824431989293821,-0.006339325349526679,3,0.3
IND_FUA_09444,Madurai,top10_cells,standard_g_times_h,6655,10,0.18605024216496463,0.17452646725577775,-0.0028360036336661735,3,0.3
IND_FUA_09444,Madurai,top1pct_cells,representation_absolute_effect,6655,67,0.798322741029963,0.23554074416934098,-0.007974264369513078,21,0.31343283582089554
IND_FUA_09444,Madurai,top1pct_cells,standard_g_times_h,6655,67,0.5300600006229955,0.5510317893065394,-0.0075673810540735735,21,0.31343283582089554
IND_FUA_09444,Madurai,top10pct_cells,representation_absolute_effect,6655,666,0.9999999999999999,0.3088760120718904,-0.006909367688432766,120,0.18018018018018017
IND_FUA_09444,Madurai,top10pct_cells,standard_g_times_h,6655,666,0.7308240106946281,0.9903170595981207,-0.009936438386370426,120,0.18018018018018017
IND_FUA_09500,Gorakhpur,top10_cells,representation_absolute_effect,10020,10,0.16942434338393214,0.027263488434867422,-0.0012581834629108903,1,0.1
IND_FUA_09500,Gorakhpur,top10_cells,standard_g_times_h,10020,10,0.018949526148717026,0.07354453445908873,0.0004691857112653953,1,0.1
IND_FUA_09500,Gorakhpur,top1pct_cells,representation_absolute_effect,10020,101,0.5916338779785785,0.08169453361816383,-0.0005851370054259128,15,0.1485148514851485
IND_FUA_09500,Gorakhpur,top1pct_cells,standard_g_times_h,10020,101,0.18471863376644293,0.3305419956914441,-0.0006714575982186924,15,0.1485148514851485
IND_FUA_09500,Gorakhpur,top10pct_cells,representation_absolute_effect,10020,1002,1.0,0.174024064156783,0.0018743699171865022,187,0.18662674650698602
IND_FUA_09500,Gorakhpur,top10pct_cells,standard_g_times_h,10020,1002,0.5024608695251032,0.8621620467066444,-0.0066002213703235816,187,0.18662674650698602
IND_FUA_09544,Tiruchirappalli,top10_cells,representation_absolute_effect,6278,10,0.21319060868187703,0.025716860621875823,-0.004918816904556602,0,0.0
IND_FUA_09544,Tiruchirappalli,top10_cells,standard_g_times_h,6278,10,0.0,0.10533061562830823,0.0,0,0.0
IND_FUA_09544,Tiruchirappalli,top1pct_cells,representation_absolute_effect,6278,63,0.5197193730333796,0.04616872298642947,-5.51433973180368e-05,5,0.07936507936507936
IND_FUA_09544,Tiruchirappalli,top1pct_cells,standard_g_times_h,6278,63,0.12623382261794308,0.36391899790299675,-0.004553739786833462,5,0.07936507936507936
IND_FUA_09544,Tiruchirappalli,top10pct_cells,representation_absolute_effect,6278,628,0.9945228240449578,0.11025506993066485,0.010964457059830231,78,0.12420382165605096
IND_FUA_09544,Tiruchirappalli,top10pct_cells,standard_g_times_h,6278,628,0.31614970438109447,0.931470041621105,-0.011537892248711934,78,0.12420382165605096
IND_FUA_09562,Varanasi,top10_cells,representation_absolute_effect,42037,10,0.21158588471368384,0.0404631904395143,-0.004534848869304414,1,0.1
IND_FUA_09562,Varanasi,top10_cells,standard_g_times_h,42037,10,0.053564946911684765,0.08610853819509356,-0.0011480394321459907,1,0.1
IND_FUA_09562,Varanasi,top1pct_cells,representation_absolute_effect,42037,421,0.8010410934414268,0.2341468472975195,-0.010673190272721624,121,0.28741092636579574
IND_FUA_09562,Varanasi,top1pct_cells,standard_g_times_h,42037,421,0.6217615086146345,0.6957269793608163,-0.011890652947280684,121,0.28741092636579574
IND_FUA_09562,Varanasi,top10pct_cells,representation_absolute_effect,42037,4204,0.9999999999999999,0.35053615615965145,-0.008248107304242441,890,0.21170313986679354
IND_FUA_09562,Varanasi,top10pct_cells,standard_g_times_h,42037,4204,0.7266940917352308,0.9851402901556368,-0.012860868070440144,890,0.21170313986679354
IND_FUA_09564,Durg,top10_cells,representation_absolute_effect,3674,10,0.36717794815931587,0.18971559296901902,-0.012110714069499231,4,0.4
IND_FUA_09564,Durg,top10_cells,standard_g_times_h,3674,10,0.19073000074285434,0.33960528931182804,-0.005625381409083161,4,0.4
IND_FUA_09564,Durg,top1pct_cells,representation_absolute_effect,3674,37,0.5742029773341245,0.34450786639638303,-0.01371699383344386,16,0.43243243243243246
IND_FUA_09564,Durg,top1pct_cells,standard_g_times_h,3674,37,0.3901155261346679,0.6736538379354571,-0.011689994508399325,16,0.43243243243243246
IND_FUA_09564,Durg,top10pct_cells,representation_absolute_effect,3674,368,0.9380888605075759,0.4215078852857758,-0.005011877589807824,51,0.13858695652173914
IND_FUA_09564,Durg,top10pct_cells,standard_g_times_h,3674,368,0.5311407368275659,0.9968822486433632,-0.0161028591033325,51,0.13858695652173914
IND_FUA_09570,Vellore,top10_cells,representation_absolute_effect,9604,10,0.332130748297517,0.09072470118420971,-0.008284326404774361,2,0.2
IND_FUA_09570,Vellore,top10_cells,standard_g_times_h,9604,10,0.16523246451612575,0.2035684794338197,-0.004121387964629822,2,0.2
IND_FUA_09570,Vellore,top1pct_cells,representation_absolute_effect,9604,97,0.7222191752559189,0.28093983048911686,-0.01138246732213225,31,0.31958762886597936
IND_FUA_09570,Vellore,top1pct_cells,standard_g_times_h,9604,97,0.5079403255236536,0.6558691197146466,-0.01110447614319923,31,0.31958762886597936
IND_FUA_09570,Vellore,top10pct_cells,representation_absolute_effect,9604,961,0.9999966347444385,0.36745043248989745,-0.007849468506387791,197,0.20499479708636836
IND_FUA_09570,Vellore,top10pct_cells,standard_g_times_h,9604,961,0.6712809752795831,0.9930099179654284,-0.014521407444809764,197,0.20499479708636836
IND_FUA_09620,Raipur,top10_cells,representation_absolute_effect,8514,10,0.21043514106478362,0.09172944955861373,-0.0008883032536697147,3,0.3
IND_FUA_09620,Raipur,top10_cells,standard_g_times_h,8514,10,0.06668315935746807,0.23031837999771565,0.00011365920146441726,3,0.3
IND_FUA_09620,Raipur,top1pct_cells,representation_absolute_effect,8514,86,0.4937640863987248,0.20450133181344235,-0.0010234608577304252,16,0.18604651162790697
IND_FUA_09620,Raipur,top1pct_cells,standard_g_times_h,8514,86,0.2525093906842403,0.7135083488729054,-0.0010352983544226948,16,0.18604651162790697
IND_FUA_09620,Raipur,top10pct_cells,representation_absolute_effect,8514,852,0.9220812684813996,0.23038423438010538,0.0005541781529182926,79,0.09272300469483569
IND_FUA_09620,Raipur,top10pct_cells,standard_g_times_h,8514,852,0.39617226048581805,0.9999363876311352,-0.001869755810893035,79,0.09272300469483569
IND_FUA_09710,Bilaspur,top10_cells,representation_absolute_effect,5589,10,0.6585192433676451,0.16854718107125014,-0.0011311698473301204,3,0.3
IND_FUA_09710,Bilaspur,top10_cells,standard_g_times_h,5589,10,0.45637641976567067,0.43175117683096653,-0.0007297240824341577,3,0.3
IND_FUA_09710,Bilaspur,top1pct_cells,representation_absolute_effect,5589,56,0.8099581640275701,0.19795930855765423,-0.0009721916885126275,11,0.19642857142857142
IND_FUA_09710,Bilaspur,top1pct_cells,standard_g_times_h,5589,56,0.6383891841689701,0.8478864722076581,-0.0010492416221999275,11,0.19642857142857142
IND_FUA_09710,Bilaspur,top10pct_cells,representation_absolute_effect,5589,559,0.9985815105449298,0.20639533545216646,-0.0006429027073399558,42,0.07513416815742398
IND_FUA_09710,Bilaspur,top10pct_cells,standard_g_times_h,5589,559,0.7017430495736676,1.0,-0.001187049101502005,42,0.07513416815742398
IND_FUA_09782,Kuchai Kot,top10_cells,representation_absolute_effect,18289,10,0.21564580779086018,0.00762489885053229,-6.062262888119864e-05,0,0.0
IND_FUA_09782,Kuchai Kot,top10_cells,standard_g_times_h,18289,10,0.0,0.07689337684295236,0.0,0,0.0
IND_FUA_09782,Kuchai Kot,top1pct_cells,representation_absolute_effect,18289,183,0.9534948408430796,0.027092931062894045,0.0004874307762826119,5,0.0273224043715847
IND_FUA_09782,Kuchai Kot,top1pct_cells,standard_g_times_h,18289,183,0.04573371125605456,0.4821747972299422,-6.803827207487996e-05,5,0.0273224043715847
IND_FUA_09782,Kuchai Kot,top10pct_cells,representation_absolute_effect,18289,1829,1.0,0.13135176043877947,0.0005026764002658094,174,0.09513395297977037
IND_FUA_09782,Kuchai Kot,top10pct_cells,standard_g_times_h,18289,1829,0.25717797009717597,0.9547076990096646,-0.00035595396709139,174,0.09513395297977037
IND_FUA_09794,Vijayawada,top10_cells,representation_absolute_effect,5007,10,0.13242350270018297,0.023439261642325775,-0.0014217964708607054,0,0.0
IND_FUA_09794,Vijayawada,top10_cells,standard_g_times_h,5007,10,0.0,0.045552313612526124,0.0,0,0.0
IND_FUA_09794,Vijayawada,top1pct_cells,representation_absolute_effect,5007,51,0.3516783079398467,0.0641744532389741,-0.005621322342703113,6,0.11764705882352941
IND_FUA_09794,Vijayawada,top1pct_cells,standard_g_times_h,5007,51,0.07623548399268824,0.18859338293827127,-0.0010195615824330267,6,0.11764705882352941
IND_FUA_09794,Vijayawada,top10pct_cells,representation_absolute_effect,5007,501,0.8826122486063016,0.21470337637984016,-0.003411233834837703,125,0.249500998003992
IND_FUA_09794,Vijayawada,top10pct_cells,standard_g_times_h,5007,501,0.4305697399715193,0.7495894973139525,-0.009908083543012513,125,0.249500998003992
IND_FUA_09834,Puducherry,top10_cells,representation_absolute_effect,3585,10,0.33171067580876323,0.10900016340835514,-0.016290362813691176,2,0.2
IND_FUA_09834,Puducherry,top10_cells,standard_g_times_h,3585,10,0.06573364006688005,0.21833521549472887,-0.0009074667181836215,2,0.2
IND_FUA_09834,Puducherry,top1pct_cells,representation_absolute_effect,3585,36,0.6164596716237316,0.18240612638075926,-0.011114008337250713,12,0.3333333333333333
IND_FUA_09834,Puducherry,top1pct_cells,standard_g_times_h,3585,36,0.36256722319177487,0.4725413424800109,-0.021095063037034827,12,0.3333333333333333
IND_FUA_09834,Puducherry,top10pct_cells,representation_absolute_effect,3585,359,0.9993981645857452,0.3778015897907342,-0.0006750706230702148,97,0.27019498607242337
IND_FUA_09834,Puducherry,top10pct_cells,standard_g_times_h,3585,359,0.5493251659344669,0.9547703391562061,-0.03023757874373362,97,0.27019498607242337
IND_FUA_09850,Chennai,top10_cells,representation_absolute_effect,26665,10,0.049453985884884824,0.01983833560015079,-0.0044133951254278474,0,0.0
IND_FUA_09850,Chennai,top10_cells,standard_g_times_h,26665,10,0.004801743578300334,0.04238928772376031,0.0004285193867154459,0,0.0
IND_FUA_09850,Chennai,top1pct_cells,representation_absolute_effect,26665,267,0.3922149280543162,0.19822887331121528,-0.012166255341769303,81,0.30337078651685395
IND_FUA_09850,Chennai,top1pct_cells,standard_g_times_h,26665,267,0.19088036004201775,0.4817293077275578,-0.00859894833308213,81,0.30337078651685395
IND_FUA_09850,Chennai,top10pct_cells,representation_absolute_effect,26665,2667,0.910084553666468,0.4004745734159722,0.003590971812678918,748,0.28046494188226473
IND_FUA_09850,Chennai,top10pct_cells,standard_g_times_h,26665,2667,0.47239503472468175,0.9853424967989668,-0.02212986742973942,748,0.28046494188226473
IND_FUA_10007,Muzaffarpur,top10_cells,representation_absolute_effect,17264,10,0.267682404657468,0.008983058326701139,-0.0018844781443091746,0,0.0
IND_FUA_10007,Muzaffarpur,top10_cells,standard_g_times_h,17264,10,0.0,0.04142082953076856,0.0,0,0.0
IND_FUA_10007,Muzaffarpur,top1pct_cells,representation_absolute_effect,17264,173,0.8704877211911263,0.03792131343462141,-0.0010439720779609524,10,0.057803468208092484
IND_FUA_10007,Muzaffarpur,top1pct_cells,standard_g_times_h,17264,173,0.20855171434467537,0.2816957244216672,-0.0012005349355123716,10,0.057803468208092484
IND_FUA_10007,Muzaffarpur,top10pct_cells,representation_absolute_effect,17264,1727,1.0,0.13495176389647134,-0.0006349492620490393,258,0.14939200926462073
IND_FUA_10007,Muzaffarpur,top10pct_cells,standard_g_times_h,17264,1727,0.530842087803779,0.7981075250885604,-0.003256754713095969,258,0.14939200926462073
IND_FUA_10017,Patna,top10_cells,representation_absolute_effect,5503,10,0.2224827308070856,0.020308883849455894,-0.0099099388237169,2,0.2
IND_FUA_10017,Patna,top10_cells,standard_g_times_h,5503,10,0.08594036152880717,0.03716377736574151,-0.0042655074667277,2,0.2
IND_FUA_10017,Patna,top1pct_cells,representation_absolute_effect,5503,56,0.5141942344080718,0.05558757893664187,-0.01607532445226334,5,0.08928571428571429
IND_FUA_10017,Patna,top1pct_cells,standard_g_times_h,5503,56,0.15665767908008613,0.14619158850477681,-0.007127516610174388,5,0.08928571428571429
IND_FUA_10017,Patna,top10pct_cells,representation_absolute_effect,5503,551,0.9676547727165393,0.1878853404599277,-0.017211328981189686,112,0.20326678765880218
IND_FUA_10017,Patna,top10pct_cells,standard_g_times_h,5503,551,0.5342234191130668,0.6328215029095519,-0.020645342251442773,112,0.20326678765880218
IND_FUA_10065,Gaya,top10_cells,representation_absolute_effect,3159,10,0.467930297861732,0.004546614794305789,2.2560867264792873e-05,0,0.0
IND_FUA_10065,Gaya,top10_cells,standard_g_times_h,3159,10,0.0,0.5600164649911832,0.0,0,0.0
IND_FUA_10065,Gaya,top1pct_cells,representation_absolute_effect,3159,32,0.7885509308410905,0.004546614794305789,0.00010711938537228767,0,0.0
IND_FUA_10065,Gaya,top1pct_cells,standard_g_times_h,3159,32,0.0,0.8184033913044316,0.0,0,0.0
IND_FUA_10065,Gaya,top10pct_cells,representation_absolute_effect,3159,316,0.9999999999999999,0.03530859940911672,0.00017356364865131442,121,0.3829113924050633
IND_FUA_10065,Gaya,top10pct_cells,standard_g_times_h,3159,316,0.153897391084808,1.0,-6.614345734086e-05,121,0.3829113924050633
IND_FUA_10142,Visakhapatnam,top10_cells,representation_absolute_effect,8295,10,0.6598650733370681,0.09729253358143802,-0.00036698881979500576,0,0.0
IND_FUA_10142,Visakhapatnam,top10_cells,standard_g_times_h,8295,10,0.0,0.5588568348655244,0.0,0,0.0
IND_FUA_10142,Visakhapatnam,top1pct_cells,representation_absolute_effect,8295,83,0.7886719687941953,0.1456781231447419,-0.00036748612851453434,19,0.2289156626506024
IND_FUA_10142,Visakhapatnam,top1pct_cells,standard_g_times_h,8295,83,0.7354957188399954,0.9998407847471288,-0.0003916994317304232,19,0.2289156626506024
IND_FUA_10142,Visakhapatnam,top10pct_cells,representation_absolute_effect,8295,830,0.9568993330401057,0.14728936570117676,-0.00029944068517475585,33,0.03975903614457831
IND_FUA_10142,Visakhapatnam,top10pct_cells,standard_g_times_h,8295,830,0.7399922914524475,1.0,-0.00039011841751387634,33,0.03975903614457831
IND_FUA_10152,Begusarai,top10_cells,representation_absolute_effect,2995,10,0.5247166648039294,0.028284657494310826,0.0063332813193098395,0,0.0
IND_FUA_10152,Begusarai,top10_cells,standard_g_times_h,2995,10,0.0,0.12178466132899894,0.0,0,0.0
IND_FUA_10152,Begusarai,top1pct_cells,representation_absolute_effect,2995,30,0.8108632579882038,0.06655314367070617,0.0068761798920873194,3,0.1
IND_FUA_10152,Begusarai,top1pct_cells,standard_g_times_h,2995,30,0.12620016225948155,0.2578592688819034,0.000602909768414612,3,0.1
IND_FUA_10152,Begusarai,top10pct_cells,representation_absolute_effect,2995,300,1.0,0.21584036214954885,0.008299716010967618,67,0.22333333333333333
IND_FUA_10152,Begusarai,top10pct_cells,standard_g_times_h,2995,300,0.5112705408401051,0.7822838454327964,-0.003578105200417825,67,0.22333333333333333
IND_FUA_10168,Ranchi,top10_cells,representation_absolute_effect,12632,10,0.9070563203088903,0.32865358578288884,-1.3135457821763138e-05,1,0.1
IND_FUA_10168,Ranchi,top10_cells,standard_g_times_h,12632,10,0.8932754913902856,0.9993691999816721,-1.330553666684631e-05,1,0.1
IND_FUA_10168,Ranchi,top1pct_cells,representation_absolute_effect,12632,127,0.9629558148982271,0.32865358578288884,-1.2576190676673211e-05,2,0.015748031496062992
IND_FUA_10168,Ranchi,top1pct_cells,standard_g_times_h,12632,127,0.8940436489024038,1.0,-1.3294198986555349e-05,2,0.015748031496062992
IND_FUA_10168,Ranchi,top10pct_cells,representation_absolute_effect,12632,1264,1.0000000000000002,0.32865358578288884,-1.2285016635243298e-05,473,0.37420886075949367
IND_FUA_10168,Ranchi,top10pct_cells,standard_g_times_h,12632,1264,0.8979352255440244,1.0,-1.326085166136984e-05,473,0.37420886075949367
IND_FUA_10243,Dhanbad,top10_cells,representation_absolute_effect,13960,10,0.7850630783750051,0.09230303902165973,-0.0002556177847112849,1,0.1
IND_FUA_10243,Dhanbad,top10_cells,standard_g_times_h,13960,10,0.01462656070101924,0.6061890550495528,5.7036126087819765e-06,1,0.1
IND_FUA_10243,Dhanbad,top1pct_cells,representation_absolute_effect,13960,140,0.8924117551548976,0.0991780666260592,-0.0002327315567452018,18,0.12857142857142856
IND_FUA_10243,Dhanbad,top1pct_cells,standard_g_times_h,13960,140,0.8014490018337348,1.0,-0.00026190369125422396,18,0.12857142857142856
IND_FUA_10243,Dhanbad,top10pct_cells,representation_absolute_effect,13960,1396,0.9965336822562236,0.0991780666260592,-0.0002021757748159051,41,0.029369627507163324
IND_FUA_10243,Dhanbad,top10pct_cells,standard_g_times_h,13960,1396,0.8059445111079309,1.0,-0.000260579747245191,41,0.029369627507163324
IND_FUA_10285,Jamshedpur,top10_cells,representation_absolute_effect,2217,10,0.28041428733424584,0.0936562889836043,-0.004306061571723675,1,0.1
IND_FUA_10285,Jamshedpur,top10_cells,standard_g_times_h,2217,10,0.11229413655896058,0.5531188430147116,-0.0034505564024410523,1,0.1
IND_FUA_10285,Jamshedpur,top1pct_cells,representation_absolute_effect,2217,23,0.426761733076265,0.12225038256262397,-0.0019049185517774872,5,0.21739130434782608
IND_FUA_10285,Jamshedpur,top1pct_cells,standard_g_times_h,2217,23,0.19556464516383545,0.7513372591612504,-0.004450403778785843,5,0.21739130434782608
IND_FUA_10285,Jamshedpur,top10pct_cells,representation_absolute_effect,2217,222,0.9312891341706903,0.22962445107650614,0.0038642460640041587,43,0.19369369369369369
IND_FUA_10285,Jamshedpur,top10pct_cells,standard_g_times_h,2217,222,0.36546982845541504,1.0,-0.008762864931615207,43,0.19369369369369369
IND_FUA_10313,Asansol,top10_cells,representation_absolute_effect,9410,10,0.824260742888436,0.3019100138615442,-0.0035608765312134167,3,0.3
IND_FUA_10313,Asansol,top10_cells,standard_g_times_h,9410,10,0.6268804970372529,0.5626951220916112,-0.00270817707750215,3,0.3
IND_FUA_10313,Asansol,top1pct_cells,representation_absolute_effect,9410,95,0.9201003350269822,0.3290178360608604,-0.0033859376787360495,18,0.18947368421052632
IND_FUA_10313,Asansol,top1pct_cells,standard_g_times_h,9410,95,0.8437280718138678,0.9805359929178095,-0.0036449770483059367,18,0.18947368421052632
IND_FUA_10313,Asansol,top10pct_cells,representation_absolute_effect,9410,941,0.9980131167599969,0.33250299538690375,-0.003132654297216987,43,0.04569606801275239
IND_FUA_10313,Asansol,top10pct_cells,standard_g_times_h,9410,941,0.852569146788169,1.0,-0.003631750154362188,43,0.04569606801275239
IND_FUA_10354,Bhubaneshwar,top10_cells,representation_absolute_effect,4487,10,0.12515244184723223,0.034760862026908056,0.0006851263724994067,2,0.2
IND_FUA_10354,Bhubaneshwar,top10_cells,standard_g_times_h,4487,10,0.031127607358811524,0.12805991754272894,-0.00023589401415855736,2,0.2
IND_FUA_10354,Bhubaneshwar,top1pct_cells,representation_absolute_effect,4487,45,0.3392070949194873,0.07702230186642729,0.002261471174536708,7,0.15555555555555556
IND_FUA_10354,Bhubaneshwar,top1pct_cells,standard_g_times_h,4487,45,0.08086793752448355,0.36004709410529223,-0.0021141021387266552,7,0.15555555555555556
IND_FUA_10354,Bhubaneshwar,top10pct_cells,representation_absolute_effect,4487,449,0.9111958720627643,0.20475705747820017,0.01008067174249962,92,0.20489977728285078
IND_FUA_10354,Bhubaneshwar,top10pct_cells,standard_g_times_h,4487,449,0.2868883836683864,0.9210670109825296,-0.007227395308455792,92,0.20489977728285078
IND_FUA_10432,Berhampore,top10_cells,representation_absolute_effect,4053,10,0.5867173452161449,0.05426608732629445,-0.038157315604977385,2,0.2
IND_FUA_10432,Berhampore,top10_cells,standard_g_times_h,4053,10,0.18846591571145885,0.12940323616475802,-0.020296834628645177,2,0.2
IND_FUA_10432,Berhampore,top1pct_cells,representation_absolute_effect,4053,41,0.8722724558153119,0.1217915573834237,-0.04163405780973547,10,0.24390243902439024
IND_FUA_10432,Berhampore,top1pct_cells,standard_g_times_h,4053,41,0.42818755590442503,0.3419580583189121,-0.045117753371848285,10,0.24390243902439024
IND_FUA_10432,Berhampore,top10pct_cells,representation_absolute_effect,4053,406,1.0,0.24939295096467728,-0.03602165795974454,96,0.23645320197044334
IND_FUA_10432,Berhampore,top10pct_cells,standard_g_times_h,4053,406,0.7057008925466759,0.8294205501853236,-0.0623165434414582,96,0.23645320197044334
IND_FUA_10441,Tamluk,top10_cells,representation_absolute_effect,24013,10,0.3147167469179997,0.02234812051703332,-0.00339676475630336,2,0.2
IND_FUA_10441,Tamluk,top10_cells,standard_g_times_h,24013,10,0.11113191242915739,0.04066928944078288,0.0001459646479702837,2,0.2
IND_FUA_10441,Tamluk,top1pct_cells,representation_absolute_effect,24013,241,0.9349040618048291,0.07092694749700604,0.0004074161404353789,30,0.12448132780082988
IND_FUA_10441,Tamluk,top1pct_cells,standard_g_times_h,24013,241,0.41132680635816654,0.3219069240158753,-0.005985944924697163,30,0.12448132780082988
IND_FUA_10441,Tamluk,top10pct_cells,representation_absolute_effect,24013,2402,1.0,0.2247410406529222,0.0004396042893522831,476,0.19816819317235637
IND_FUA_10441,Tamluk,top10pct_cells,standard_g_times_h,24013,2402,0.6029639251286139,0.8454956281217065,-0.008205851291201013,476,0.19816819317235637
IND_FUA_10452,Kolkata,top10_cells,representation_absolute_effect,71614,10,0.06795622356264201,0.010850141421294302,-0.014985630555865175,0,0.0
IND_FUA_10452,Kolkata,top10_cells,standard_g_times_h,71614,10,0.011137864577159297,0.019825998742368105,-0.0024561094625970654,0,0.0
IND_FUA_10452,Kolkata,top1pct_cells,representation_absolute_effect,71614,717,0.5784909931446388,0.15450045858722888,-0.03899356807404676,213,0.29707112970711297
IND_FUA_10452,Kolkata,top1pct_cells,standard_g_times_h,71614,717,0.3345654772776572,0.36942413071265034,-0.06400445025982432,213,0.29707112970711297
IND_FUA_10452,Kolkata,top10pct_cells,representation_absolute_effect,71614,7162,0.9968101689226614,0.3402553816186133,0.0048618213572338385,1867,0.26068137391790003
IND_FUA_10452,Kolkata,top10pct_cells,standard_g_times_h,71614,7162,0.5084505155996238,0.9056339438271918,-0.0839386488726007,1867,0.26068137391790003
IND_FUA_10453,Kolkata,top10_cells,representation_absolute_effect,9297,10,0.4552114309844775,0.03700150289597535,0.022100281733065667,2,0.2
IND_FUA_10453,Kolkata,top10_cells,standard_g_times_h,9297,10,0.17938754531603068,0.11642825671179545,0.005774849218001837,2,0.2
IND_FUA_10453,Kolkata,top1pct_cells,representation_absolute_effect,9297,93,0.9239358542497513,0.054932981015199944,0.04060414118014085,4,0.043010752688172046
IND_FUA_10453,Kolkata,top1pct_cells,standard_g_times_h,9297,93,0.1975385054140356,0.4633792875486482,0.004687884205041223,4,0.043010752688172046
IND_FUA_10453,Kolkata,top10pct_cells,representation_absolute_effect,9297,930,1.0000000000000002,0.29040510442896755,0.04100989970991577,208,0.22365591397849463
IND_FUA_10453,Kolkata,top10pct_cells,standard_g_times_h,9297,930,0.27354642276026886,0.9513035598489185,-1.3948696408369281e-05,208,0.22365591397849463
IND_FUA_10496,Guwahati,top10_cells,representation_absolute_effect,5272,10,0.24773890040930036,0.0960355005410034,-0.0005389026326591429,5,0.5
IND_FUA_10496,Guwahati,top10_cells,standard_g_times_h,5272,10,0.15349576562719794,0.1760338111199057,-0.005204364991568498,5,0.5
IND_FUA_10496,Guwahati,top1pct_cells,representation_absolute_effect,5272,53,0.5722476030939394,0.1457491610639474,0.020597347149357223,11,0.20754716981132076
IND_FUA_10496,Guwahati,top1pct_cells,standard_g_times_h,5272,53,0.24550666930481824,0.4392732932477449,-0.011618715448654258,11,0.20754716981132076
IND_FUA_10496,Guwahati,top10pct_cells,representation_absolute_effect,5272,528,0.9984985288918855,0.30015831912813595,0.05188986683520259,118,0.22348484848484848
IND_FUA_10496,Guwahati,top10pct_cells,standard_g_times_h,5272,528,0.41151996596505414,0.9263510193075792,-0.009153154551654896,118,0.22348484848484848
IND_FUA_10533,Imphal,top10_cells,representation_absolute_effect,5259,10,0.411857724940343,0.10186226605343573,-0.02646601634665639,2,0.2
IND_FUA_10533,Imphal,top10_cells,standard_g_times_h,5259,10,0.25543582682826066,0.2590953927200944,-0.015371560288154697,2,0.2
IND_FUA_10533,Imphal,top1pct_cells,representation_absolute_effect,5259,53,0.6965416328552599,0.1999968325718815,-0.024932533753862427,17,0.32075471698113206
IND_FUA_10533,Imphal,top1pct_cells,standard_g_times_h,5259,53,0.471996007202955,0.5605773203910657,-0.02719722406652448,17,0.32075471698113206
IND_FUA_10533,Imphal,top10pct_cells,representation_absolute_effect,5259,526,0.9988181509550076,0.3280552702723163,-0.017170045888928866,117,0.2224334600760456
IND_FUA_10533,Imphal,top10pct_cells,standard_g_times_h,5259,526,0.6332003105987061,0.9494981376315109,-0.03538975865102089,117,0.2224334600760456
ALL91_POOLED,Pooled 91-city allocation,top10_cells,representation_absolute_effect,1259886,10,0.008925725234689243,0.0017489537152492378,-0.00015931502104762321,0,0.0
ALL91_POOLED,Pooled 91-city allocation,top10_cells,standard_g_times_h,1259886,10,0.000267908809450708,0.005371786914469439,-5.873454075997418e-06,0,0.0
ALL91_POOLED,Pooled 91-city allocation,top1pct_cells,representation_absolute_effect,1259886,12599,0.5627890189954425,0.20998415527558292,-0.004976215428844572,3559,0.2824827367251369
ALL91_POOLED,Pooled 91-city allocation,top1pct_cells,standard_g_times_h,1259886,12599,0.3425577687786319,0.6191184821417398,-0.004756646098383405,3559,0.2824827367251369
ALL91_POOLED,Pooled 91-city allocation,top10pct_cells,representation_absolute_effect,1259886,125989,0.9766400332516996,0.32000231333739615,-0.0007748828956902262,24932,0.19789029200961988
ALL91_POOLED,Pooled 91-city allocation,top10pct_cells,standard_g_times_h,1259886,125989,0.5314367422761,0.9927316679696091,-0.007501561356698717,24932,0.19789029200961988
