scheme,glad_pair_class,G_glad_class_mass_m2,allocated_surface_times_glad_class_fraction_m2,absolute_G_class_mass_retention_fraction
J,new_built,58959346.110179596,16174282.295155816,0.274329404280202
J,stable_built,250781204.97597137,59094096.167097636,0.23564005194392357
J,absent_both,90787996.43567717,9164329.987102412,0.10094208867793765
F,new_built,58959346.110179596,16400944.719246717,0.27817378925128583
F,stable_built,250781204.97597137,62002718.82962709,0.2472383001571744
F,absent_both,90787996.43567717,9550147.553232528,0.10519174261102632
A,new_built,58959346.110179596,16929986.43819729,0.28714678087778606
A,stable_built,250781204.97597137,63840287.97941172,0.25456568001389335
A,absent_both,90787996.43567717,9471724.243874738,0.1043279355832619
