unit_key,eFUA_name,scheme,allocated_surface_m2,allocated_surface_on_model_nonzero_depth_support_m2,depth_weighted_proxy_m3,model_nonzero_depth_support_share,conditional_model_nonzero_mean_depth_m,normalized_mean_depth_m,conditional_mean_defined,product_identity_residual_m,product_identity_defined,zero_support_mean_check_passed,zero_support_handling
IND_FUA_07466,Delhi [New Delhi],G,51418537.0,16118027.0,15355097.061065104,0.3134672423682533,0.9526660465989482,0.2986295985252382,True,0.0,True,,conditional mean undefined; E=0 if W>0 and Wplus=0
IND_FUA_07466,Delhi [New Delhi],J,11646426.935352508,3961549.0986693464,3568516.2676574453,0.34015145766674065,0.9007880954589411,0.3064043837192059,True,-5.551115123125783e-17,True,,conditional mean undefined; E=0 if W>0 and Wplus=0
IND_FUA_07466,Delhi [New Delhi],F,12328766.28022781,4144662.8369210893,3747030.612836018,0.33617823087197857,0.9040616234104927,0.30392583715738836,True,0.0,True,,conditional mean undefined; E=0 if W>0 and Wplus=0
IND_FUA_07466,Delhi [New Delhi],A,12654723.455329876,4267075.4880787125,3865763.7872760184,0.33719231424859936,0.9059515816104327,0.30547991040040057,True,-5.551115123125783e-17,True,,conditional mean undefined; E=0 if W>0 and Wplus=0
IND_FUA_10496,Guwahati,G,788595.0,444198.0,688784.4935849258,0.563277728111388,1.5506249320909273,0.8734324889010529,True,0.0,True,,conditional mean undefined; E=0 if W>0 and Wplus=0
IND_FUA_10496,Guwahati,J,92813.91976500303,70226.96987443045,107530.0767113048,0.7566426464073404,1.5311792165257065,1.1585554945159287,True,0.0,True,,conditional mean undefined; E=0 if W>0 and Wplus=0
IND_FUA_10496,Guwahati,F,101227.36804425225,74372.86442170426,112021.12649817827,0.734711035746693,1.5062096554867546,1.106628856034343,True,-2.220446049250313e-16,True,,conditional mean undefined; E=0 if W>0 and Wplus=0
IND_FUA_10496,Guwahati,A,108363.74781495257,79238.82671469601,119023.870279658,0.7312300313755136,1.5020902657760236,1.0983735121722553,True,0.0,True,,conditional mean undefined; E=0 if W>0 and Wplus=0
IND_FUA_09258,Sultanpur,G,1832581.0,372673.0,1066795.057562491,0.20335963321675823,2.86254989645746,0.5821270970082583,True,0.0,True,,conditional mean undefined; E=0 if W>0 and Wplus=0
IND_FUA_09258,Sultanpur,J,387777.29958958924,67615.17968076095,174094.04054293418,0.17436600789247497,2.574777459217053,0.4489536667752073,True,0.0,True,,conditional mean undefined; E=0 if W>0 and Wplus=0
IND_FUA_09258,Sultanpur,F,406091.8895202829,69250.90830137083,178832.69028907327,0.17053014376420336,2.5823876491383615,0.44037493706246794,True,0.0,True,,conditional mean undefined; E=0 if W>0 and Wplus=0
IND_FUA_09258,Sultanpur,A,413211.48187085305,70227.97867596852,177897.3673043406,0.16995650352697095,2.533140931268405,0.4305237756194331,True,-5.551115123125783e-17,True,,conditional mean undefined; E=0 if W>0 and Wplus=0
