unit_key,eFUA_name,cells,g_total_m2,A_J_m2,A_F_m2,N_J_m3,N_F_m3,E_J_m,E_F_m,observed_EJ_minus_EF_m,centered_contribution_sum_m,normalized_difference_identity_residual_m,covariance_contribution_sum_m,covariance_identity_max_cell_error,positive_contributions_sum_m,negative_contributions_sum_m,absolute_contributions_sum_m,cancellation_fraction,g_weighted_covariance_SP,covariance_positive_cells,covariance_negative_cells,covariance_near_zero_cells,absolute_contribution_concentration_top10_cells,absolute_contribution_concentration_top1pct_cells,absolute_contribution_concentration_top10pct_cells
IND_FUA_02091,Srinagar,3576,628655.0,20875.030003735796,37095.750051888615,14224.617930970828,33185.651697870155,0.6814178436354434,0.8945944387551374,-0.213176595119694,-0.213176595119694,0.0,-0.213176595119694,0.0,0.4422939237026879,-0.6554705188223819,1.0977644425250699,0.8058084349777748,0.02580226045788679,909,171,2496,0.2760772753347996,0.48671188940411464,0.9377275913400324
IND_FUA_03357,Jammu,8365,2691946.0,435820.5702879932,475985.85850306595,39551.70358968445,43117.85307948169,0.09075226431728181,0.09058641619119438,0.00016584812608742838,0.00016584812608745007,-2.168404344971009e-17,0.00016584812608745007,0.0,0.009577107543684217,-0.009411259417596764,0.018988366961280985,0.9912658036140954,0.014920540090727252,1605,580,6180,0.3393472048222813,0.5361592194019683,0.9317928680456037
IND_FUA_03722,Rajkot,7272,2602277.0,631904.7900835387,661692.2153970518,179.3800011985004,253.41830168606785,0.00028387188072238873,0.00038298516408267385,-9.911328336028512e-05,-9.911328336028512e-05,0.0,-9.911328336028512e-05,0.0,2.3367808352826392e-05,-0.0001224810917131115,0.0001458489000659379,0.32043859559121624,0.011446677395801132,1476,489,5307,0.808282506207513,0.855469298866534,0.9786432057919399
IND_FUA_04396,Amritsar,14794,7248249.0,761199.9484624974,896324.3062681075,39584.124718503066,43626.43120394118,0.05200226930973483,0.04867259640161057,0.003329672908124262,0.003329672908124269,-6.938893903907228e-18,0.003329672908124269,0.0,0.0098747242472253,-0.0065450513391010325,0.016419775586326332,0.7972156872291802,0.01864234490366021,4788,1334,8672,0.08632274760202421,0.3597590031687281,0.8242799897656182
IND_FUA_05324,Jodhpur,12265,5353498.0,1307340.0476963613,1375974.2349268396,40283.30672776491,40967.514412412835,0.03081318192519792,0.029773460412644333,0.0010397215125535868,0.0010397215125535885,-1.734723475976807e-18,0.0010397215125535885,0.0,0.0018410727779928043,-0.000801351265439216,0.0026424240434320206,0.6065273796089206,0.01282043763357686,2379,859,9027,0.19363923165644503,0.4110452537199812,0.9170682325590482
IND_FUA_05617,Jalandhar,8785,2645259.0,297272.099638775,336413.564712859,1718.6078584362654,1768.3900433638016,0.005781261882714865,0.005256595538509827,0.0005246663442050378,0.0005246663442050388,-1.0842021724855044e-18,0.0005246663442050388,0.0,0.0010257835951765055,-0.0005011172509714666,0.0015269008461479719,0.6563847970032539,0.014796836557056995,1967,570,6248,0.39500434200152196,0.5534716632105859,0.9288895641762065
IND_FUA_05991,Ahmedabad,21864,7574231.0,2266780.88085722,2311699.1570143034,1039152.0781284873,1070196.46195105,0.45842634676516025,0.4629479829604092,-0.004521636195248924,-0.004521636195248955,3.122502256758253e-17,-0.004521636195248955,0.0,0.012739442212884337,-0.01726107840813329,0.03000052062101763,0.849281409067241,0.005930407477284939,2747,1424,17693,0.1341726867601891,0.49059503612486965,0.9702712014830122
IND_FUA_06065,Ludhiana,12561,4419355.0,587863.6097431239,657507.391960493,68913.9904211013,76610.77843327294,0.11722785571165792,0.11651698424992941,0.0007108714617285045,0.0007108714617285027,1.734723475976807e-18,0.0007108714617285027,0.0,0.01478734976708781,-0.014076478305359309,0.02886382807244712,0.9753715460075413,0.01575881145944809,3212,920,8429,0.13309472852427262,0.4415274722715006,0.8984092137786885
IND_FUA_06611,Surat,8394,3596650.0,1054482.9182903338,1065440.787556526,1147953.878878897,1162936.3756810538,1.0886415123159232,1.0915072796754135,-0.00286576735949029,-0.0028657673594905146,2.246466901389965e-16,-0.0028657673594905146,0.0,0.02498252518198317,-0.027848292541473686,0.05283081772345686,0.945755763719362,0.0030466876860945767,1334,830,6230,0.12579583558461802,0.40322641857627134,0.9308928064328217
IND_FUA_06651,Vadodara,8550,3106926.0,1096423.227340024,1109063.6832683443,217996.1333962256,220208.50556180344,0.19882480410880643,0.1985535266224408,0.00027127748636562865,0.0002712774863656165,1.214306433183765e-17,0.0002712774863656165,0.0,0.004247205796409203,-0.0039759283100435855,0.008223134106452788,0.9670104508994032,0.004068476664175563,1043,469,7038,0.14425467884302776,0.45304225247259383,0.97418446950495
IND_FUA_06781,Chandigarh,15456,6519940.0,1578444.5379210152,1637678.992664848,1051.5922151471652,1100.1584646451472,0.0006662205670730932,0.0006717790663327483,-5.558499259655119e-06,-5.558499259654938e-06,-1.8126505071242027e-19,-5.558499259654938e-06,0.0,3.68737827483826e-05,-4.243228200803754e-05,7.930606475642015e-05,0.9299107921099444,0.009085122676563388,3790,1236,10430,0.4389871724245494,0.5729633315893172,0.9173572208544319
IND_FUA_07108,Silvassa,6451,1315759.0,302066.4199233707,311811.43264859426,45123.227042429724,48122.244393236695,0.14938180501452875,0.15433123790386985,-0.004949432889341104,-0.00494943288934112,1.5612511283791264e-17,-0.00494943288934112,0.0,0.00990795840216431,-0.01485739129150543,0.024765349693669742,0.8001468604093145,0.007406381202958549,767,325,5359,0.41667595919364603,0.6854020245339348,0.988868618676444
IND_FUA_07139,Vasai-Virar,2876,501725.0,70790.62978781201,77697.58248149847,78647.66280288549,85341.91302586778,1.1109897318137185,1.0983856936113758,0.012604038202342682,0.012604038202342557,1.249000902703301e-16,0.012604038202342557,0.0,0.09666585764344746,-0.0840618194411049,0.18072767708455237,0.9302595019995424,0.013766411268496582,425,116,2335,0.19953390048726008,0.40452940063227266,0.9650088133269293
IND_FUA_07163,Mumbai,21881,4697571.0,811360.4786988571,899450.4837833424,253521.16512833425,291142.81152714876,0.3124642767107598,0.3236896491539145,-0.01122537244315469,-0.011225372443154632,-5.898059818321144e-17,-0.011225372443154632,0.0,0.04189403182225292,-0.05311940426540755,0.09501343608766047,0.8818548943667507,0.018752245593411,5611,1252,15018,0.07870526112169374,0.47475311357170014,0.9305714664833599
IND_FUA_07320,Jaipur,26912,13604265.0,3333620.6251635365,3419178.5776324566,106.74999785982072,159.9946951855228,3.2022239439613474e-05,4.6793313526287944e-05,-1.477107408667447e-05,-1.4771074086674478e-05,8.470329472543003e-21,-1.4771074086674478e-05,0.0,1.5843988550807354e-06,-1.635547294175521e-05,1.7939871796835947e-05,0.17663435647964598,0.006289053651110099,3384,1206,22322,0.9032102343601172,0.9375857899944429,0.9967417021784292
IND_FUA_07466,Delhi [New Delhi],113140,51418537.0,11646426.935352508,12328766.28022781,3568516.2676574453,3747030.612836018,0.3064043837192059,0.30392583715738836,0.002478546561817563,0.0024785465618174587,1.0408340855860843e-16,0.0024785465618174587,0.0,0.02012377276973554,-0.017645226207918082,0.03776899897765362,0.9343761648731036,0.01327029870327316,33445,9737,69958,0.014645157663373062,0.3364091668269263,0.8502141602952501
IND_FUA_07490,Saharanpur,3226,1511249.0,381463.60978908837,400405.09675447963,0.0,0.0,0.0,0.0,0.0,0.0,0.0,0.0,0.0,0.0,0.0,0.0,0.0,0.012533663853799908,785,208,2233,,,
IND_FUA_07499,Nashik,10786,2715839.0,362953.13999732584,380821.0890277038,483.84575609597397,3139.4202844663614,0.001333080507581609,0.008243819407380499,-0.0069107388997988895,-0.006910738899798891,1.734723475976807e-18,-0.006910738899798891,0.0,0.0005153701291582486,-0.007426109028957139,0.007941479158115388,0.12979197423986,0.0065791635772142485,932,379,9475,0.8140112183617849,0.950691214186612,0.9997998974573893
IND_FUA_07581,Dehradun,4475,1480118.0,217423.1402311474,234257.50660617452,0.0,0.0,0.0,0.0,0.0,0.0,0.0,0.0,0.0,0.0,0.0,0.0,0.0,0.011373665055777372,640,205,3630,,,
IND_FUA_07601,Kota,5428,2483233.0,598993.7281352635,618084.7677468554,2404.7928202648327,3881.4931445964353,0.004014721202092098,0.006279871867326378,-0.0022651506652342796,-0.002265150665234279,-4.336808689942018e-19,-0.002265150665234279,0.0,0.00030845301101503587,-0.002573603676249315,0.002882056687264351,0.21405062043232714,0.0076879775726208,1035,420,3973,0.7367144621524834,0.8774124125676913,0.9831923011714988
IND_FUA_07617,Pune,32775,13965327.0,3412267.447482884,3485494.2683609575,107018.35488907436,115504.65385262396,0.031362827368065255,0.03313867272745213,-0.0017758453593868725,-0.001775845359386869,-3.469446951953614e-18,-0.001775845359386869,0.0,0.0013710029784881517,-0.003146848337875021,0.0045178513163631724,0.6069270024546962,0.005243473416560454,4020,1642,27113,0.3936356635830959,0.8097168031405293,0.9915156276312493
IND_FUA_07631,Haridwar,4875,1895887.0,438219.26841124706,465208.86466916685,6870.422908578657,10270.671485987126,0.015678048419658048,0.02207754895919946,-0.0063995005395414105,-0.00639950053954141,-8.673617379884035e-19,-0.00639950053954141,0.0,0.00149058180697132,-0.00789008234651273,0.00938066415348405,0.3177987789740254,0.01423586756906915,946,295,3634,0.47022501004276335,0.8103485231613516,0.9752203030770079
IND_FUA_07643,Meerut,11327,6166678.0,1258958.8204901312,1351243.2064958126,178630.74649169898,187748.310755185,0.14188768018810607,0.13894486932672456,0.002942810861381512,0.0029428108613815044,7.37257477290143e-18,0.0029428108613815044,0.0,0.010521511579444299,-0.007578700718062796,0.018100212297507093,0.8374156715395646,0.014965008065230807,3944,1002,6381,0.08455658848384265,0.31138567034054965,0.7852479422989177
IND_FUA_07839,Indore,16212,5101697.0,977500.5099102408,1052888.023868854,178.25999658741057,350.4549109138013,0.0001823630727351532,0.0003328510752986335,-0.0001504880025634803,-0.00015048800256348022,-8.131516293641283e-20,-0.00015048800256348022,0.0,3.382919918333941e-05,-0.00018431720174681964,0.00021814640093015906,0.3101513390924112,0.01477694852489538,3788,1346,11078,0.8133362245202695,0.8777951164300363,0.9785607446235991
IND_FUA_07881,Kolhapur,3871,507716.0,40531.52987848967,42637.069213245755,731.2971218444176,1088.2210729276435,0.01804267255731004,0.025522886375819977,-0.007480213818509936,-0.007480213818509938,1.734723475976807e-18,-0.007480213818509938,0.0,0.003165640745295301,-0.010645854563805242,0.01381149530910054,0.45840666407922204,0.004147080916804039,426,205,3240,0.6436962095279846,0.8066907535181483,0.9938765167931113
IND_FUA_07895,Aligarh,6602,3411737.0,730347.7593612149,769794.0975197239,155195.9194091809,164227.61298288044,0.21249592049809274,0.2133396625305672,-0.0008437420324744482,-0.0008437420324744725,2.42861286636753e-17,-0.0008437420324744725,0.0,0.01111618755144288,-0.011959929583917353,0.02307611713536023,0.9634365683132375,0.011561951627135641,1590,515,4497,0.11276085131724027,0.3409960276845585,0.878880824397259
IND_FUA_07933,Moradabad,5603,2369126.0,539191.139396444,568803.6139750853,123856.02766159225,132265.1904148325,0.2297070901429006,0.23253226098634802,-0.002825170843447411,-0.002825170843447457,4.597017211338539e-17,-0.002825170843447457,0.0,0.012830171125179361,-0.015655341968626817,0.028485513093806175,0.9008207844407143,0.01249932446760594,1247,387,3969,0.15716797761709472,0.3986451853325811,0.8952206033551714
IND_FUA_07957,Agra,10483,3999577.0,632907.5192539915,691709.3857448354,54685.262398358536,63118.84441191567,0.08640324334085348,0.09125052473293976,-0.004847281392086289,-0.004847281392086265,-2.42861286636753e-17,-0.004847281392086265,0.0,0.009607755272889769,-0.014455036664976037,0.024062791937865806,0.7985569835535808,0.014702021361469938,2780,736,6967,0.3549195697779621,0.6212184766421064,0.922175707002485
IND_FUA_07961,Aurangabad,6425,2253337.0,605448.6694584861,617944.9652014668,0.0,0.0,0.0,0.0,0.0,0.0,0.0,0.0,0.0,0.0,0.0,0.0,0.0,0.005545684353019854,803,435,5187,,,
IND_FUA_07996,Sangli,4549,948177.0,109030.67983255535,111741.18527782055,25288.691043802195,26684.770418113752,0.23194105624801645,0.2388087288654383,-0.006867672617421855,-0.006867672617421808,-4.683753385137379e-17,-0.006867672617421808,0.0,0.013528539322020194,-0.020396211939442008,0.033924751261462195,0.7975615925820113,0.0028586492240005833,255,185,4109,0.42699750176501017,0.677389532846745,1.0000000000000002
IND_FUA_08144,Gwalior,4472,2023495.0,478261.4599872548,490904.943733489,0.0,0.0,0.0,0.0,0.0,0.0,0.0,0.0,0.0,0.0,0.0,0.0,0.0,0.006248339504784622,863,330,3279,,,
IND_FUA_08224,Bareilly,5144,2886159.0,816243.8209214509,845941.0888322543,65562.52226639236,67490.21348991868,0.08032222797396417,0.07978122162511678,0.0005410063488473921,0.0005410063488474094,-1.734723475976807e-17,0.0005410063488474094,0.0,0.0037466914500173566,-0.003205685101169947,0.006952376551187303,0.9221839690551545,0.010289546733497145,1313,530,3301,0.1506314205567827,0.3443118706653454,0.8618704523352871
IND_FUA_08258,Bhopal,9192,3205488.0,785533.0481510907,808510.6636842059,1900.1300366595387,1925.1808332723758,0.0024189052785645046,0.0023811446400715964,3.776063849290825e-05,3.7760638492908004e-05,2.439454888092385e-19,3.7760638492908004e-05,0.0,0.00013641698782151343,-9.865634932860543e-05,0.00023507333715011886,0.839366561300851,0.007168211371596146,1266,603,7323,0.45685206898751535,0.6356372938220749,0.9694139253967089
IND_FUA_08319,Mangaluru,12758,1265037.0,187495.33020654693,194862.36703130146,73281.4717923051,79463.36169844601,0.39084425042254345,0.4077922428484178,-0.01694799242587436,-0.01694799242587432,-3.8163916471489756e-17,-0.01694799242587432,0.0,0.017735731856469913,-0.03468372428234424,0.05241945613881416,0.6766850769875667,0.005823574191707067,402,208,12148,0.5052321983380973,0.879495764996596,1.0
IND_FUA_08341,Solapur,4667,922676.0,138550.569364829,151568.41421320327,199.79393479362443,254.75643312352096,0.0014420289697080239,0.0016808016000297303,-0.00023877263032170645,-0.0002387726303217062,-2.439454888092385e-19,-0.0002387726303217062,0.0,0.0001758697885413654,-0.0004146424188630716,0.000590512207404437,0.5956516608331981,0.014108793171572969,585,148,3934,0.6949547664621432,0.7844646438024465,0.991392210398042
IND_FUA_08419,Farrukhabad,1913,1403000.0,459576.88801467605,470578.0260747244,33594.76062726792,34288.282218350345,0.07309932571325281,0.07286418047260373,0.00023514524064907616,0.00023514524064907464,1.5178830414797062e-18,0.00023514524064907464,0.0,0.0018771651766118192,-0.0016420199359627441,0.0035191851125745636,0.9331819062859563,0.00784115328585054,404,127,1382,0.3273333571658577,0.4466940252493355,0.9163335553498825
IND_FUA_08433,Shahjahanpur,3311,2302832.0,848509.9475789871,860890.6140045252,136897.8204804135,141720.04348346184,0.16133908726823712,0.16462026786914985,-0.003281180600912731,-0.0032811806009127344,3.469446951953614e-18,-0.0032811806009127344,0.0,0.0034840299362119236,-0.006765210537124658,0.010249240473336581,0.6798610970784877,0.005376278610657722,550,238,2523,0.26293302915024724,0.48782837091252185,0.9588578631227751
IND_FUA_08497,Kannur,12191,1419387.0,131644.74995505624,141318.28110924436,12171.426294324323,13736.927616231218,0.09245660232162445,0.09720559511767664,-0.00474899279605219,-0.0047489927960521735,-1.6479873021779667e-17,-0.0047489927960521735,0.0,0.007980760817291096,-0.012729753613343268,0.02071051443063436,0.770696531370191,0.006815287975857277,596,324,11271,0.43150447359426614,0.7832499704913818,1.0000000000000002
IND_FUA_08587,Hardoi,1506,866785.0,218929.7899128925,231637.24306809888,0.0,0.0,0.0,0.0,0.0,0.0,0.0,0.0,0.0,0.0,0.0,0.0,0.0,0.014660444233813867,428,140,938,,,
IND_FUA_08595,Thalassery,13584,1231563.0,50248.179942307994,56845.493296022156,533.208115043367,542.7660762907657,0.010611491115808875,0.009548093346016341,0.0010633977697925342,0.0010633977697925335,6.505213034913027e-19,0.0010633977697925335,0.0,0.0014673881810547784,-0.00040399041126224503,0.0018713785923170233,0.4317570083582599,0.00535686225853989,448,263,12873,0.19930457699917498,0.7354490726044682,1.0
IND_FUA_08673,Kozhikode,17074,1608959.0,123510.21961716935,135969.56913827942,25151.63990089215,27254.672011877083,0.2036401520364213,0.2004468513403864,0.0031933006960349064,0.0031933006960349272,-2.0816681711721685e-17,0.0031933006960349272,0.0,0.03493614692770948,-0.03174284623167455,0.06667899315938404,0.9521093444167352,0.0077437333835791025,842,550,15682,0.3505148877092726,0.7777191582756977,1.0
IND_FUA_08674,Guruvayur,31008,2933656.0,261998.12933545,276900.3265594207,67697.74779108107,69969.56859714298,0.2583901952383945,0.25268864600680796,0.005701549231586556,0.005701549231586653,-9.71445146547012e-17,0.005701549231586653,0.0,0.018000070213730693,-0.012298520982144042,0.030298591195874733,0.811821308960301,0.0050797357372407296,856,612,29540,0.25339963147955474,0.8029753555176393,1.0
IND_FUA_08675,Malappuram,17836,1335935.0,100186.49973876588,104366.35230877192,48871.543692741114,53177.921087512164,0.4878056806073932,0.5095312800641265,-0.021725599456733302,-0.021725599456733562,2.6020852139652106e-16,-0.021725599456733562,0.0,0.022815985171516825,-0.04454158462825039,0.06735756979976723,0.6774586802742899,0.0031287843869694286,145,82,17609,0.5166843034141889,0.9983617304199525,0.9999999999999998
IND_FUA_08686,Lakhimpur,1395,577485.0,104863.33004921488,113361.82096614374,738.238943354993,739.0539371732866,0.007040010488018259,0.006519425419198321,0.0005205850688199381,0.0005205850688199385,-4.336808689942018e-19,0.0005205850688199385,0.0,0.0006379526261331304,-0.00011736755731319199,0.0007553201834463224,0.31077564160320836,0.01471638383149148,414,156,825,0.1552835723147873,0.20414117263731,0.7808139540914522
IND_FUA_08722,Kanpur,16088,10361223.0,3091786.03783576,3149365.067223446,514154.05224707455,525089.3182293492,0.1662967766705424,0.16672862847630435,-0.00043185180576194027,-0.00043185180576198624,4.597017211338539e-17,-0.00043185180576198624,0.0,0.004091589947385089,-0.0045234417531470755,0.008615031700532164,0.9498722905760973,0.005557165345025944,3069,915,12104,0.13776038916951325,0.5143966989874273,0.9451910490160037
IND_FUA_08848,Lucknow,32621,19979099.0,5724231.264064722,5849722.388046868,2448563.9863016806,2483495.5879000947,0.42775420372568573,0.4245493073269235,0.003204896398762258,0.003204896398762298,-3.9898639947466563e-17,0.003204896398762298,0.0,0.012845010305688687,-0.009640113906926387,0.022485124212615074,0.8574659242058258,0.006281120283860004,5320,2025,25276,0.07741629705960161,0.4510006379736772,0.9399713666728609
IND_FUA_08896,Mysuru,6711,1690295.0,238444.4495176226,250430.84914796994,170.81187518877738,170.80861391961568,0.0007163592003686095,0.0006820589975266644,3.4300202841945084e-05,3.4300202841945125e-05,-4.0657581468206416e-20,3.4300202841945125e-05,0.0,3.999582345592208e-05,-5.695620613976955e-06,4.569144406989904e-05,0.24930797132451155,0.007091306328390802,512,206,5993,0.16146531694705354,0.5839335140155603,0.9998145550022923
IND_FUA_08900,Kochi,43115,7243384.0,929546.310163619,983418.3766564537,312009.2772086211,327354.3522804598,0.33565759316897414,0.3328739426178299,0.0027836505511442677,0.0027836505511444716,-2.0383000842727483e-16,0.0027836505511444716,0.0,0.029922733658626147,-0.02713908310748167,0.057061816766107824,0.9512169308847201,0.007437416888685575,3528,2266,37321,0.13665175337070454,0.5990816311097966,0.9943987707370587
IND_FUA_08952,Nagpur,11695,4179117.0,1244140.7885767445,1274770.099763122,1757.4720396866005,2030.329994756878,0.0014125990047292717,0.0015927028686460048,-0.0001801038639167331,-0.00018010386391673294,-1.6263032587282567e-19,-0.00018010386391673294,0.0,5.502279270587986e-05,-0.00023512665662261283,0.0002901494493284927,0.3792720808757133,0.007329134644083293,1487,518,9690,0.782460168554148,0.8766541034431378,0.9947061453466205
IND_FUA_08997,Kollam,17642,1788716.0,156088.42021547072,168568.4287129415,20938.893456037164,21765.63288845337,0.13414764161961712,0.1291204590007687,0.005027182618848408,0.005027182618848376,3.209238430557093e-17,0.005027182618848376,0.0,0.013203119424020991,-0.008175936805172618,0.02137905622919361,0.7648547922342971,0.006977076571949252,820,694,16128,0.13454925253760208,0.6402487856528422,1.0
IND_FUA_09007,Jabalpur,5733,1648394.0,348070.5400445089,361551.2082853189,5089.81375916965,5469.429636458224,0.014622937518696066,0.01512767627688859,-0.0005047387581925238,-0.0005047387581925246,8.673617379884035e-19,-0.0005047387581925246,0.0,0.000792434947912729,-0.0012971737061052537,0.0020896086540179827,0.7584529728942342,0.008178061944419862,694,341,4698,0.4723491052390744,0.6939928739138772,0.9848269811304307
IND_FUA_09013,Ettumanoor,19960,2526835.0,131120.76988418587,141576.81559568393,30326.860674291347,32321.59475846926,0.231289525687486,0.22829722947557668,0.002992296211909329,0.0029922962119093353,-6.5052130349130266e-18,0.0029922962119093353,0.0,0.019718851677784685,-0.01672655546587535,0.03644540714366003,0.917896480066354,0.004138000982057814,454,274,19232,0.28862215563447197,0.8502764615336587,1.0000000000000004
IND_FUA_09045,Hyderabad,42869,18623822.0,4595754.315134635,4737323.019625789,26236.068447070917,31324.81891126762,0.005708762185278461,0.00661234599825579,-0.000903583812977329,-0.0009035838129773286,-4.336808689942018e-19,-0.0009035838129773286,0.0,0.0003219547448636002,-0.0012255385578409288,0.0015474933027045292,0.416098401590398,0.007601485049156603,6453,2652,33764,0.5361653547750154,0.8593027451423296,0.9876802306558734
IND_FUA_09069,Coimbatore,24442,7721634.0,1758507.1272424795,1824271.1264415793,294.787372510023,630.4963060371141,0.00016763501719340766,0.00034561546082624204,-0.00017798044363283438,-0.0001779804436328344,2.710505431213761e-20,-0.0001779804436328344,0.0,1.6783597463992046e-05,-0.00019476404109682646,0.00021154763856081845,0.15867440145560274,0.008516850086277046,2841,1023,20578,0.8920606306214419,0.9432186161967285,0.9979543298016682
IND_FUA_09099,Bengaluru,55230,26136148.0,5963062.517343504,6083319.079772582,14075.997999663407,14421.94086507016,0.002360531682960478,0.0023707355599715324,-1.0203877011054352e-05,-1.0203877011054957e-05,6.047815243395704e-19,-1.0203877011054957e-05,0.0,8.372674282605859e-05,-9.393061983711354e-05,0.00017765736266317213,0.9425642885941018,0.004601158611019433,5248,2399,47583,0.41420424291849306,0.6977726974313204,0.9951580536779068
IND_FUA_09129,Gonda,2049,1208202.0,322967.6683792025,326245.6143268753,343.3166766538986,361.0177019313486,0.00106300633241964,0.0011065825441859706,-4.357621176633063e-05,-4.357621176633061e-05,-2.0328790734103208e-20,-4.357621176633061e-05,0.0,1.4794977220955717e-05,-5.8371188987286324e-05,7.316616620824203e-05,0.40442127796738603,0.002713077736730129,168,73,1808,0.8162813010874399,0.8618244954742658,0.9991883456763907
IND_FUA_09157,Thiruvananthapuram,15270,2457935.0,267151.79895011894,289119.1534126332,2407.885569807216,2359.8545940038557,0.009013173705997775,0.00816222158286363,0.0008509521231341455,0.0008509521231341474,-1.8431436932253575e-18,0.0008509521231341474,0.0,0.001953740302643452,-0.001102788179509305,0.0030565284821527576,0.7215952253993689,0.008937321150687181,1607,1186,12477,0.46186222642979,0.6986092573589664,0.9804498997549557
IND_FUA_09165,Tiruppur,16112,5777389.0,1315387.758814877,1364452.854504228,6202.738391451827,6624.894206254883,0.004715520841580812,0.004855348562894852,-0.0001398277213140401,-0.0001398277213140414,1.3010426069826053e-18,-0.0001398277213140414,0.0,0.000253990953333935,-0.00039381867464797636,0.0006478096279819114,0.7841530670829335,0.008492607246863773,1877,563,13672,0.5547644362770384,0.7394510423819639,0.9912369471885031
IND_FUA_09195,Faizabad,5883,2166283.0,536219.1782141533,561389.1719751447,77957.4263603029,81548.34079572099,0.14538351019061937,0.1452616916511021,0.00012181853951728772,0.00012181853951725996,2.7755575615628914e-17,0.00012181853951725996,0.0,0.007307700191099968,-0.007185881651582708,0.014493581842682676,0.9915950010950011,0.011618977650192194,1001,292,4590,0.18768295837533053,0.43245617120942165,0.9429300005031057
IND_FUA_09258,Sultanpur,3860,1832581.0,387777.29958958924,406091.88952028286,174094.04054293418,178832.69028907327,0.4489536667752073,0.440374937062468,0.00857872971273932,0.008578729712739331,-1.214306433183765e-17,0.008578729712739331,0.0,0.021475387072838345,-0.012896657360099014,0.03437204443293736,0.750415494502309,0.009993877449724537,509,105,3246,0.17500407683233707,0.3849748768750086,0.9674194380387232
IND_FUA_09266,Erode,15992,3313105.0,343644.3201566767,364689.3904577951,1062.491823545958,2350.1601794505345,0.0030918358349747766,0.00644427899725949,-0.003352443162284713,-0.0033524431622847144,1.3010426069826053e-18,-0.0033524431622847144,0.0,0.00041539246436277295,-0.0037678356266474876,0.00418322809101026,0.19859900312653256,0.006352068618748396,811,222,14959,0.7524285057677592,0.9551019146353229,1.0000000000000002
IND_FUA_09282,Prayagraj,6168,2283637.0,536845.9592433851,560575.837580865,53944.28924073375,63447.57139012375,0.10048373897935498,0.11318285080557225,-0.012699111826217274,-0.012699111826217253,-2.0816681711721685e-17,-0.012699111826217253,0.0,0.007524319968923961,-0.020223431795141213,0.027747751764065173,0.5423372699094388,0.010391265484610711,1062,314,4792,0.41171340587424493,0.7446039883836778,0.9788580084095624
IND_FUA_09368,Salem,17269,4170866.0,459616.9497051928,474839.25843388523,0.0,0.0,0.0,0.0,0.0,0.0,0.0,0.0,0.0,0.0,0.0,0.0,0.0,0.0036496758056222454,713,190,16366,,,
IND_FUA_09444,Madurai,6655,1974352.0,353006.3199451957,363687.3383080657,48304.607120511224,52279.02368615761,0.13683779692105943,0.14374716460949222,-0.006909367688432783,-0.006909367688432765,-1.734723475976807e-17,-0.006909367688432765,0.0,0.004166923095568147,-0.011076290784000908,0.015243213879569058,0.5467250054338213,0.005409885553776654,317,123,6215,0.41587852795423075,0.798322741029963,0.9999999999999999
IND_FUA_09500,Gorakhpur,10020,3389028.0,681627.0188368149,697777.5807604836,405759.31538255425,414065.5376675032,0.5952805627848727,0.5934061928676864,0.0018743699171863692,0.0018743699171865015,-1.3227266504323154e-16,0.0018743699171865015,0.0,0.013317064739839428,-0.011442694822652928,0.024759759562492357,0.9242977334874481,0.004765543962359924,709,210,9101,0.16942434338393214,0.5916338779785785,1.0
IND_FUA_09544,Tiruchirappalli,6278,2002696.0,283094.1194879059,296240.3465925547,174506.4716874351,179347.2089863609,0.6164256325885648,0.6054111502679034,0.011014482320661378,0.011014482320661347,3.122502256758253e-17,0.011014482320661347,0.0,0.028337053170241593,-0.017322570849580245,0.045659624019821834,0.7587697543045969,0.006564264923207903,653,207,5418,0.21319060868187703,0.5197193730333796,0.9945228240449578
IND_FUA_09562,Varanasi,42037,10435276.0,1971610.5467735864,2033964.1508895047,367106.94689279277,395493.32316371484,0.18619648159903568,0.1944445889032781,-0.008248107304242414,-0.008248107304242438,2.42861286636753e-17,-0.008248107304242438,0.0,0.006592277627351728,-0.014840384931594166,0.021432662558945895,0.6151617988871982,0.005975271197035721,2626,822,38589,0.21158588471368384,0.8010410934414268,0.9999999999999999
IND_FUA_09564,Durg,3674,740363.0,117960.68990208767,128028.10092740654,19219.345996940476,21333.711404858834,0.1629300914812667,0.16663303798402276,-0.0037029465027560715,-0.0037029465027560715,0.0,-0.0037029465027560715,0.0,0.01652599374490573,-0.0202289402476618,0.03675493399256753,0.8992530770561343,0.01359793915325168,988,204,2482,0.36717794815931587,0.5742029773341245,0.9380888605075759
IND_FUA_09570,Vellore,9604,1847021.0,234733.810096737,250688.91761830193,27633.703814526554,31479.771836767657,0.11772357720065264,0.12557304940260122,-0.007849472201948579,-0.007849472201948577,-1.734723475976807e-18,-0.007849472201948577,0.0,0.008546747565080934,-0.016396219767029506,0.02494296733211044,0.6853031919805498,0.008638292429574403,761,209,8634,0.332130748297517,0.7222191752559189,0.9999966347444385
IND_FUA_09620,Raipur,8514,3038998.0,631011.8003181908,659271.5870897928,40172.408961781926,41432.23600718002,0.063663482904004,0.06284547494314653,0.0008180079608574725,0.0008180079608574589,1.3660947373317356e-17,0.0008180079608574589,0.0,0.0037114611533313607,-0.002893453192473902,0.006604914345805264,0.8761516171096193,0.009299047505658742,2054,687,5773,0.21043514106478362,0.4937640863987248,0.9220812684813996
IND_FUA_09710,Bilaspur,5589,1698534.0,350684.0904498957,357314.90621774143,10340.820699493273,10765.705845074048,0.02948756724671183,0.030129461877287638,-0.0006418946305758073,-0.0006418946305758086,1.3010426069826053e-18,-0.0006418946305758086,0.0,0.00124509902051801,-0.0018869936510938186,0.0031320926716118286,0.7950588638727989,0.0039038463568263483,526,190,4873,0.6585192433676451,0.8099581640275701,0.9985815105449298
IND_FUA_09782,Kuchai Kot,18289,4379570.0,933031.2603361104,940556.4701757216,116551.5398098471,117018.77150243247,0.12491707916395124,0.1244144027636854,0.0005026764002658418,0.0005026764002658094,3.241764495731658e-17,0.0005026764002658094,0.0,0.0009951907129319023,-0.0004925143126660927,0.0014877050255979948,0.6621128573093618,0.0017182531252180262,243,85,17961,0.21564580779086018,0.9534948408430796,1.0
IND_FUA_09794,Vijayawada,5007,2767238.0,760032.4984324891,780225.043416722,708175.9210685797,728942.2176958786,0.9317705789280593,0.9342717512677262,-0.002501172339666957,-0.00250117233966711,1.5265566588595902e-16,-0.00250117233966711,0.0,0.020067401947047404,-0.022568574286714514,0.04263597623376192,0.9413365762764798,0.0072970033601131926,1210,411,3386,0.13242350270018297,0.3516783079398467,0.8826122486063016
IND_FUA_09834,Puducherry,3585,611885.0,82062.51978220232,90060.86151617073,39987.71828507047,43946.86644099832,0.48728357831565133,0.48796853262510165,-0.0006849543094503141,-0.0006849543094501684,-1.457167719820518e-16,-0.0006849543094501684,0.0,0.04894576491838919,-0.04963071922783936,0.09857648414622855,0.9930515445404392,0.013071642112436829,269,133,3183,0.33171067580876323,0.6164596716237316,0.9993981645857452
IND_FUA_09850,Chennai,26665,9614438.0,1905561.9689828474,2010919.69454723,1183216.454207486,1237515.2516102106,0.6209278278360395,0.6153976486310381,0.005530179205001429,0.0055301792050015675,-1.3877787807814457e-16,0.0055301792050015675,0.0,0.04738631725946871,-0.04185613805446713,0.08924245531393583,0.9380319693631514,0.010958282279669647,5261,2478,18926,0.049453985884884824,0.3922149280543162,0.910084553666468
IND_FUA_10007,Muzaffarpur,17264,4557955.0,860465.9586662184,869495.295507733,401890.5832906101,406659.92494598957,0.46706157198080006,0.46769652124284883,-0.0006349492620487673,-0.000634949262049039,2.717010644248674e-16,-0.000634949262049039,0.0,0.00361791475790676,-0.0042528640199557995,0.00787077877786256,0.9193282799619645,0.0019810061401471456,461,129,16674,0.267682404657468,0.8704877211911263,1.0
IND_FUA_10017,Patna,5503,2677195.0,670899.1277710572,685952.6238218998,901612.9506551841,933612.8082811906,1.343887498632816,1.3610456114001148,-0.01715811276729884,-0.017158112767298766,-7.28583859910259e-17,-0.017158112767298766,0.0,0.016237615264269527,-0.033395728031568296,0.04963334329583782,0.6543027000009161,0.0056228612599540165,789,320,4394,0.2224827308070856,0.5141942344080718,0.9676547727165393
IND_FUA_10065,Gaya,3159,789658.0,173378.8797589019,175209.02764277358,3974.0081788517596,3985.546984071715,0.02292094737477804,0.022747383726126724,0.0001735636486513148,0.00017356364865131442,3.7947076036992655e-19,0.00017356364865131442,0.0,0.00030500937948893064,-0.00013144573083761623,0.00043645511032654687,0.602333333841692,0.0023176462264318056,95,43,3021,0.467930297861732,0.7885509308410905,0.9999999999999999
IND_FUA_10142,Visakhapatnam,8295,7311928.0,2329922.8094870374,2411385.916464649,6382.678054861313,7298.123554585096,0.002739437559421354,0.0030265265732682596,-0.00028708901384690575,-0.00028708901384690624,4.87890977618477e-19,-0.00028708901384690624,0.0,0.00013453417508578757,-0.0004216231889326939,0.0005561573640184814,0.4837989525616241,0.011141125429245452,2093,711,5491,0.6598650733370681,0.7886719687941953,0.9568993330401057
IND_FUA_10152,Begusarai,2995,345601.0,50915.31981490366,52726.81051048573,47609.98841037828,48866.26281986188,0.9350817903817259,0.9267820743707584,0.008299716010967462,0.008299716010967618,-1.5612511283791264e-16,0.008299716010967618,0.0,0.020905636866808023,-0.012605920855840402,0.033511557722648425,0.752332730108862,0.005241566707220389,106,53,2836,0.5247166648039294,0.8108632579882038,1.0
IND_FUA_10168,Ranchi,12632,3981456.0,594695.5001891106,605147.9536305286,27.250000400468707,35.16320299461778,4.5821769950845974e-05,5.8106786586089275e-05,-1.2285016635243301e-05,-1.2285016635243301e-05,0.0,-1.2285016635243301e-05,0.0,1.305102635040724e-06,-1.3590119270284025e-05,1.4895221905324747e-05,0.17523775655523122,0.0026252841778027923,574,260,11798,0.9070563203088903,0.9629558148982271,1.0000000000000002
IND_FUA_10243,Dhanbad,13960,3148475.0,440532.0292568207,462522.4534236731,447.3869162268954,562.8489424459198,0.0010155604735066345,0.0012169116078140903,-0.00020135113430745579,-0.00020135113430745584,5.421010862427522e-20,-0.00020135113430745584,0.0,9.429892908531363e-05,-0.0002956500633927695,0.00038994899247808305,0.48364750726013805,0.006984468406721495,2056,409,11495,0.7850630783750051,0.8924117551548976,0.9965336822562236
IND_FUA_10285,Jamshedpur,2217,534462.0,83123.97953006811,89213.29871896199,17158.269701852958,18002.447182648684,0.206417808661896,0.20179107197190013,0.004626736689995858,0.004626736689995848,1.0408340855860843e-17,0.004626736689995848,0.0,0.017677288974234522,-0.013050552284238676,0.0307278412584732,0.849428514971906,0.011393362276258869,484,130,1603,0.28041428733424584,0.426761733076265,0.9312891341706903
IND_FUA_10313,Asansol,9410,1422481.0,142781.16006678715,154781.1385139105,470.6125923373939,994.3032565473226,0.003296041243237278,0.006423930370934456,-0.0031278891276971784,-0.003127889127697181,2.6020852139652106e-18,-0.003127889127697181,0.0,0.0005960979724094918,-0.0037239871001066723,0.0043200850725161645,0.2759658490069058,0.008435949898187278,1253,286,7871,0.824260742888436,0.9201003350269822,0.9980131167599969
IND_FUA_10354,Bhubaneshwar,4487,1450407.0,241665.43998518214,257237.318692204,94462.3272850031,97710.71880216396,0.390880579741957,0.3798465918511584,0.011033987890798624,0.01103398789079856,6.418476861114186e-17,0.01103398789079856,0.0,0.024472965286139826,-0.013438977395341268,0.0379119426814811,0.708957465369129,0.010736213150530737,849,272,3366,0.12515244184723223,0.3392070949194873,0.9111958720627643
IND_FUA_10432,Berhampore,4053,258040.0,10627.010003848001,11787.687792643768,6460.077967475277,7590.257161097387,0.6078923389679793,0.6439139969277239,-0.036021657959744546,-0.03602165795974453,-1.3877787807814457e-17,-0.03602165795974453,0.0,0.03583666527930088,-0.07185832323904541,0.10769498851834627,0.6655215023899826,0.004498053746689528,115,44,3894,0.5867173452161449,0.8722724558153119,1.0
IND_FUA_10441,Tamluk,24013,2897193.0,199477.05919965357,205709.5373664572,121710.19716990256,125422.49010456291,0.6101463379209169,0.6097067336315646,0.0004396042893523022,0.0004396042893522827,1.951563910473908e-17,0.0004396042893522827,0.0,0.015103796282885322,-0.014664191993533037,0.02976798827641836,0.9852323144825836,0.0021512126278103207,413,227,23373,0.3147167469179997,0.9349040618048291,1.0
IND_FUA_10452,Kolkata,71614,10554134.0,533871.8286426421,663768.8602225508,328920.46429806977,405696.3532843933,0.6161038036682758,0.6112012442830927,0.004902559385183025,0.004902559385183164,-1.3877787807814457e-16,0.004902559385183164,0.0,0.11271072150847933,-0.10780816212329616,0.2205188836317755,0.9777680745320229,0.01230769209296648,7159,1964,62491,0.06795622356264201,0.5784909931446388,0.9968101689226614
IND_FUA_10453,Kolkata,9297,754460.0,12994.489888267592,14371.69674988262,6266.163834391929,6340.894543024646,0.482216992607728,0.4412070928978121,0.041009899709915865,0.04100989970991578,8.326672684688674e-17,0.04100989970991578,0.0,0.05833989904291198,-0.01732999933299621,0.07566989837590818,0.458042093486245,0.0018254206473703404,140,107,9050,0.4552114309844775,0.9239358542497513,1.0000000000000002
IND_FUA_10496,Guwahati,5272,788595.0,92813.91976500303,101227.36804425223,107530.0767113048,112021.12649817829,1.1585554945159287,1.1066288560343434,0.0519266384815853,0.051926638481585505,-2.0816681711721685e-16,0.051926638481585505,0.0,0.09564529619558824,-0.04371865771400274,0.13936395390959097,0.6274026602655687,0.010668908982746795,488,134,4650,0.24773890040930036,0.5722476030939394,0.9984985288918855
IND_FUA_10533,Imphal,5259,738716.0,127985.44001894072,138183.46482634734,37028.263160528804,42350.85129386954,0.2893162156183465,0.30648277163328547,-0.017166556014938994,-0.017166556014938984,-1.0408340855860843e-17,-0.017166556014938984,0.0,0.023546769268552765,-0.04071332528349175,0.06426009455204452,0.7328582204149152,0.013805068263590613,501,127,4631,0.411857724940343,0.6965416328552599,0.9988181509550076
