unit_key,eFUA_name,difference_J_minus_F_m,model_nonzero_support_share_term_m,conditional_model_depth_term_m,symmetric_identity_residual_m,decomposition_defined_both_nonzero,p_J,p_F,mu_J_m,mu_F_m
IND_FUA_02091,Srinagar,-0.213176595119694,-0.09505576607312594,-0.11812082904656797,-9.71445146547012e-17,True,0.4102580943827725,0.46317898775726035,1.6609491755686794,1.9314227596696814
IND_FUA_03357,Jammu,0.00016584812608744226,0.005402542954972494,-0.005236694828885055,3.469446951953614e-18,True,0.13342706784443376,0.12571324617491655,0.6801638212052471,0.7205797236764776
IND_FUA_03722,Rajkot,-9.911328336028512e-05,-9.911328336028517e-05,3.701800226380351e-20,1.7192106360471713e-20,True,0.00028387188072238873,0.0003829851640826739,1.0,0.9999999999999999
IND_FUA_04396,Amritsar,0.003329672908124269,0.0024443799647020925,0.0008852929434221743,2.168404344971009e-18,True,0.21547017966655113,0.20525286630202716,0.2413432308369096,0.23713479513601246
IND_FUA_05324,Jodhpur,0.0010397215125535902,0.0010111635111490671,2.8558001404524185e-05,-1.060485249962384e-18,True,0.05060526556548839,0.048943823465465996,0.6088928015864775,0.6083190544697029
IND_FUA_05617,Jalandhar,0.0005246663442050386,1.8324663780848647e-06,0.0005228338778269549,-1.0842021724855044e-18,True,0.006902800364962759,0.006900508769969218,0.8375241318087946,0.761769271475511
IND_FUA_05991,Ahmedabad,-0.004521636195248924,-0.0010866230055622018,-0.0034350131896866494,-7.24247051220317e-17,True,0.5176409156192195,0.5188633224806214,0.8856068616924828,0.8922349352949291
IND_FUA_06065,Ludhiana,0.0007108714617285045,0.0029863169526448932,-0.0022754454909164066,1.7780915628762273e-17,True,0.22848218122210012,0.22271837344471399,0.5130722014497249,0.5231583836025668
IND_FUA_06611,Surat,-0.002865767359490512,0.0016932723399334564,-0.004559039699424003,3.469446951953614e-17,True,0.8014427681015538,0.8001988112715985,1.3583521564424141,1.3640451151644377
IND_FUA_06651,Vadodara,0.00027127748636562865,0.0001535048270101295,0.00011777265935548203,1.7103289270958832e-17,True,0.42735315769004023,0.427023117304928,0.46524706915355074,0.4649713764340726
IND_FUA_06781,Chandigarh,-5.558499259655119e-06,1.7395798262143712e-05,-2.295429752179883e-05,0.0,True,0.001986651991576142,0.001935667916539007,0.33534840017175654,0.34705284960960436
IND_FUA_07108,Silvassa,-0.004949432889341104,0.0017770520291950937,-0.0067264849185361885,-9.540979117872439e-18,True,0.11569011826305438,0.11434434055578833,1.2912235483662204,1.3497059596803744
IND_FUA_07139,Vasai-Virar,0.01260403820234246,-0.04342953341651295,0.0560335716188552,2.0816681711721685e-16,True,0.28618137805818034,0.2976520336723787,3.8821174856033274,3.690166937748369
IND_FUA_07163,Mumbai,-0.01122537244315469,-0.026718143516963132,0.015492771073808493,-5.204170427930421e-17,True,0.12689389291904357,0.13800829422179076,2.4624059481736245,2.3454361998976556
IND_FUA_07320,Jaipur,-1.4771074086674476e-05,-1.4771074086674476e-05,0.0,0.0,True,3.2022239439613474e-05,4.679331352628795e-05,1.0,1.0
IND_FUA_07466,Delhi [New Delhi],0.002478546561817563,0.0035855386317654257,-0.0011069920699478283,-3.447762908503904e-17,True,0.34015145766674065,0.33617823087197857,0.9007880954589411,0.9040616234104927
IND_FUA_07490,Saharanpur,0.0,,,,False,0.0,0.0,,
IND_FUA_07499,Nashik,-0.0069107388997988895,-0.0025506034395986494,-0.00436013546020024,0.0,True,0.002306440987541379,0.0043799857489830755,0.5779816239749741,1.8821566735221706
IND_FUA_07581,Dehradun,0.0,,,,False,0.0,0.0,,
IND_FUA_07601,Kota,-0.0022651506652342787,-0.00036930847332487305,-0.0018958421919094061,4.336808689942018e-19,True,0.021700410974856008,0.023326523143901386,0.18500668981540971,0.26921594052340464
IND_FUA_07617,Pune,-0.0017758453593868725,-0.0005015068652796364,-0.0012743384941072372,1.0842021724855044e-18,True,0.026179993480035392,0.02659035226470767,1.1979692581658679,1.2462667811827295
IND_FUA_07631,Haridwar,-0.0063995005395414105,-0.006281836553225685,-0.00011766398631572834,2.574980159653073e-18,True,0.015251132168737577,0.021342859195519124,1.0279924300830323,1.0344232118550725
IND_FUA_07643,Meerut,0.002942810861381512,0.002536196875756818,0.0004066139856247037,-9.75781955236954e-18,True,0.3638882489385026,0.3573744451986372,0.3899210282332729,0.3887935222942304
IND_FUA_07839,Indore,-0.00015048800256348024,-0.0001504880025634802,-5.720026097597437e-20,2.9901523516991455e-21,True,0.0001823630727351532,0.0003328510752986334,1.0,1.0000000000000002
IND_FUA_07881,Kolhapur,-0.00748021381850994,-0.0030549392682015647,-0.004425274550308378,2.6020852139652106e-18,True,0.0262842291454306,0.030279283361573078,0.6864448052663047,0.8429158005836638
IND_FUA_07895,Aligarh,-0.0008437420324745037,0.0013867019223119327,-0.0022304439547864013,-3.5128150388530344e-17,True,0.5270641885671417,0.5236426980512596,0.4031689595071461,0.40741456593305403
IND_FUA_07933,Moradabad,-0.002825170843447411,0.0013284026213833077,-0.004153573464830716,-2.6020852139652106e-18,True,0.36561281492554215,0.36351746419265324,0.6282796465700496,0.6396728737717893
IND_FUA_07957,Agra,-0.004847281392086289,0.001769384087288446,-0.006616665479374743,7.806255641895632e-18,True,0.09856795563625304,0.0966246104166979,0.8765855270419607,0.9443818126605411
IND_FUA_07961,Aurangabad,0.0,,,,False,0.0,0.0,,
IND_FUA_07996,Sangli,-0.0068676726174217995,-0.0011575293881992508,-0.00571014322922252,-2.862293735361732e-17,True,0.15404664017933625,0.1548061026399705,1.505654754806713,1.542631232186182
IND_FUA_08144,Gwalior,0.0,,,,False,0.0,0.0,,
IND_FUA_08224,Bareilly,0.0005410063488473782,0.0005319759435210786,9.030405326300826e-06,-1.2434443665693129e-18,True,0.2259684485384994,0.22447176994888704,0.35545771320494446,0.35541761729451876
IND_FUA_08258,Bhopal,3.7760638492907814e-05,3.7760638492907814e-05,0.0,0.0,True,0.0024189052785645046,0.002381144640071597,1.0,1.0
IND_FUA_08319,Mangaluru,-0.016947992425874414,-0.026361345577074723,0.009413353151200328,-1.9081958235744878e-17,True,0.11982090430711546,0.1279977061631716,3.261903694373416,3.1859339911026523
IND_FUA_08341,Solapur,-0.00023877263032170666,3.831281615181332e-05,-0.00027708544647352037,3.7947076036992655e-19,True,0.005879730496410916,0.005737359665821627,0.2452542630292769,0.29295733541728886
IND_FUA_08419,Farrukhabad,0.00023514524064907616,0.0006032892214147338,-0.0003681439807656533,-4.336808689942018e-18,True,0.11104801293239501,0.1101338444321455,0.6582677508849708,0.6615966313379358
IND_FUA_08433,Shahjahanpur,-0.0032811806009127586,-0.0008502056206745229,-0.002430974980238236,0.0,True,0.3382790513118952,0.3400483793099331,0.47694081747758477,0.48410837364735293
IND_FUA_08497,Kannur,-0.00474899279605219,-0.003895711806868343,-0.0008532809891838478,8.673617379884035e-19,True,0.09519399667694177,0.09918700295809244,0.9712440442583038,0.980023513350303
IND_FUA_08587,Hardoi,0.0,,,,False,0.0,0.0,,
IND_FUA_08595,Thalassery,0.001063397769792536,-1.560494970928183e-06,0.001064958264763463,1.0842021724855044e-18,True,0.008690463957000575,0.008691809462875937,1.221050011634974,1.0985161820214449
IND_FUA_08673,Kozhikode,0.0031933006960349064,-0.0007120348908283228,0.0039053355868632032,2.6020852139652106e-17,True,0.08776131964223884,0.08807114578670576,2.3203861663266383,2.2759650683532224
IND_FUA_08674,Guruvayur,0.005701549231586556,0.0038343913115983985,0.0018671579199881964,-3.924811864397526e-17,True,0.2618425561490493,0.25794273740388257,0.9868151267638499,0.9796307837547376
IND_FUA_08675,Malappuram,-0.021725599456733413,-0.017784183132174235,-0.003941416324559222,4.423544863740858e-17,True,0.12211585448675419,0.1265502996973259,3.9946138251876633,4.026314289913084
IND_FUA_08686,Lakhimpur,0.0005205850688199381,0.0002533821780786787,0.00026720289074126,-6.505213034913027e-19,True,0.021594679552193054,0.020802127836173072,0.326006712486887,0.3134018534325903
IND_FUA_08722,Kanpur,-0.000431851805761968,8.786655909413374e-05,-0.000519718364856117,1.5178830414797062e-17,True,0.21017965371755853,0.2100687739842652,0.7912125352248112,0.7936859215867698
IND_FUA_08848,Lucknow,0.0032048963987623136,0.002581425640120943,0.0006234707586414088,-3.8055496254241206e-17,True,0.13461541923069376,0.13380244324425625,3.1776018391521172,3.172956315542826
IND_FUA_08896,Mysuru,3.4300202841945084e-05,3.521490875663461e-05,-9.147059146896364e-07,1.0842021724855044e-19,True,0.002223410977896078,0.002114183649932318,0.32218928821088694,0.3226110454257365
IND_FUA_08900,Kochi,0.0027836505511443232,-0.006404741501158148,0.009188392052302466,5.204170427930421e-18,True,0.1531941960648467,0.1561574919921081,2.1910594643343484,2.1316552819294294
IND_FUA_08952,Nagpur,-0.0001801038639167331,-4.017072784580141e-05,-0.00013993313607093153,-1.6263032587282567e-19,True,0.003830177360663978,0.003934023149343746,0.3688077265655373,0.4048534561652723
IND_FUA_08997,Kollam,0.005027182618848408,0.0023692261422769098,0.0026579564765714806,1.7780915628762273e-17,True,0.1410612009144677,0.13854471734289647,0.950988937779974,0.9319767759978692
IND_FUA_09007,Jabalpur,-0.0005047387581925238,7.272110009056555e-05,-0.0005774598582830885,-8.673617379884035e-19,True,0.03419079881300966,0.03402406529086781,0.42768633744620244,0.4446169541341939
IND_FUA_09013,Ettumanoor,0.002992296211909329,0.007556447437750863,-0.004564151225841537,2.6020852139652106e-18,True,0.24608351535152997,0.23812356423527278,0.9398822402105611,0.9587343033804608
IND_FUA_09045,Hyderabad,-0.0009035838129773282,-0.0008270796424711759,-7.65041705061523e-05,0.0,True,0.002981001415305656,0.0034102030860921105,1.9150484652464062,1.9389889198162515
IND_FUA_09069,Coimbatore,-0.00017798044363283438,-0.00020453473466161646,2.655429102878204e-05,3.7269449679189215e-20,True,0.00014513446603654437,0.00033119610194862903,1.1550324452304646,1.0435372239974297
IND_FUA_09099,Bengaluru,-1.0203877011054352e-05,6.32822408823267e-06,-1.653210109928739e-05,3.6930636500287495e-19,True,0.0030536037033074234,0.0030454460636548403,0.7730314449133447,0.7784526504227143
IND_FUA_09129,Gonda,-4.357621176633063e-05,-8.819284996138876e-06,-3.475692677019155e-05,-2.0328790734103208e-19,True,0.004830916961355748,0.004870354780006905,0.22004235239872932,0.22720778961084262
IND_FUA_09157,Thiruvananthapuram,0.0008509521231341473,0.00042104804096600407,0.0004299040821681445,-1.3010426069826053e-18,True,0.003372464626017958,0.003210975047268285,2.6725776859044754,2.541976023702701
IND_FUA_09165,Tiruppur,-0.0001398277213140401,2.2666222346829424e-05,-0.00016249394366086927,-2.439454888092385e-19,True,0.004438706222294304,0.0044177327937946894,1.0623638072499935,1.0990589040864704
IND_FUA_09195,Faizabad,0.00012181853951725996,-0.00022032447957368395,0.00034214301909091645,2.7484525072507537e-17,True,0.1824555031986494,0.18273233470325662,0.7968162518635149,0.7949424598935708
IND_FUA_09258,Sultanpur,0.008578729712739375,0.009891092321357252,-0.0013123626086178834,5.854691731421724e-18,True,0.17436600789247497,0.17053014376420336,2.574777459217053,2.5823876491383615
IND_FUA_09266,Erode,-0.003352443162284715,-0.0011723725390645977,-0.002180070623220117,0.0,True,0.006750002421953471,0.008706920453842514,0.4580495889777755,0.7401329817381667
IND_FUA_09282,Prayagraj,-0.012699111826217274,-0.0016761871804254565,-0.011022924645791807,-1.0408340855860843e-17,True,0.146415445728636,0.14873177591353587,0.6862919310138215,0.7609863468003654
IND_FUA_09368,Salem,0.0,,,,False,0.0,0.0,,
IND_FUA_09444,Madurai,-0.006909367688432783,-0.0036132383409454008,-0.0032961293474873805,-1.3010426069826053e-18,True,0.1852995149513177,0.19013491071902008,0.7384681873398847,0.7560272022949046
IND_FUA_09500,Gorakhpur,0.0018743699171863692,-0.0001375689452908832,0.002011938862477213,3.946495907847236e-17,True,0.46636221896191804,0.4664701773817038,1.2764339360720853,1.2721203233151457
IND_FUA_09544,Tiruchirappalli,0.011014482320661267,0.005350868265383837,0.005663614055277465,-3.469446951953614e-17,True,0.3712926297832487,0.3680546928561647,1.6602151056658965,1.6448945279567386
IND_FUA_09562,Varanasi,-0.008248107304242414,-0.0007647319596644629,-0.0074833753445779526,1.734723475976807e-18,True,0.35628959799968524,0.35772415340222624,0.5225987024162299,0.5435601344051374
IND_FUA_09564,Durg,-0.0037029465027560715,-0.0009312166724285393,-0.0027717298303275603,2.8189256484623115e-17,True,0.12729639022382133,0.1280178256136729,1.2799270363817206,1.3016393395626116
IND_FUA_09570,Vellore,-0.007849472201948579,-0.005944974189555915,-0.0019044980123926695,5.204170427930421e-18,True,0.12408182724229123,0.130298830069383,0.9487576046956255,0.963731211828492
IND_FUA_09620,Raipur,0.0008180079608574725,0.0012377243678577384,-0.000419716407000274,8.185726402265558e-18,True,0.08227920639952699,0.08068486823599903,0.7737493552729501,0.7789003851295486
IND_FUA_09710,Bilaspur,-0.0006418946305758073,-5.085963569248371e-05,-0.0005910349948833263,2.6020852139652106e-18,True,0.03858130566757804,0.038647190305714584,0.7642967685122132,0.779602906160879
IND_FUA_09782,Kuchai Kot,0.0005026764002658279,0.00018965216492825885,0.0003130242353375838,-1.474514954580286e-17,True,0.18662515134404215,0.1863414567553253,0.6693475036152415,0.667668939215427
IND_FUA_09794,Vijayawada,-0.002501172339666957,-0.005803424701427143,0.003302252361760096,8.933825901280557e-17,True,0.6098177251913284,0.6136226254126012,1.5279493206526904,1.5225510151936135
IND_FUA_09834,Puducherry,-0.0006849543094503141,-0.013477390942981381,0.012792436633531117,-5.0306980803327406e-17,True,0.3568730288759844,0.3668729456470126,1.3654256244872611,1.3300749984835385
IND_FUA_09850,Chennai,0.005530179205001429,0.009737331072051901,-0.0042071518670504585,-1.3877787807814457e-17,True,0.33433202941198475,0.32910690741632026,1.8572190912372728,1.8699019521111417
IND_FUA_10007,Muzaffarpur,-0.0006349492620488784,0.0005171735265042318,-0.0011521227885531082,-1.951563910473908e-18,True,0.6843383094090573,0.6835814810652167,0.6825009875365871,0.6841854763444486
IND_FUA_10017,Patna,-0.01715811276729884,0.0017832691444022674,-0.018941381911701152,4.5102810375396984e-17,True,0.9695226912084236,0.9682451935459017,1.3861331053095622,1.4056827965401015
IND_FUA_10065,Gaya,0.0001735636486513148,0.00019736806532100383,-2.380441666968885e-05,-1.8295911660692887e-19,True,0.04548766283086187,0.04509618109026396,0.5038937142144603,0.5044192917488033
IND_FUA_10142,Visakhapatnam,-0.00028708901384690575,-0.0002926487656954255,5.559751848519655e-06,7.199780051661553e-20,True,0.0027421680648168473,0.0030353909750719145,0.9990042530833441,0.997079650734797
IND_FUA_10152,Begusarai,0.008299716010967462,0.006168534934673036,0.0021311810762943456,8.023096076392733e-17,True,0.987938796796762,0.9814141155147549,0.9464976913687196,0.9443333448333971
IND_FUA_10168,Ranchi,-1.2285016635243301e-05,-1.2285016635243301e-05,0.0,0.0,True,4.5821769950845974e-05,5.8106786586089275e-05,1.0,1.0
IND_FUA_10243,Dhanbad,-0.00020135113430745579,-0.00038761243499228635,0.00018626130068483048,8.131516293641283e-20,True,0.00023993714575979485,0.0003390477636819628,4.232610462588937,3.589204053726161
IND_FUA_10285,Jamshedpur,0.004626736689995831,0.004515561980087128,0.00011117470990867407,2.8406096919120216e-17,True,0.1386764678331484,0.13564197805284178,1.488484757992625,1.487674205792611
IND_FUA_10313,Asansol,-0.0031278891276971784,-0.0037327245411531524,0.0006048354134559742,-1.0842021724855044e-19,True,0.002396394591906319,0.005275301790478953,1.375416742455296,1.2177370368703053
IND_FUA_10354,Bhubaneshwar,0.011033987890798569,0.008988696531389529,0.0020452913594089985,4.163336342344337e-17,True,0.450667253945864,0.4402761992474528,0.8673374342590047,0.8627461409461052
IND_FUA_10432,Berhampore,-0.03602165795974466,0.0011508431207584025,-0.03717250108050303,-2.7755575615628914e-17,True,0.8203201084914827,0.8188132189956949,0.7410428351998529,0.7863991225221163
IND_FUA_10441,Tamluk,0.0004396042893523022,0.0008004186421546409,-0.00036081435280236435,2.5695591487906455e-17,True,0.737756511390881,0.7367889739934155,0.8270294175657187,0.8275188081696421
IND_FUA_10452,Kolkata,0.004902559385183025,0.009535873327560859,-0.00463331394237784,6.071532165918825e-18,True,0.6385390666666064,0.6286932565362267,0.9648646979182489,0.9721771912275539
IND_FUA_10453,Kolkata,0.04100989970991581,0.033157824379627186,0.007852075330288616,6.938893903907228e-18,True,0.5282800615934016,0.49164590958098126,0.912805588674428,0.8974082450392866
IND_FUA_10496,Guwahati,0.05192663848158574,0.03330741508298,0.018619223398605465,2.7755575615628914e-16,True,0.7566426464073404,0.734711035746693,1.5311792165257065,1.5062096554867546
IND_FUA_10533,Imphal,-0.01716655601493905,-0.011458938374478549,-0.005707617640460437,-6.331740687315346e-17,True,0.19184229071630124,0.19936777906431777,1.5080940419242121,1.537273340113858
ALL91_POOLED,Pooled 91-city allocation,-0.0005916935238948762,6.587243676277836e-05,-0.0006575659606576174,-3.707971429900425e-17,True,0.1833055868589904,0.1832442390015934,1.0719589173142081,1.0755467840339032
