unit_key,eFUA_name,category,cells,signed_contribution_m,absolute_contribution_m,absolute_contribution_share
IND_FUA_02091,Srinagar,positive_cov_above_F_mean,304,-0.61667804056432,0.61667804056432,0.5617580754809671
IND_FUA_02091,Srinagar,positive_cov_below_F_mean,605,0.42481571991761347,0.42481571991761347,0.38698258338597247
IND_FUA_02091,Srinagar,negative_cov_above_F_mean,51,0.017478203615721465,0.017478203615721465,0.015921633948644053
IND_FUA_02091,Srinagar,negative_cov_below_F_mean,120,-0.03879247823963244,0.03879247823963244,0.035337707013357304
IND_FUA_02091,Srinagar,near_zero_cov_or_equal_depth,2496,1.5092334369444098e-10,1.877825125581852e-10,1.7105902257705597e-10
IND_FUA_03357,Jammu,positive_cov_above_F_mean,65,-0.008169814137488834,0.008169814137488834,0.43025364709602626
IND_FUA_03357,Jammu,positive_cov_below_F_mean,1540,0.009285144785209743,0.009285144785209743,0.48899122310744264
IND_FUA_03357,Jammu,negative_cov_above_F_mean,19,0.00029196275722473647,0.00029196275722473647,0.015375875019693647
IND_FUA_03357,Jammu,negative_cov_below_F_mean,561,-0.0012414452739196258,0.0012414452739196258,0.06537925438512149
IND_FUA_03357,Jammu,near_zero_cov_or_equal_depth,6180,-4.938568857579282e-12,7.438045030808096e-12,3.9171588825805556e-10
IND_FUA_03722,Rajkot,positive_cov_above_F_mean,6,-0.00011712198748663172,0.00011712198748663172,0.8030364811368559
IND_FUA_03722,Rajkot,positive_cov_below_F_mean,1470,2.3367808313151877e-05,2.3367808313151877e-05,0.16021929752358333
IND_FUA_03722,Rajkot,negative_cov_above_F_mean,0,0.0,0.0,0.0
IND_FUA_03722,Rajkot,negative_cov_below_F_mean,489,-5.3591041836204835e-06,5.3591041836204835e-06,0.03674422077367499
IND_FUA_03722,Rajkot,near_zero_cov_or_equal_depth,5307,-3.1847987392414395e-15,8.253382743188173e-14,5.658858407198712e-10
IND_FUA_04396,Amritsar,positive_cov_above_F_mean,442,-0.005404833662538449,0.005404833662538449,0.32916611034802185
IND_FUA_04396,Amritsar,positive_cov_below_F_mean,4346,0.008823775251661944,0.008823775251661944,0.5373870796997978
IND_FUA_04396,Amritsar,negative_cov_above_F_mean,146,0.0010509489947329467,0.0010509489947329467,0.06400507663503824
IND_FUA_04396,Amritsar,negative_cov_below_F_mean,1188,-0.0011402176705353193,0.0011402176705353193,0.06944173289949483
IND_FUA_04396,Amritsar,near_zero_cov_or_equal_depth,8672,-5.196852132487156e-12,6.857674576426319e-12,4.176472778432544e-10
IND_FUA_05324,Jodhpur,positive_cov_above_F_mean,42,-0.0005533969867494847,0.0005533969867494847,0.2094277745182504
IND_FUA_05324,Jodhpur,positive_cov_below_F_mean,2337,0.0017886391926178703,0.0017886391926178703,0.6768933234102572
IND_FUA_05324,Jodhpur,negative_cov_above_F_mean,9,5.243358314908972e-05,5.243358314908972e-05,0.019842985942932982
IND_FUA_05324,Jodhpur,negative_cov_below_F_mean,850,-0.0002479542772992777,0.0002479542772992777,0.09383591476000609
IND_FUA_05324,Jodhpur,near_zero_cov_or_equal_depth,9027,8.353910485299502e-13,3.6162982560851122e-12,1.3685533421760003e-09
IND_FUA_05617,Jalandhar,positive_cov_above_F_mean,14,-0.00039237206540953054,0.00039237206540953054,0.25697285216613586
IND_FUA_05617,Jalandhar,positive_cov_below_F_mean,1953,0.0007963877642098223,0.0007963877642098223,0.5215713687099788
IND_FUA_05617,Jalandhar,negative_cov_above_F_mean,6,0.0002293958307954436,0.0002293958307954436,0.150236232676246
IND_FUA_05617,Jalandhar,negative_cov_below_F_mean,564,-0.00010874518555090226,0.00010874518555090226,0.07121954632826483
IND_FUA_05617,Jalandhar,near_zero_cov_or_equal_depth,6248,1.6020559447806655e-13,1.822732065056508e-13,1.1937461883362315e-10
IND_FUA_05991,Ahmedabad,positive_cov_above_F_mean,703,-0.012269578874761065,0.012269578874761065,0.4089788650589383
IND_FUA_05991,Ahmedabad,positive_cov_below_F_mean,2044,0.010196335856064742,0.010196335856064742,0.33987196371923756
IND_FUA_05991,Ahmedabad,negative_cov_above_F_mean,294,0.002543106341276159,0.002543106341276159,0.08476874029627743
IND_FUA_05991,Ahmedabad,negative_cov_below_F_mean,1130,-0.004991499520551815,0.004991499520551815,0.16638042998010152
IND_FUA_05991,Ahmedabad,near_zero_cov_or_equal_depth,17693,2.7230249073873726e-12,2.8363845843959463e-11,9.454451208452845e-10
IND_FUA_06065,Ludhiana,positive_cov_above_F_mean,409,-0.012329936963599058,0.012329936963599058,0.4271760811716097
IND_FUA_06065,Ludhiana,positive_cov_below_F_mean,2803,0.013493661636234722,0.013493661636234722,0.46749383354024077
IND_FUA_06065,Ludhiana,negative_cov_above_F_mean,125,0.001293688130556266,0.001293688130556266,0.04482039344570504
IND_FUA_06065,Ludhiana,negative_cov_below_F_mean,795,-0.0017465413394107637,0.0017465413394107637,0.060509691750761915
IND_FUA_06065,Ludhiana,near_zero_cov_or_equal_depth,8429,-2.052662629682213e-12,2.6463103830147667e-12,9.168258542742936e-11
IND_FUA_06611,Surat,positive_cov_above_F_mean,461,-0.019067838191514648,0.019067838191514648,0.3609226397237561
IND_FUA_06611,Surat,positive_cov_below_F_mean,873,0.015440345499244758,0.015440345499244758,0.2922602027488447
IND_FUA_06611,Surat,negative_cov_above_F_mean,265,0.009542179587121877,0.009542179587121877,0.1806176773009734
IND_FUA_06611,Surat,negative_cov_below_F_mean,565,-0.008780454343502764,0.008780454343502764,0.16619947829435633
IND_FUA_06611,Surat,near_zero_cov_or_equal_depth,6230,8.916026328462565e-11,1.0207280804684405e-10,1.9320694330559978e-09
IND_FUA_06651,Vadodara,positive_cov_above_F_mean,227,-0.0025102978852728722,0.0025102978852728722,0.30527264334689774
IND_FUA_06651,Vadodara,positive_cov_below_F_mean,816,0.003102653183981726,0.003102653183981726,0.37730786629723556
IND_FUA_06651,Vadodara,negative_cov_above_F_mean,86,0.0011445525934917571,0.0011445525934917571,0.13918690595032537
IND_FUA_06651,Vadodara,negative_cov_below_F_mean,383,-0.001465630409826161,0.001465630409826161,0.17823258028542474
IND_FUA_06651,Vadodara,near_zero_cov_or_equal_depth,7038,3.9911665121546956e-12,3.3880271303444925e-11,4.120116596038327e-09
IND_FUA_06781,Chandigarh,positive_cov_above_F_mean,6,-3.2508675757474156e-05,3.2508675757474156e-05,0.4099141201536223
IND_FUA_06781,Chandigarh,positive_cov_below_F_mean,3784,3.511898214054279e-05,3.511898214054279e-05,0.4428284551554396
IND_FUA_06781,Chandigarh,negative_cov_above_F_mean,5,1.7548005909710444e-06,1.7548005909710444e-06,0.022126940686827943
IND_FUA_06781,Chandigarh,negative_cov_below_F_mean,1231,-9.923606188913163e-06,9.923606188913163e-06,0.12513048301403465
IND_FUA_06781,Chandigarh,near_zero_cov_or_equal_depth,10430,-4.4781457804245065e-14,7.851899486468894e-14,9.900755396936085e-10
IND_FUA_07108,Silvassa,positive_cov_above_F_mean,109,-0.012910401433636538,0.012910401433636538,0.5213090706704844
IND_FUA_07108,Silvassa,positive_cov_below_F_mean,658,0.006686977505509315,0.006686977505509315,0.27001344976843067
IND_FUA_07108,Silvassa,negative_cov_above_F_mean,35,0.003220980896567672,0.003220980896567672,0.1300599804327005
IND_FUA_07108,Silvassa,negative_cov_below_F_mean,290,-0.0019469898549897028,0.0019469898549897028,0.07861749900859957
IND_FUA_07108,Silvassa,near_zero_cov_or_equal_depth,5359,-2.791864006121802e-12,2.9665125315648506e-12,1.1978480289027047e-10
IND_FUA_07139,Vasai-Virar,positive_cov_above_F_mean,154,-0.06579372324634382,0.06579372324634382,0.36404896199469555
IND_FUA_07139,Vasai-Virar,positive_cov_below_F_mean,271,0.09005828970895784,0.09005828970895784,0.49830934122405945
IND_FUA_07139,Vasai-Virar,negative_cov_above_F_mean,29,0.006607567674865495,0.006607567674865495,0.03656090633962049
IND_FUA_07139,Vasai-Virar,negative_cov_below_F_mean,87,-0.018268096194761097,0.018268096194761097,0.10108078900507572
IND_FUA_07139,Vasai-Virar,near_zero_cov_or_equal_depth,2335,2.596241335697143e-10,2.596241335697143e-10,1.436548832795824e-09
IND_FUA_07163,Mumbai,positive_cov_above_F_mean,1238,-0.04725852854658858,0.04725852854658858,0.4973878484195365
IND_FUA_07163,Mumbai,positive_cov_below_F_mean,4373,0.0342968853248148,0.0342968853248148,0.3609687928049682
IND_FUA_07163,Mumbai,negative_cov_above_F_mean,210,0.007597146408564312,0.007597146408564312,0.07995865344302566
IND_FUA_07163,Mumbai,negative_cov_below_F_mean,1042,-0.005860875692684834,0.005860875692684834,0.06168470412203095
IND_FUA_07163,Mumbai,near_zero_cov_or_equal_depth,15018,6.273967678666792e-11,1.1500794733208703e-10,1.210438776532399e-09
IND_FUA_07320,Jaipur,positive_cov_above_F_mean,4,-1.60723717790775e-05,1.60723717790775e-05,0.895902265138382
IND_FUA_07320,Jaipur,positive_cov_below_F_mean,3380,1.4833122979655145e-06,1.4833122979655145e-06,0.08268243579238543
IND_FUA_07320,Jaipur,negative_cov_above_F_mean,1,1.0108655604027589e-07,1.0108655604027589e-07,0.005634742387518316
IND_FUA_07320,Jaipur,negative_cov_below_F_mean,1205,-2.8310116194866554e-07,2.8310116194866554e-07,0.01578055658115662
IND_FUA_07320,Jaipur,near_zero_cov_or_equal_depth,22322,3.45895144801038e-16,1.8039947130242516e-15,1.0055783750597493e-10
IND_FUA_07466,Delhi [New Delhi],positive_cov_above_F_mean,7229,-0.014879545868205592,0.014879545868205592,0.39396188066856663
IND_FUA_07466,Delhi [New Delhi],positive_cov_below_F_mean,26216,0.016698557972906522,0.016698557972906522,0.4421233928594819
IND_FUA_07466,Delhi [New Delhi],negative_cov_above_F_mean,2517,0.0034252147650672225,0.0034252147650672225,0.09068852386301746
IND_FUA_07466,Delhi [New Delhi],negative_cov_below_F_mean,7220,-0.0027656803266174522,0.0027656803266174522,0.07322620142127126
IND_FUA_07466,Delhi [New Delhi],near_zero_cov_or_equal_depth,69958,1.8666758368598946e-11,4.485683331002215e-11,1.187662753163305e-09
IND_FUA_07490,Saharanpur,positive_cov_above_F_mean,0,0.0,0.0,
IND_FUA_07490,Saharanpur,positive_cov_below_F_mean,0,0.0,0.0,
IND_FUA_07490,Saharanpur,negative_cov_above_F_mean,0,0.0,0.0,
IND_FUA_07490,Saharanpur,negative_cov_below_F_mean,0,0.0,0.0,
IND_FUA_07490,Saharanpur,near_zero_cov_or_equal_depth,3226,0.0,0.0,
IND_FUA_07499,Nashik,positive_cov_above_F_mean,36,-0.0073004653763357,0.0073004653763357,0.9192828226307643
IND_FUA_07499,Nashik,positive_cov_below_F_mean,896,0.000512628674641966,0.000512628674641966,0.06455078007956633
IND_FUA_07499,Nashik,negative_cov_above_F_mean,6,2.741454413406531e-06,2.741454413406531e-06,0.00034520702740937646
IND_FUA_07499,Nashik,negative_cov_below_F_mean,373,-0.00012564365262135178,0.00012564365262135178,0.01582119024929464
IND_FUA_07499,Nashik,near_zero_cov_or_equal_depth,9475,1.0278978694218032e-13,1.0296239784239056e-13,1.2965141101852971e-11
IND_FUA_07581,Dehradun,positive_cov_above_F_mean,0,0.0,0.0,
IND_FUA_07581,Dehradun,positive_cov_below_F_mean,0,0.0,0.0,
IND_FUA_07581,Dehradun,negative_cov_above_F_mean,0,0.0,0.0,
IND_FUA_07581,Dehradun,negative_cov_below_F_mean,0,0.0,0.0,
IND_FUA_07581,Dehradun,near_zero_cov_or_equal_depth,4475,0.0,0.0,
IND_FUA_07601,Kota,positive_cov_above_F_mean,73,-0.002485040357683725,0.002485040357683725,0.862245482077081
IND_FUA_07601,Kota,positive_cov_below_F_mean,962,0.00027401892103758057,0.00027401892103758057,0.09507756119040095
IND_FUA_07601,Kota,negative_cov_above_F_mean,11,3.4434089430356244e-05,3.4434089430356244e-05,0.011947748835933235
IND_FUA_07601,Kota,negative_cov_below_F_mean,409,-8.85633184563938e-05,8.85633184563938e-05,0.030729207668867237
IND_FUA_07601,Kota,near_zero_cov_or_equal_depth,3973,4.3790298202845505e-13,6.562951972976475e-13,2.277176573929929e-10
IND_FUA_07617,Pune,positive_cov_above_F_mean,181,-0.002908445031857966,0.002908445031857966,0.6437673195051573
IND_FUA_07617,Pune,positive_cov_below_F_mean,3839,0.000919354185316549,0.000919354185316549,0.20349367895015644
IND_FUA_07617,Pune,negative_cov_above_F_mean,57,0.00045164879306628384,0.00045164879306628384,0.09996982225387993
IND_FUA_07617,Pune,negative_cov_below_F_mean,1585,-0.00023840330580381563,0.00023840330580381563,0.05276917922029538
IND_FUA_07617,Pune,near_zero_cov_or_equal_depth,27113,-1.0792086466593032e-13,3.1855866679488435e-13,7.051110018629853e-11
IND_FUA_07631,Haridwar,positive_cov_above_F_mean,74,-0.007657355401518952,0.007657355401518952,0.8162913921904934
IND_FUA_07631,Haridwar,positive_cov_below_F_mean,872,0.0014380403423811827,0.0014380403423811827,0.15329835061274244
IND_FUA_07631,Haridwar,negative_cov_above_F_mean,8,5.254146364997003e-05,5.254146364997003e-05,0.005601038774046263
IND_FUA_07631,Haridwar,negative_cov_below_F_mean,287,-0.00023272694424262758,0.00023272694424262758,0.024809218242419544
IND_FUA_07631,Haridwar,near_zero_cov_or_equal_depth,3634,1.8901693975084613e-13,1.6913179977497508e-12,1.8029832110784847e-10
IND_FUA_07643,Meerut,positive_cov_above_F_mean,533,-0.006090655041683473,0.006090655041683473,0.33649633173210497
IND_FUA_07643,Meerut,positive_cov_below_F_mean,3411,0.009652381655116438,0.009652381655116438,0.5332744995729052
IND_FUA_07643,Meerut,negative_cov_above_F_mean,137,0.0008691299222357359,0.0008691299222357359,0.04801766454172692
IND_FUA_07643,Meerut,negative_cov_below_F_mean,865,-0.0014880456616436768,0.0014880456616436768,0.08221150322356288
IND_FUA_07643,Meerut,near_zero_cov_or_equal_depth,6381,-1.2643520366421455e-11,1.6827771043322364e-11,9.297002027782857e-10
IND_FUA_07839,Indore,positive_cov_above_F_mean,11,-0.00017899761073948318,0.00017899761073948318,0.8205389132080634
IND_FUA_07839,Indore,positive_cov_below_F_mean,3777,3.0931342157762185e-05,3.0931342157762185e-05,0.14179166846610064
IND_FUA_07839,Indore,negative_cov_above_F_mean,2,2.897857011679223e-06,2.897857011679223e-06,0.013284001016395361
IND_FUA_07839,Indore,negative_cov_below_F_mean,1344,-5.319591006004527e-06,5.319591006004527e-06,0.024385417239625364
IND_FUA_07839,Indore,near_zero_cov_or_equal_depth,11078,1.2566065366902475e-14,1.522993144681746e-14,6.981518549872119e-11
IND_FUA_07881,Kolhapur,positive_cov_above_F_mean,17,-0.009104027580888765,0.009104027580888765,0.659163065051329
IND_FUA_07881,Kolhapur,positive_cov_below_F_mean,409,0.002721486384984059,0.002721486384984059,0.19704502112749825
IND_FUA_07881,Kolhapur,negative_cov_above_F_mean,8,0.0004441543603112421,0.0004441543603112421,0.03215831091211276
IND_FUA_07881,Kolhapur,negative_cov_below_F_mean,197,-0.0015418269829164761,0.0015418269829164761,0.1116336029090601
IND_FUA_07881,Kolhapur,near_zero_cov_or_equal_depth,3240,0.0,0.0,0.0
IND_FUA_07895,Aligarh,positive_cov_above_F_mean,468,-0.010199554149008692,0.010199554149008692,0.44199611612213596
IND_FUA_07895,Aligarh,positive_cov_below_F_mean,1122,0.009609173659054487,0.009609173659054487,0.4164120680567209
IND_FUA_07895,Aligarh,negative_cov_above_F_mean,150,0.001507013852532946,0.001507013852532946,0.06530621437276825
IND_FUA_07895,Aligarh,negative_cov_below_F_mean,365,-0.0017603754349086605,0.0017603754349086605,0.07628559972124531
IND_FUA_07895,Aligarh,near_zero_cov_or_equal_depth,4497,3.985544822858451e-11,3.985544822858451e-11,1.727129741749872e-09
IND_FUA_07933,Moradabad,positive_cov_above_F_mean,288,-0.013841997143454684,0.013841997143454684,0.48593111515567033
IND_FUA_07933,Moradabad,positive_cov_below_F_mean,959,0.011213514737967688,0.011213514737967688,0.39365675812263773
IND_FUA_07933,Moradabad,negative_cov_above_F_mean,95,0.0016166563872116728,0.0016166563872116728,0.05675363409771948
IND_FUA_07933,Moradabad,negative_cov_below_F_mean,292,-0.0018133448238935568,0.0018133448238935568,0.06365849257908739
IND_FUA_07933,Moradabad,near_zero_cov_or_equal_depth,3969,-1.27857547544171e-12,1.27857547544171e-12,4.488511304785732e-11
IND_FUA_07957,Agra,positive_cov_above_F_mean,162,-0.013515841527491575,0.013515841527491575,0.5616904955331767
IND_FUA_07957,Agra,positive_cov_below_F_mean,2618,0.008864090280727517,0.008864090280727517,0.3683733086175576
IND_FUA_07957,Agra,negative_cov_above_F_mean,40,0.0007436649919538151,0.0007436649919538151,0.030905183150570545
IND_FUA_07957,Agra,negative_cov_below_F_mean,696,-0.0009391951374844617,0.0009391951374844617,0.0390310126900329
IND_FUA_07957,Agra,near_zero_cov_or_equal_depth,6967,2.0843780807866272e-13,2.0843780807866272e-13,8.662245371064354e-12
IND_FUA_07961,Aurangabad,positive_cov_above_F_mean,0,0.0,0.0,
IND_FUA_07961,Aurangabad,positive_cov_below_F_mean,0,0.0,0.0,
IND_FUA_07961,Aurangabad,negative_cov_above_F_mean,0,0.0,0.0,
IND_FUA_07961,Aurangabad,negative_cov_below_F_mean,0,0.0,0.0,
IND_FUA_07961,Aurangabad,near_zero_cov_or_equal_depth,6425,0.0,0.0,
IND_FUA_07996,Sangli,positive_cov_above_F_mean,42,-0.016193188452179638,0.016193188452179638,0.4773266671102983
IND_FUA_07996,Sangli,positive_cov_below_F_mean,213,0.009347056039597524,0.009347056039597524,0.2755232003783498
IND_FUA_07996,Sangli,negative_cov_above_F_mean,39,0.004181483282422669,0.004181483282422669,0.12325759591265585
IND_FUA_07996,Sangli,negative_cov_below_F_mean,146,-0.004203023487262366,0.004203023487262366,0.12389253659869608
IND_FUA_07996,Sangli,near_zero_cov_or_equal_depth,4109,0.0,0.0,0.0
IND_FUA_08144,Gwalior,positive_cov_above_F_mean,0,0.0,0.0,
IND_FUA_08144,Gwalior,positive_cov_below_F_mean,0,0.0,0.0,
IND_FUA_08144,Gwalior,negative_cov_above_F_mean,0,0.0,0.0,
IND_FUA_08144,Gwalior,negative_cov_below_F_mean,0,0.0,0.0,
IND_FUA_08144,Gwalior,near_zero_cov_or_equal_depth,4472,0.0,0.0,
IND_FUA_08224,Bareilly,positive_cov_above_F_mean,123,-0.0023481276243495883,0.0023481276243495883,0.33774459813293384
IND_FUA_08224,Bareilly,positive_cov_below_F_mean,1190,0.0033525386707660173,0.0033525386707660173,0.4822147716083477
IND_FUA_08224,Bareilly,negative_cov_above_F_mean,50,0.0003941527706413779,0.0003941527706413779,0.05669324262565523
IND_FUA_08224,Bareilly,negative_cov_below_F_mean,480,-0.0008575574692953137,0.0008575574692953137,0.12334738531227325
IND_FUA_08224,Bareilly,near_zero_cov_or_equal_depth,3301,1.0849165349150955e-12,1.613500614678669e-11,2.3207900245321452e-09
IND_FUA_08258,Bhopal,positive_cov_above_F_mean,6,-6.796108400014557e-05,6.796108400014557e-05,0.28910587999499626
IND_FUA_08258,Bhopal,positive_cov_below_F_mean,1260,0.00010027015645777321,0.00010027015645777321,0.4265484026107999
IND_FUA_08258,Bhopal,negative_cov_above_F_mean,4,3.614683111597392e-05,3.614683111597392e-05,0.1537683156847788
IND_FUA_08258,Bhopal,negative_cov_below_F_mean,599,-3.069526509204477e-05,3.069526509204477e-05,0.1305773996497214
IND_FUA_08258,Bhopal,near_zero_cov_or_equal_depth,7323,1.1351220616857067e-14,4.841813501197424e-13,2.0597033929481423e-09
IND_FUA_08319,Mangaluru,positive_cov_above_F_mean,55,-0.031182515157288915,0.031182515157288915,0.5948652934267992
IND_FUA_08319,Mangaluru,positive_cov_below_F_mean,347,0.014517078301209971,0.014517078301209971,0.27694065086762226
IND_FUA_08319,Mangaluru,negative_cov_above_F_mean,26,0.003218653507509004,0.003218653507509004,0.06140188671522179
IND_FUA_08319,Mangaluru,negative_cov_below_F_mean,182,-0.0035012091250553193,0.0035012091250553193,0.06679216807941732
IND_FUA_08319,Mangaluru,near_zero_cov_or_equal_depth,12148,4.77509387503039e-11,4.77509387503039e-11,9.109392250055522e-10
IND_FUA_08341,Solapur,positive_cov_above_F_mean,5,-0.0003960295329446023,0.0003960295329446023,0.6706542692577477
IND_FUA_08341,Solapur,positive_cov_below_F_mean,580,0.00017586978850909782,0.00017586978850909782,0.29782583036195565
IND_FUA_08341,Solapur,negative_cov_above_F_mean,0,0.0,0.0,0.0
IND_FUA_08341,Solapur,negative_cov_below_F_mean,148,-1.8612885918469326e-05,1.8612885918469326e-05,0.03151990032565324
IND_FUA_08341,Solapur,near_zero_cov_or_equal_depth,3934,3.22675856257803e-14,3.22675856257803e-14,5.464338454171954e-11
IND_FUA_08419,Farrukhabad,positive_cov_above_F_mean,30,-0.0014380587263894047,0.0014380587263894047,0.40863401054153425
IND_FUA_08419,Farrukhabad,positive_cov_below_F_mean,374,0.001828206907551845,0.001828206907551845,0.5194972270766304
IND_FUA_08419,Farrukhabad,negative_cov_above_F_mean,5,4.8958266827390045e-05,4.8958266827390045e-05,0.0139118191459878
IND_FUA_08419,Farrukhabad,negative_cov_below_F_mean,122,-0.00020396120957333965,0.00020396120957333965,0.05795694260144384
IND_FUA_08419,Farrukhabad,near_zero_cov_or_equal_depth,1382,2.2325840916323804e-12,2.2325840916323804e-12,6.344037100108859e-10
IND_FUA_08433,Shahjahanpur,positive_cov_above_F_mean,167,-0.0062658320960717545,0.0062658320960717545,0.6113459931369869
IND_FUA_08433,Shahjahanpur,positive_cov_below_F_mean,383,0.001883647684925415,0.001883647684925415,0.18378412427981644
IND_FUA_08433,Shahjahanpur,negative_cov_above_F_mean,69,0.0016003822321816377,0.0016003822321816377,0.15614642239539944
IND_FUA_08433,Shahjahanpur,negative_cov_below_F_mean,169,-0.0004993784375229319,0.0004993784375229319,0.04872345797935621
IND_FUA_08433,Shahjahanpur,near_zero_cov_or_equal_depth,2523,1.5574899690740048e-11,2.263484289564747e-11,2.208441001509532e-09
IND_FUA_08497,Kannur,positive_cov_above_F_mean,40,-0.011311880919712521,0.011311880919712521,0.5461902434919884
IND_FUA_08497,Kannur,positive_cov_below_F_mean,556,0.007730233048392096,0.007730233048392096,0.3732516193300236
IND_FUA_08497,Kannur,negative_cov_above_F_mean,18,0.00025052776853953345,0.00025052776853953345,0.012096646337715322
IND_FUA_08497,Kannur,negative_cov_below_F_mean,306,-0.0014178726936307472,0.0014178726936307472,0.06846149082291617
IND_FUA_08497,Kannur,near_zero_cov_or_equal_depth,11271,3.5946529396093105e-13,3.5946529396093105e-13,1.7356656936981776e-11
IND_FUA_08587,Hardoi,positive_cov_above_F_mean,0,0.0,0.0,
IND_FUA_08587,Hardoi,positive_cov_below_F_mean,0,0.0,0.0,
IND_FUA_08587,Hardoi,negative_cov_above_F_mean,0,0.0,0.0,
IND_FUA_08587,Hardoi,negative_cov_below_F_mean,0,0.0,0.0,
IND_FUA_08587,Hardoi,near_zero_cov_or_equal_depth,1506,0.0,0.0,
IND_FUA_08595,Thalassery,positive_cov_above_F_mean,5,-0.00017930606263707116,0.00017930606263707116,0.09581495875458619
IND_FUA_08595,Thalassery,positive_cov_below_F_mean,443,0.0014673881810547784,0.0014673881810547784,0.78412149582087
IND_FUA_08595,Thalassery,negative_cov_above_F_mean,0,0.0,0.0,0.0
IND_FUA_08595,Thalassery,negative_cov_below_F_mean,263,-0.0002246843486251739,0.0002246843486251739,0.12006354542454388
IND_FUA_08595,Thalassery,near_zero_cov_or_equal_depth,12873,0.0,0.0,0.0
IND_FUA_08673,Kozhikode,positive_cov_above_F_mean,63,-0.024888826474284143,0.024888826474284143,0.37326338168892137
IND_FUA_08673,Kozhikode,positive_cov_below_F_mean,779,0.025785082529677247,0.025785082529677247,0.3867047372482467
IND_FUA_08673,Kozhikode,negative_cov_above_F_mean,38,0.009151064397618092,0.009151064397618092,0.1372405905371746
IND_FUA_08673,Kozhikode,negative_cov_below_F_mean,512,-0.006854019757390407,0.006854019757390407,0.10279129051944615
IND_FUA_08673,Kozhikode,near_zero_cov_or_equal_depth,15682,4.141398650124062e-13,4.141398650124062e-13,6.210949586813345e-12
IND_FUA_08674,Guruvayur,positive_cov_above_F_mean,81,-0.008351251154936578,0.008351251154936578,0.275631665543368
IND_FUA_08674,Guruvayur,positive_cov_below_F_mean,775,0.01671480829480882,0.01671480829480882,0.5516694880877697
IND_FUA_08674,Guruvayur,negative_cov_above_F_mean,42,0.0012852619189218748,0.0012852619189218748,0.042419857432079815
IND_FUA_08674,Guruvayur,negative_cov_below_F_mean,570,-0.003947269826948773,0.003947269826948773,0.13027898892824458
IND_FUA_08674,Guruvayur,near_zero_cov_or_equal_depth,29540,-2.586903169619946e-13,2.586903169619946e-13,8.538031200513911e-12
IND_FUA_08675,Malappuram,positive_cov_above_F_mean,31,-0.041181912913693344,0.041181912913693344,0.6113924988106632
IND_FUA_08675,Malappuram,positive_cov_below_F_mean,114,0.01997381554881252,0.01997381554881252,0.2965340882723109
IND_FUA_08675,Malappuram,negative_cov_above_F_mean,8,0.00284216962270431,0.00284216962270431,0.04219525186483393
IND_FUA_08675,Malappuram,negative_cov_below_F_mean,74,-0.003359671714557054,0.003359671714557054,0.049878161052192
IND_FUA_08675,Malappuram,near_zero_cov_or_equal_depth,17609,0.0,0.0,0.0
IND_FUA_08686,Lakhimpur,positive_cov_above_F_mean,3,-3.172480034790486e-06,3.172480034790486e-06,0.004200179082088492
IND_FUA_08686,Lakhimpur,positive_cov_below_F_mean,411,0.0006379526258514029,0.0006379526258514029,0.844612178825405
IND_FUA_08686,Lakhimpur,negative_cov_above_F_mean,0,0.0,0.0,0.0
IND_FUA_08686,Lakhimpur,negative_cov_below_F_mean,156,-0.0001141950772784015,0.0001141950772784015,0.15118764171951574
IND_FUA_08686,Lakhimpur,near_zero_cov_or_equal_depth,825,2.817275685763525e-13,2.817275685763525e-13,3.729909179586669e-10
IND_FUA_08722,Kanpur,positive_cov_above_F_mean,408,-0.003977024256973118,0.003977024256973118,0.46163779719202325
IND_FUA_08722,Kanpur,positive_cov_below_F_mean,2661,0.0031572806962225828,0.0031572806962225828,0.36648509326176393
IND_FUA_08722,Kanpur,negative_cov_above_F_mean,159,0.0009343092510157595,0.0009343092510157595,0.10845105200925097
IND_FUA_08722,Kanpur,negative_cov_below_F_mean,756,-0.0005464174955140299,0.0005464174955140299,0.06342605744332627
IND_FUA_08722,Kanpur,near_zero_cov_or_equal_depth,12104,-5.131805490514249e-13,8.066744965154835e-13,9.363569683274107e-11
IND_FUA_08848,Lucknow,positive_cov_above_F_mean,446,-0.007242168691316508,0.007242168691316508,0.32208711069754087
IND_FUA_08848,Lucknow,positive_cov_below_F_mean,4874,0.011034418903963164,0.011034418903963164,0.49074307082423874
IND_FUA_08848,Lucknow,negative_cov_above_F_mean,199,0.0018105913824225943,0.0018105913824225943,0.0805239662143729
IND_FUA_08848,Lucknow,negative_cov_below_F_mean,1826,-0.0023979452089088215,0.0023979452089088215,0.10664585110735017
IND_FUA_08848,Lucknow,near_zero_cov_or_equal_depth,25276,1.260186924650275e-11,2.600398455784567e-11,1.1564972606758548e-09
IND_FUA_08896,Mysuru,positive_cov_above_F_mean,0,0.0,0.0,0.0
IND_FUA_08896,Mysuru,positive_cov_below_F_mean,512,3.9984157655767255e-05,3.9984157655767255e-05,0.875090697387442
IND_FUA_08896,Mysuru,negative_cov_above_F_mean,1,1.1665800154821778e-08,1.1665800154821778e-08,0.0002553169503020165
IND_FUA_08896,Mysuru,negative_cov_below_F_mean,205,-5.695620585265387e-06,5.695620585265387e-06,0.12465398503387622
IND_FUA_08896,Mysuru,near_zero_cov_or_equal_depth,5993,-2.871156837656885e-14,2.871156837656885e-14,6.283795349660152e-10
IND_FUA_08900,Kochi,positive_cov_above_F_mean,331,-0.017913313685430747,0.017913313685430747,0.3139282045444872
IND_FUA_08900,Kochi,positive_cov_below_F_mean,3197,0.025414353450765443,0.025414353450765443,0.44538283025472186
IND_FUA_08900,Kochi,negative_cov_above_F_mean,185,0.0045083801098612115,0.0045083801098612115,0.07900870258549125
IND_FUA_08900,Kochi,negative_cov_below_F_mean,2081,-0.009225769400646209,0.009225769400646209,0.16168026052275827
IND_FUA_08900,Kochi,near_zero_cov_or_equal_depth,37321,7.659477800853844e-11,1.19404214370779e-10,2.092541407509124e-09
IND_FUA_08952,Nagpur,positive_cov_above_F_mean,15,-0.00022633261171741494,0.00022633261171741494,0.7800552861335003
IND_FUA_08952,Nagpur,positive_cov_below_F_mean,1472,4.7684901922701176e-05,4.7684901922701176e-05,0.16434600180376255
IND_FUA_08952,Nagpur,negative_cov_above_F_mean,6,7.33789077464927e-06,7.33789077464927e-06,0.025290038604697387
IND_FUA_08952,Nagpur,negative_cov_below_F_mean,512,-8.794044899612448e-06,8.794044899612448e-06,0.03030867340939279
IND_FUA_08952,Nagpur,near_zero_cov_or_equal_depth,9690,2.943985737778824e-15,1.4114840747857719e-14,4.8646794886305646e-11
IND_FUA_08997,Kollam,positive_cov_above_F_mean,63,-0.004830409445752249,0.004830409445752249,0.225941191882746
IND_FUA_08997,Kollam,positive_cov_below_F_mean,757,0.012948580231992163,0.012948580231992163,0.6056665969338052
IND_FUA_08997,Kollam,negative_cov_above_F_mean,34,0.00025453918884644767,0.00025453918884644767,0.01190600680019113
IND_FUA_08997,Kollam,negative_cov_below_F_mean,660,-0.0033455273594203668,0.0033455273594203668,0.15648620423440254
IND_FUA_08997,Kollam,near_zero_cov_or_equal_depth,16128,3.1823821389599056e-12,3.1823821389599056e-12,1.4885512741270062e-10
IND_FUA_09007,Jabalpur,positive_cov_above_F_mean,28,-0.0011281445386731239,0.0011281445386731239,0.5398831673595353
IND_FUA_09007,Jabalpur,positive_cov_below_F_mean,666,0.0007381763799400343,0.0007381763799400343,0.35326058710593455
IND_FUA_09007,Jabalpur,negative_cov_above_F_mean,4,5.425856302870879e-05,5.425856302870879e-05,0.025965896975195937
IND_FUA_09007,Jabalpur,negative_cov_below_F_mean,337,-0.00016902916701700083,0.00016902916701700083,0.08089034599468413
IND_FUA_09007,Jabalpur,near_zero_cov_or_equal_depth,4698,4.5288568777795106e-12,5.359114924013363e-12,2.5646500428243553e-09
IND_FUA_09013,Ettumanoor,positive_cov_above_F_mean,52,-0.014695187735511237,0.014695187735511237,0.40321096366370496
IND_FUA_09013,Ettumanoor,positive_cov_below_F_mean,402,0.01849502319620153,0.01849502319620153,0.5074719874385842
IND_FUA_09013,Ettumanoor,negative_cov_above_F_mean,40,0.0012238284815831535,0.0012238284815831535,0.03357977252823881
IND_FUA_09013,Ettumanoor,negative_cov_below_F_mean,234,-0.002031367730364113,0.002031367730364113,0.055737276369472136
IND_FUA_09013,Ettumanoor,near_zero_cov_or_equal_depth,19232,0.0,0.0,0.0
IND_FUA_09045,Hyderabad,positive_cov_above_F_mean,86,-0.001169808741632558,0.001169808741632558,0.755937838043048
IND_FUA_09045,Hyderabad,positive_cov_below_F_mean,6367,0.0002559919063853746,0.0002559919063853746,0.16542359565497416
IND_FUA_09045,Hyderabad,negative_cov_above_F_mean,21,6.596283837750379e-05,6.596283837750379e-05,0.042625605075137706
IND_FUA_09045,Hyderabad,negative_cov_below_F_mean,2631,-5.5729816089383274e-05,5.5729816089383274e-05,0.036012961084862315
IND_FUA_09045,Hyderabad,near_zero_cov_or_equal_depth,33764,-1.8265989424077793e-14,2.197096318721218e-13,1.4197775944370086e-10
IND_FUA_09069,Coimbatore,positive_cov_above_F_mean,13,-0.00019166051226245738,0.00019166051226245738,0.9059922084989681
IND_FUA_09069,Coimbatore,positive_cov_below_F_mean,2828,1.596014146596911e-05,1.596014146596911e-05,0.07544466851319015
IND_FUA_09069,Coimbatore,negative_cov_above_F_mean,2,8.234559976098505e-07,8.234559976098505e-07,0.0038925322126586288
IND_FUA_09069,Coimbatore,negative_cov_below_F_mean,1021,-3.103528831732992e-06,3.103528831732992e-06,0.014670590760769703
IND_FUA_09069,Coimbatore,near_zero_cov_or_equal_depth,20578,-2.2229417593826965e-15,3.049117100264082e-15,1.4413382824821666e-11
IND_FUA_09099,Bengaluru,positive_cov_above_F_mean,26,-7.309993233718147e-05,7.309993233718147e-05,0.4114658196056565
IND_FUA_09099,Bengaluru,positive_cov_below_F_mean,5222,6.8513853635534e-05,6.8513853635534e-05,0.3856516420624358
IND_FUA_09099,Bengaluru,negative_cov_above_F_mean,8,1.5212889033049951e-05,1.5212889033049951e-05,0.0856305013482199
IND_FUA_09099,Bengaluru,negative_cov_below_F_mean,2391,-2.0830687378323357e-05,2.0830687378323357e-05,0.11725203541278
IND_FUA_09099,Bengaluru,near_zero_cov_or_equal_depth,47583,3.586592319117273e-14,2.790833177878537e-13,1.5709076933500314e-09
IND_FUA_09129,Gonda,positive_cov_above_F_mean,3,-5.470908077127794e-05,5.470908077127794e-05,0.7477374257326478
IND_FUA_09129,Gonda,positive_cov_below_F_mean,165,1.4794977220955717e-05,1.4794977220955717e-05,0.20221063898369313
IND_FUA_09129,Gonda,negative_cov_above_F_mean,0,0.0,0.0,0.0
IND_FUA_09129,Gonda,negative_cov_below_F_mean,73,-3.662108216008374e-06,3.662108216008374e-06,0.05005193528365908
IND_FUA_09129,Gonda,near_zero_cov_or_equal_depth,1808,0.0,0.0,0.0
IND_FUA_09157,Thiruvananthapuram,positive_cov_above_F_mean,15,-0.0007433707267969033,0.0007433707267969033,0.2432075248562174
IND_FUA_09157,Thiruvananthapuram,positive_cov_below_F_mean,1592,0.0010297609112678455,0.0010297609112678455,0.3369053870365277
IND_FUA_09157,Thiruvananthapuram,negative_cov_above_F_mean,17,0.0009239793913592668,0.0009239793913592668,0.3022970002584418
IND_FUA_09157,Thiruvananthapuram,negative_cov_below_F_mean,1169,-0.0003594174525160201,0.0003594174525160201,0.11759008777921715
IND_FUA_09157,Thiruvananthapuram,near_zero_cov_or_equal_depth,12477,-1.8004163656064235e-13,2.127210196820495e-13,6.959562815270316e-11
IND_FUA_09165,Tiruppur,positive_cov_above_F_mean,25,-0.00036092954009950517,0.00036092954009950517,0.5571537138524643
IND_FUA_09165,Tiruppur,positive_cov_below_F_mean,1852,0.0002132995589672079,0.0002132995589672079,0.3292627181718327
IND_FUA_09165,Tiruppur,negative_cov_above_F_mean,9,4.06913943591158e-05,4.06913943591158e-05,0.06281381535788476
IND_FUA_09165,Tiruppur,negative_cov_below_F_mean,554,-3.288913448533295e-05,3.288913448533295e-05,0.050769752508604736
IND_FUA_09165,Tiruppur,near_zero_cov_or_equal_depth,13672,-5.5526948780556293e-14,7.07495916052045e-14,1.0921355371887127e-10
IND_FUA_09195,Faizabad,positive_cov_above_F_mean,161,-0.006361896227753841,0.006361896227753841,0.43894575521824847
IND_FUA_09195,Faizabad,positive_cov_below_F_mean,840,0.006705476722705184,0.006705476722705184,0.46265145465684554
IND_FUA_09195,Faizabad,negative_cov_above_F_mean,44,0.0006022234683947837,0.0006022234683947837,0.04155104479565389
IND_FUA_09195,Faizabad,negative_cov_below_F_mean,248,-0.0008239854236666444,0.0008239854236666444,0.05685174531805932
IND_FUA_09195,Faizabad,near_zero_cov_or_equal_depth,4590,-1.6222241701206218e-13,1.6222241701206218e-13,1.11927071425731e-11
IND_FUA_09258,Sultanpur,positive_cov_above_F_mean,66,-0.011670564005188271,0.011670564005188271,0.339536509908757
IND_FUA_09258,Sultanpur,positive_cov_below_F_mean,443,0.020320233783995948,0.020320233783995948,0.5911849038727496
IND_FUA_09258,Sultanpur,negative_cov_above_F_mean,13,0.0011551532888423959,0.0011551532888423959,0.033607348876095906
IND_FUA_09258,Sultanpur,negative_cov_below_F_mean,92,-0.0012260933549107418,0.0012260933549107418,0.03567123734239752
IND_FUA_09258,Sultanpur,near_zero_cov_or_equal_depth,3246,0.0,0.0,0.0
IND_FUA_09266,Erode,positive_cov_above_F_mean,34,-0.0037314955954421865,0.0037314955954421865,0.8920134198422398
IND_FUA_09266,Erode,positive_cov_below_F_mean,777,0.00041500192378649144,0.00041500192378649144,0.0992061429015379
IND_FUA_09266,Erode,negative_cov_above_F_mean,3,3.9054057628145547e-07,3.9054057628145547e-07,9.335866172842106e-05
IND_FUA_09266,Erode,negative_cov_below_F_mean,219,-3.634003117422712e-05,3.634003117422712e-05,0.00868707858706574
IND_FUA_09266,Erode,near_zero_cov_or_equal_depth,14959,-3.107349231025839e-14,3.107349231025839e-14,7.42811332163197e-12
IND_FUA_09282,Prayagraj,positive_cov_above_F_mean,194,-0.019628484178975995,0.019628484178975995,0.7073900741895758
IND_FUA_09282,Prayagraj,positive_cov_below_F_mean,868,0.004838747175729647,0.004838747175729647,0.17438339570256947
IND_FUA_09282,Prayagraj,negative_cov_above_F_mean,52,0.0026855727929042837,0.0026855727929042837,0.09678523924169757
IND_FUA_09282,Prayagraj,negative_cov_below_F_mean,262,-0.0005949476161652177,0.0005949476161652177,0.02144129085570481
IND_FUA_09282,Prayagraj,near_zero_cov_or_equal_depth,4792,2.9003031777410617e-13,2.9003031777410617e-13,1.045238980945876e-11
IND_FUA_09368,Salem,positive_cov_above_F_mean,0,0.0,0.0,
IND_FUA_09368,Salem,positive_cov_below_F_mean,0,0.0,0.0,
IND_FUA_09368,Salem,negative_cov_above_F_mean,0,0.0,0.0,
IND_FUA_09368,Salem,negative_cov_below_F_mean,0,0.0,0.0,
IND_FUA_09368,Salem,near_zero_cov_or_equal_depth,17269,0.0,0.0,
IND_FUA_09444,Madurai,positive_cov_above_F_mean,87,-0.010523634636807729,0.010523634636807729,0.6903816163671938
IND_FUA_09444,Madurai,positive_cov_below_F_mean,230,0.003675927525982548,0.003675927525982548,0.24115173840796822
IND_FUA_09444,Madurai,negative_cov_above_F_mean,23,0.0004909955695855978,0.0004909955695855978,0.03221076430894236
IND_FUA_09444,Madurai,negative_cov_below_F_mean,100,-0.0005526561460135878,0.0005526561460135878,0.036255880838510675
IND_FUA_09444,Madurai,near_zero_cov_or_equal_depth,6215,-1.1795957439356272e-12,1.1795957439356272e-12,7.738497624288243e-11
IND_FUA_09500,Gorakhpur,positive_cov_above_F_mean,246,-0.010528501936697054,0.010528501936697054,0.42522633994581643
IND_FUA_09500,Gorakhpur,positive_cov_below_F_mean,463,0.010385395199438721,0.010385395199438721,0.4194465286799946
IND_FUA_09500,Gorakhpur,negative_cov_above_F_mean,77,0.002931669517061013,0.002931669517061013,0.11840460363363506
IND_FUA_09500,Gorakhpur,negative_cov_below_F_mean,133,-0.0009141928838097963,0.0009141928838097963,0.036922526711231606
IND_FUA_09500,Gorakhpur,near_zero_cov_or_equal_depth,9101,2.1193618281751033e-11,2.548577167583986e-11,1.0293222602390416e-09
IND_FUA_09544,Tiruchirappalli,positive_cov_above_F_mean,88,-0.012946636644144312,0.012946636644144312,0.28354672036992457
IND_FUA_09544,Tiruchirappalli,positive_cov_below_F_mean,565,0.026946912561990943,0.026946912561990943,0.5901693923343018
IND_FUA_09544,Tiruchirappalli,negative_cov_above_F_mean,23,0.0013901405945018418,0.0013901405945018418,0.030445730212284524
IND_FUA_09544,Tiruchirappalli,negative_cov_below_F_mean,184,-0.004375934205367062,0.004375934205367062,0.0958381567808656
IND_FUA_09544,Tiruchirappalli,near_zero_cov_or_equal_depth,5418,1.3679939156148967e-11,1.3817681472768899e-11,3.026236367336346e-10
IND_FUA_09562,Varanasi,positive_cov_above_F_mean,353,-0.014096226755192141,0.014096226755192141,0.6576983478568528
IND_FUA_09562,Varanasi,positive_cov_below_F_mean,2273,0.005801211718508656,0.005801211718508656,0.2706715370782179
IND_FUA_09562,Varanasi,negative_cov_above_F_mean,88,0.0007910659063200875,0.0007910659063200875,0.03690936224766438
IND_FUA_09562,Varanasi,negative_cov_below_F_mean,734,-0.000744158175456523,0.000744158175456523,0.03472075265543313
IND_FUA_09562,Varanasi,near_zero_cov_or_equal_depth,38589,1.5774823774064441e-12,3.4684862196077325e-12,1.618317934166328e-10
IND_FUA_09564,Durg,positive_cov_above_F_mean,55,-0.017801541754904372,0.017801541754904372,0.4843306685982389
IND_FUA_09564,Durg,positive_cov_below_F_mean,933,0.014995910238396849,0.014995910238396849,0.4079972022648517
IND_FUA_09564,Durg,negative_cov_above_F_mean,20,0.0015300834918057344,0.0015300834918057344,0.041629335863183514
IND_FUA_09564,Durg,negative_cov_below_F_mean,184,-0.0024273984463641053,0.0024273984463641053,0.06604279161146001
IND_FUA_09564,Durg,near_zero_cov_or_equal_depth,2482,-3.169017817384135e-11,6.10964743603949e-11,1.6622659252428433e-09
IND_FUA_09570,Vellore,positive_cov_above_F_mean,142,-0.015579307578520286,0.015579307578520286,0.6245972009298266
IND_FUA_09570,Vellore,positive_cov_below_F_mean,619,0.00766436710586963,0.00766436710586963,0.3072756742940874
IND_FUA_09570,Vellore,negative_cov_above_F_mean,33,0.0008823804592113027,0.0008823804592113027,0.035375921696187536
IND_FUA_09570,Vellore,negative_cov_below_F_mean,176,-0.0008169121841688897,0.0008169121841688897,0.03275120290588819
IND_FUA_09570,Vellore,near_zero_cov_or_equal_depth,8634,-4.340330868305555e-12,4.340330868305555e-12,1.740102053823408e-10
IND_FUA_09620,Raipur,positive_cov_above_F_mean,85,-0.002242235021748992,0.002242235021748992,0.3394798031215984
IND_FUA_09620,Raipur,positive_cov_below_F_mean,1969,0.003341082131366674,0.003341082131366674,0.5058479120911799
IND_FUA_09620,Raipur,negative_cov_above_F_mean,19,0.0003703790210104471,0.0003703790210104471,0.0560762792095362
IND_FUA_09620,Raipur,negative_cov_below_F_mean,668,-0.0006512181661914384,0.0006512181661914384,0.09859600474683258
IND_FUA_09620,Raipur,near_zero_cov_or_equal_depth,5773,-3.579231857127289e-12,5.48771127844217e-12,8.308527546503881e-10
IND_FUA_09710,Bilaspur,positive_cov_above_F_mean,29,-0.0016923524610600862,0.0016923524610600862,0.540326432994453
IND_FUA_09710,Bilaspur,positive_cov_below_F_mean,497,0.0007471953870416971,0.0007471953870416971,0.2385610725423324
IND_FUA_09710,Bilaspur,negative_cov_above_F_mean,11,0.0004979036334763129,0.0004979036334763129,0.1589683593940671
IND_FUA_09710,Bilaspur,negative_cov_below_F_mean,179,-0.00019464118752822435,0.00019464118752822435,0.062144134269200485
IND_FUA_09710,Bilaspur,near_zero_cov_or_equal_depth,4873,-2.505507750610298e-12,2.505507750610298e-12,7.999468768339222e-10
IND_FUA_09782,Kuchai Kot,positive_cov_above_F_mean,36,-0.00037171576958837377,0.00037171576958837377,0.2498585157625314
IND_FUA_09782,Kuchai Kot,positive_cov_below_F_mean,207,0.0009860277571375892,0.0009860277571375892,0.6627844499895048
IND_FUA_09782,Kuchai Kot,negative_cov_above_F_mean,12,9.162955794312899e-06,9.162955794312899e-06,0.006159121355814319
IND_FUA_09782,Kuchai Kot,negative_cov_below_F_mean,73,-0.00012079854307771892,0.00012079854307771892,0.08119791289214943
IND_FUA_09782,Kuchai Kot,near_zero_cov_or_equal_depth,17961,0.0,0.0,0.0
IND_FUA_09794,Vijayawada,positive_cov_above_F_mean,427,-0.0184894353354471,0.0184894353354471,0.43365807397195166
IND_FUA_09794,Vijayawada,positive_cov_below_F_mean,783,0.01529696324720167,0.01529696324720167,0.3587806495465805
IND_FUA_09794,Vijayawada,negative_cov_above_F_mean,153,0.004770438699845732,0.004770438699845732,0.11188763859165937
IND_FUA_09794,Vijayawada,negative_cov_below_F_mean,258,-0.004079138939660934,0.004079138939660934,0.09567363761758568
IND_FUA_09794,Vijayawada,near_zero_cov_or_equal_depth,3386,-1.1606478004916573e-11,1.1606478004916573e-11,2.7222263989644065e-10
IND_FUA_09834,Puducherry,positive_cov_above_F_mean,61,-0.04204292679845932,0.04204292679845932,0.42650057123251384
IND_FUA_09834,Puducherry,positive_cov_below_F_mean,208,0.03884239418368362,0.03884239418368362,0.39403306498601365
IND_FUA_09834,Puducherry,negative_cov_above_F_mean,29,0.010103370734705573,0.010103370734705573,0.10249270728420597
IND_FUA_09834,Puducherry,negative_cov_below_F_mean,104,-0.007587792418330795,0.007587792418330795,0.07697365638517853
IND_FUA_09834,Puducherry,near_zero_cov_or_equal_depth,3183,-1.1049250773746067e-11,1.1049250773746067e-11,1.1208809960553662e-10
IND_FUA_09850,Chennai,positive_cov_above_F_mean,1107,-0.031970915123478036,0.031970915123478036,0.35824782062540983
IND_FUA_09850,Chennai,positive_cov_below_F_mean,4154,0.03834604767009925,0.03834604767009925,0.4296839159703313
IND_FUA_09850,Chennai,negative_cov_above_F_mean,515,0.009040269571984706,0.009040269571984706,0.10130009915328948
IND_FUA_09850,Chennai,negative_cov_below_F_mean,1963,-0.009885222911008816,0.009885222911008816,0.11076816383227826
IND_FUA_09850,Chennai,near_zero_cov_or_equal_depth,18926,-2.595540697990735e-12,3.736503258917398e-11,4.1869122109798304e-10
IND_FUA_10007,Muzaffarpur,positive_cov_above_F_mean,139,-0.003964215641135621,0.003964215641135621,0.5036624396413502
IND_FUA_10007,Muzaffarpur,positive_cov_below_F_mean,322,0.003260260882346563,0.003260260882346563,0.4142234173213468
IND_FUA_10007,Muzaffarpur,negative_cov_above_F_mean,36,0.00035765387556019687,0.00035765387556019687,0.04544072265963543
IND_FUA_10007,Muzaffarpur,negative_cov_below_F_mean,93,-0.00028864837398486144,0.00028864837398486144,0.03667341976332979
IND_FUA_10007,Muzaffarpur,near_zero_cov_or_equal_depth,16674,-4.835316314425294e-12,4.835316314425294e-12,6.143377232282476e-10
IND_FUA_10017,Patna,positive_cov_above_F_mean,358,-0.030163734507694117,0.030163734507694117,0.6077312650067561
IND_FUA_10017,Patna,positive_cov_below_F_mean,431,0.012807954449055619,0.012807954449055619,0.2580514146047799
IND_FUA_10017,Patna,negative_cov_above_F_mean,124,0.0034296608152139096,0.0034296608152139096,0.06909993539567817
IND_FUA_10017,Patna,negative_cov_below_F_mean,196,-0.0032319935154392077,0.0032319935154392077,0.06511738482284021
IND_FUA_10017,Patna,near_zero_cov_or_equal_depth,4394,-8.434975975003731e-12,8.434975975003731e-12,1.6994575450473585e-10
IND_FUA_10065,Gaya,positive_cov_above_F_mean,3,-6.488002122813873e-05,6.488002122813873e-05,0.14865222033852876
IND_FUA_10065,Gaya,positive_cov_below_F_mean,92,0.0003047168734767708,0.0003047168734767708,0.6981631472908814
IND_FUA_10065,Gaya,negative_cov_above_F_mean,1,2.925060121598499e-07,2.925060121598499e-07,0.0006701857882727111
IND_FUA_10065,Gaya,negative_cov_below_F_mean,42,-6.656570960947751e-05,6.656570960947751e-05,0.15251444658231725
IND_FUA_10065,Gaya,near_zero_cov_or_equal_depth,3021,0.0,0.0,0.0
IND_FUA_10142,Visakhapatnam,positive_cov_above_F_mean,17,-0.00040037539598367664,0.00040037539598367664,0.7198958817892627
IND_FUA_10142,Visakhapatnam,positive_cov_below_F_mean,2076,0.0001258582107808838,0.0001258582107808838,0.22629963913720913
IND_FUA_10142,Visakhapatnam,negative_cov_above_F_mean,4,8.675964253253444e-06,8.675964253253444e-06,0.015599837050732887
IND_FUA_10142,Visakhapatnam,negative_cov_below_F_mean,707,-2.1247792648756658e-05,2.1247792648756658e-05,0.03820464139004115
IND_FUA_10142,Visakhapatnam,near_zero_cov_or_equal_depth,5491,-2.4861021696440414e-13,3.5191089775147967e-13,6.327541816739938e-10
IND_FUA_10152,Begusarai,positive_cov_above_F_mean,43,-0.010573803158614002,0.010573803158614002,0.31552705625103816
IND_FUA_10152,Begusarai,positive_cov_below_F_mean,63,0.01758194961046361,0.01758194961046361,0.5246533078520859
IND_FUA_10152,Begusarai,negative_cov_above_F_mean,22,0.003323687256344412,0.003323687256344412,0.09918032709348315
IND_FUA_10152,Begusarai,negative_cov_below_F_mean,31,-0.002032117444700203,0.002032117444700203,0.06063930126789714
IND_FUA_10152,Begusarai,near_zero_cov_or_equal_depth,2836,-2.5252619766358466e-10,2.5252619766358466e-10,7.535495656560231e-09
IND_FUA_10168,Ranchi,positive_cov_above_F_mean,1,-1.330553666684631e-05,1.330553666684631e-05,0.8932754913902856
IND_FUA_10168,Ranchi,positive_cov_below_F_mean,573,1.3051026328801816e-06,1.3051026328801816e-06,0.08761887813256634
IND_FUA_10168,Ranchi,negative_cov_above_F_mean,0,0.0,0.0,0.0
IND_FUA_10168,Ranchi,negative_cov_below_F_mean,260,-2.8458260335854575e-07,2.8458260335854575e-07,0.019105630326783727
IND_FUA_10168,Ranchi,near_zero_cov_or_equal_depth,11798,2.081374078992059e-15,2.239710777352274e-15,1.50364378025924e-10
IND_FUA_10243,Dhanbad,positive_cov_above_F_mean,16,-0.0002872139610209271,0.0002872139610209271,0.7365423851866212
IND_FUA_10243,Dhanbad,positive_cov_below_F_mean,2040,6.90405432188942e-05,6.90405432188942e-05,0.17705019002651892
IND_FUA_10243,Dhanbad,negative_cov_above_F_mean,2,2.5258385866395356e-05,2.5258385866395356e-05,0.06477356360348846
IND_FUA_10243,Dhanbad,negative_cov_below_F_mean,407,-8.436102348467221e-06,8.436102348467221e-06,0.02163386112336569
IND_FUA_10243,Dhanbad,near_zero_cov_or_equal_depth,11495,-2.3351069976588236e-14,2.339923004602475e-14,6.000587383833258e-11
IND_FUA_10285,Jamshedpur,positive_cov_above_F_mean,60,-0.00999378734670476,0.00999378734670476,0.3252355823710516
IND_FUA_10285,Jamshedpur,positive_cov_below_F_mean,424,0.01689761278100792,0.01689761278100792,0.5499121346947341
IND_FUA_10285,Jamshedpur,negative_cov_above_F_mean,5,0.0007796761883766386,0.0007796761883766386,0.025373607661476803
IND_FUA_10285,Jamshedpur,negative_cov_below_F_mean,125,-0.0030567649375339173,0.0030567649375339173,0.09947867511490137
IND_FUA_10285,Jamshedpur,near_zero_cov_or_equal_depth,1603,4.849965565761623e-12,4.849965565761623e-12,1.578361956821241e-10
IND_FUA_10313,Asansol,positive_cov_above_F_mean,24,-0.0036468270111241117,0.0036468270111241117,0.8441562955148185
IND_FUA_10313,Asansol,positive_cov_below_F_mean,1229,0.0005957144093824083,0.0005957144093824083,0.137894138514139
IND_FUA_10313,Asansol,negative_cov_above_F_mean,1,3.8355716037093817e-07,3.8355716037093817e-07,8.878463130531396e-05
IND_FUA_10313,Asansol,negative_cov_below_F_mean,285,-7.716008897698916e-05,7.716008897698916e-05,0.01786077998043879
IND_FUA_10313,Asansol,near_zero_cov_or_equal_depth,7871,5.861141349048427e-12,5.872283808651442e-12,1.359298187438523e-09
IND_FUA_10354,Bhubaneshwar,positive_cov_above_F_mean,179,-0.009124507578770686,0.009124507578770686,0.2406763392588623
IND_FUA_10354,Bhubaneshwar,positive_cov_below_F_mean,670,0.023097617567210457,0.023097617567210457,0.6092438406880422
IND_FUA_10354,Bhubaneshwar,negative_cov_above_F_mean,58,0.001375347717374773,0.001375347717374773,0.03627742658638781
IND_FUA_10354,Bhubaneshwar,negative_cov_below_F_mean,214,-0.0043144698092199936,0.0043144698092199936,0.11380239323181635
IND_FUA_10354,Bhubaneshwar,near_zero_cov_or_equal_depth,3366,-5.795989618152427e-12,8.905187256585453e-12,2.348913462811122e-10
IND_FUA_10432,Berhampore,positive_cov_above_F_mean,35,-0.06683437257933207,0.06683437257933207,0.6205894396650273
IND_FUA_10432,Berhampore,positive_cov_below_F_mean,80,0.033830402212155886,0.033830402212155886,0.3141316293133987
IND_FUA_10432,Berhampore,negative_cov_above_F_mean,14,0.002006263067144989,0.002006263067144989,0.018629121881592606
IND_FUA_10432,Berhampore,negative_cov_below_F_mean,30,-0.005023950659713344,0.005023950659713344,0.046649809139981416
IND_FUA_10432,Berhampore,near_zero_cov_or_equal_depth,3894,0.0,0.0,0.0
IND_FUA_10441,Tamluk,positive_cov_above_F_mean,123,-0.012668179833974403,0.012668179833974403,0.4255638545789773
IND_FUA_10441,Tamluk,positive_cov_below_F_mean,290,0.011714707874234603,0.011714707874234603,0.3935337438813349
IND_FUA_10441,Tamluk,negative_cov_above_F_mean,48,0.00338908840865072,0.00338908840865072,0.11385009887737332
IND_FUA_10441,Tamluk,negative_cov_below_F_mean,179,-0.0019960121595586347,0.0019960121595586347,0.06705230266231453
IND_FUA_10441,Tamluk,near_zero_cov_or_equal_depth,23373,0.0,0.0,0.0
IND_FUA_10452,Kolkata,positive_cov_above_F_mean,1635,-0.09772230891090498,0.09772230891090498,0.4431471232825694
IND_FUA_10452,Kolkata,positive_cov_below_F_mean,5524,0.10597093933708793,0.10597093933708793,0.4805526746364234
IND_FUA_10452,Kolkata,negative_cov_above_F_mean,427,0.006739782168312827,0.006739782168312827,0.030563288083604572
IND_FUA_10452,Kolkata,negative_cov_below_F_mean,1537,-0.01008585307680451,0.01008585307680451,0.045736913368589156
IND_FUA_10452,Kolkata,near_zero_cov_or_equal_depth,62491,-1.3250809994669967e-10,1.3866520463316751e-10,6.288132895898021e-10
IND_FUA_10453,Kolkata,positive_cov_above_F_mean,18,-0.010121355371722063,0.010121355371722063,0.13375669307023288
IND_FUA_10453,Kolkata,positive_cov_below_F_mean,122,0.048467414650205334,0.048467414650205334,0.640511163493731
IND_FUA_10453,Kolkata,negative_cov_above_F_mean,7,0.009872484392706653,0.009872484392706653,0.13046778976314655
IND_FUA_10453,Kolkata,negative_cov_below_F_mean,100,-0.007208643961274148,0.007208643961274148,0.09526435367288982
IND_FUA_10453,Kolkata,near_zero_cov_or_equal_depth,9050,0.0,0.0,0.0
IND_FUA_10496,Guwahati,positive_cov_above_F_mean,75,-0.031434010658834194,0.031434010658834194,0.22555337859620614
IND_FUA_10496,Guwahati,positive_cov_below_F_mean,413,0.08305833682625191,0.08305833682625191,0.5959814894469342
IND_FUA_10496,Guwahati,negative_cov_above_F_mean,22,0.012586958725216717,0.012586958725216717,0.09031717579842924
IND_FUA_10496,Guwahati,negative_cov_below_F_mean,112,-0.012284647053745438,0.012284647053745438,0.08814795152636677
IND_FUA_10496,Guwahati,near_zero_cov_or_equal_depth,4650,6.426965000772886e-10,6.455427400778603e-10,4.632063901521054e-09
IND_FUA_10533,Imphal,positive_cov_above_F_mean,103,-0.03804868721958747,0.03804868721958747,0.5921044387628729
IND_FUA_10533,Imphal,positive_cov_below_F_mean,398,0.021015769305681185,0.021015769305681185,0.32704230288146285
IND_FUA_10533,Imphal,negative_cov_above_F_mean,25,0.0025309999628715858,0.0025309999628715858,0.039386807325994797
IND_FUA_10533,Imphal,negative_cov_below_F_mean,102,-0.002664638051138561,0.002664638051138561,0.04146645083101238
IND_FUA_10533,Imphal,near_zero_cov_or_equal_depth,4631,-1.2765718272828773e-11,1.2765718272828773e-11,1.9865701041709118e-10
ALL91_POOLED,Pooled 91-city allocation,positive_cov_above_F_mean,23829,-0.009532467264536605,0.009532467264536605,0.434809214973927
ALL91_POOLED,Pooled 91-city allocation,positive_cov_below_F_mean,148723,0.008770606478920258,0.008770606478920258,0.40005807647847613
ALL91_POOLED,Pooled 91-city allocation,negative_cov_above_F_mean,8059,0.0018952133084752412,0.0018952133084752412,0.0864473161037724
ALL91_POOLED,Pooled 91-city allocation,negative_cov_below_F_mean,52963,-0.0017250460505919218,0.0017250460505919218,0.07868539153994242
ALL91_POOLED,Pooled 91-city allocation,near_zero_cov_or_equal_depth,1026312,3.83816690477628e-12,1.9816105499169685e-11,9.038819685213304e-10
