unit_key,cells,same_unique_cell_keys,same_g_h_and_centers,glad_five_class_partition_max_error,glad_missing_plus_coverage_max_error,glad_missing_cells,glad_pair_coverage_minimum,fine_frechet_max_violation,stored_F_recomputed_max_error,stored_A_recomputed_max_error
IND_FUA_02091,3576,True,True,4.470348358154297e-08,0.0,0,1.0,2.7939677238464355e-08,7.033348126128658e-09,1.4140482562652323e-08
IND_FUA_03357,8365,True,True,4.470348358154297e-08,0.0,0,1.0,4.0978193283081055e-08,2.8961896880730365e-08,2.8726635292741776e-08
IND_FUA_03722,7272,True,True,4.470348358154297e-08,0.0,0,1.0,4.0978193283081055e-08,2.9802322387695312e-08,2.9728322026301157e-08
IND_FUA_04396,14794,True,True,4.470348358154297e-08,0.0,0,1.0,2.9802322387695312e-08,2.813339250451463e-08,2.935595233566346e-08
IND_FUA_05324,12265,True,True,4.470348358154297e-08,0.0,0,1.0,4.470348358154297e-08,2.9802322387695312e-08,2.9609651619466604e-08
IND_FUA_05617,8785,True,True,4.470348358154297e-08,0.0,0,1.0,2.9802322387695312e-08,2.4242699181442617e-08,2.8584980604762222e-08
IND_FUA_05991,21864,True,True,4.470348358154297e-08,0.0,0,1.0,5.029141902923584e-08,2.9802322387695312e-08,2.9802322387695312e-08
IND_FUA_06065,12561,True,True,4.470348358154297e-08,0.0,0,1.0,2.9802322387695312e-08,2.728104586680047e-08,2.9678844271074922e-08
IND_FUA_06611,8394,True,True,4.470348358154297e-08,0.0,0,1.0,5.029141902923584e-08,2.8967857446104972e-08,2.949566457743913e-08
IND_FUA_06651,8550,True,True,4.470348358154297e-08,0.0,0,1.0,3.166496753692627e-08,2.9802322387695312e-08,2.9802322387695312e-08
IND_FUA_06781,15456,True,True,4.470348358154297e-08,0.0,0,1.0,5.029141902923584e-08,2.9063224715741853e-08,2.9455433647740392e-08
IND_FUA_07108,6451,True,True,4.470348358154297e-08,0.0,0,1.0,3.166496753692627e-08,2.7231872090638376e-08,2.964748446743215e-08
IND_FUA_07139,2876,True,True,4.470348358154297e-08,0.0,0,1.0,2.7939677238464355e-08,2.4423003175400027e-08,2.570140544833066e-08
IND_FUA_07163,21881,True,True,4.470348358154297e-08,0.0,0,1.0,4.470348358154297e-08,2.8437376009549098e-08,2.9548074209628794e-08
IND_FUA_07320,26912,True,True,4.470348358154297e-08,0.0,0,1.0,4.470348358154297e-08,2.975612878319822e-08,2.979623858756497e-08
IND_FUA_07466,113140,True,True,4.470348358154297e-08,0.0,0,1.0,5.960464477539063e-08,2.9802322387695312e-08,2.9802322387695312e-08
IND_FUA_07490,3226,True,True,4.470348358154297e-08,0.0,0,1.0,5.029141902923584e-08,2.602338788904035e-08,2.3298930784676486e-08
IND_FUA_07499,10786,True,True,4.470348358154297e-08,0.0,0,1.0,2.9802322387695312e-08,2.9119849198622205e-08,2.9794036016106418e-08
IND_FUA_07581,4475,True,True,3.91155481338501e-08,0.0,0,1.0,2.9802322387695312e-08,2.431273460334893e-08,2.2693896539749403e-08
IND_FUA_07601,5428,True,True,4.470348358154297e-08,0.0,0,1.0,4.470348358154297e-08,2.9575824456173905e-08,2.8860750234116495e-08
IND_FUA_07617,32775,True,True,4.470348358154297e-08,0.0,0,1.0,5.029141902923584e-08,2.9355287534116314e-08,2.9802322387695312e-08
IND_FUA_07631,4875,True,True,4.470348358154297e-08,0.0,0,1.0,2.9802322387695312e-08,2.7441978467379613e-08,2.7703196403550123e-08
IND_FUA_07643,11327,True,True,4.470348358154297e-08,0.0,0,1.0,5.029141902923584e-08,2.837330104199509e-08,2.956164735223865e-08
IND_FUA_07839,16212,True,True,4.470348358154297e-08,0.0,0,1.0,5.960464477539063e-08,2.7847290029470173e-08,2.9510005106203607e-08
IND_FUA_07881,3871,True,True,4.470348358154297e-08,0.0,0,1.0,2.7939677238464355e-08,1.3822317068701295e-08,1.4225153055491546e-08
IND_FUA_07895,6602,True,True,4.470348358154297e-08,0.0,0,1.0,2.9802322387695312e-08,2.9318034666658832e-08,2.7298675320253096e-08
IND_FUA_07933,5603,True,True,4.470348358154297e-08,0.0,0,1.0,2.9802322387695312e-08,2.8938055063321144e-08,2.7640764344027957e-08
IND_FUA_07957,10483,True,True,4.470348358154297e-08,0.0,0,1.0,4.0978193283081055e-08,2.727732062446364e-08,2.8844809096817414e-08
IND_FUA_07961,6425,True,True,4.470348358154297e-08,0.0,0,1.0,2.9802322387695312e-08,2.9802322387695312e-08,2.9508035126468712e-08
IND_FUA_07996,4549,True,True,4.470348358154297e-08,0.0,0,1.0,2.9802322387695312e-08,1.4299154305064121e-08,1.3546383237361681e-08
IND_FUA_08144,4472,True,True,4.470348358154297e-08,0.0,0,1.0,2.7939677238464355e-08,2.8726458545236255e-08,2.7468388452689396e-08
IND_FUA_08224,5144,True,True,4.470348358154297e-08,0.0,0,1.0,4.0978193283081055e-08,2.8228759774151513e-08,2.9157723568928873e-08
IND_FUA_08258,9192,True,True,4.470348358154297e-08,0.0,0,1.0,5.21540641784668e-08,2.9802322387695312e-08,2.9802322387695312e-08
IND_FUA_08319,12758,True,True,4.470348358154297e-08,0.0,0,1.0,2.9802322387695312e-08,2.728104586680047e-08,2.824095379772018e-08
IND_FUA_08341,4667,True,True,4.470348358154297e-08,0.0,0,1.0,2.7939677238464355e-08,1.5735626135437997e-08,2.6172241263111573e-08
IND_FUA_08419,1913,True,True,3.725290298461914e-08,0.0,0,1.0,2.9802322387695312e-08,2.4423003175400027e-08,2.850395652842508e-08
IND_FUA_08433,3311,True,True,4.284083843231201e-08,0.0,0,1.0,2.9802322387695312e-08,2.9802322387695312e-08,2.9802322387695312e-08
IND_FUA_08497,12191,True,True,4.470348358154297e-08,0.0,0,1.0,2.9802322387695312e-08,1.4042853990758886e-08,1.4721721119936859e-08
IND_FUA_08587,1506,True,True,4.470348358154297e-08,0.0,0,1.0,2.7939677238464355e-08,1.831725238155002e-08,2.8845381194742004e-08
IND_FUA_08595,13584,True,True,4.470348358154297e-08,0.0,0,1.0,2.9802322387695312e-08,1.280307770912259e-08,1.4610143428406275e-08
IND_FUA_08673,17074,True,True,4.470348358154297e-08,0.0,0,1.0,2.9802322387695312e-08,2.837330104199509e-08,2.765686879513396e-08
IND_FUA_08674,31008,True,True,4.470348358154297e-08,0.0,0,1.0,2.9802322387695312e-08,2.775490282047599e-08,2.7090605314583627e-08
IND_FUA_08675,17836,True,True,4.470348358154297e-08,0.0,0,1.0,1.1175870895385742e-08,1.4901161193847656e-08,1.4587829610945846e-08
IND_FUA_08686,1395,True,True,3.91155481338501e-08,0.0,0,1.0,2.7939677238464355e-08,1.8882751362525596e-08,2.9021421044106432e-08
IND_FUA_08722,16088,True,True,4.470348358154297e-08,0.0,0,1.0,4.0978193283081055e-08,2.884864791496966e-08,2.8519956174477556e-08
IND_FUA_08848,32621,True,True,4.470348358154297e-08,0.0,0,1.0,4.0978193283081055e-08,2.9802322387695312e-08,2.9802322387695312e-08
IND_FUA_08896,6711,True,True,4.470348358154297e-08,0.0,0,1.0,2.9802322387695312e-08,1.4681369064906136e-08,2.662765141714374e-08
IND_FUA_08900,43115,True,True,4.470348358154297e-08,0.0,0,1.0,4.470348358154297e-08,2.9200315498911777e-08,2.9802322387695312e-08
IND_FUA_08952,11695,True,True,4.470348358154297e-08,0.0,0,1.0,4.470348358154297e-08,2.859532832744094e-08,2.941966137370855e-08
IND_FUA_08997,17642,True,True,4.470348358154297e-08,0.0,0,1.0,1.862645149230957e-08,2.3400783533134017e-08,1.6412928127707005e-08
IND_FUA_09007,5733,True,True,4.470348358154297e-08,0.0,0,1.0,2.9802322387695312e-08,2.9802322387695312e-08,2.7707744210125895e-08
IND_FUA_09013,19960,True,True,4.470348358154297e-08,0.0,0,1.0,2.7939677238464355e-08,1.2540817273531957e-08,1.4049000740534723e-08
IND_FUA_09045,42869,True,True,4.470348358154297e-08,0.0,0,1.0,5.960464477539063e-08,2.958774558692312e-08,2.9802322387695312e-08
IND_FUA_09069,24442,True,True,4.470348358154297e-08,0.0,0,1.0,5.029141902923584e-08,2.9593706152297727e-08,2.9691867076131473e-08
IND_FUA_09099,55230,True,True,4.470348358154297e-08,0.0,0,1.0,4.0978193283081055e-08,2.9802322387695312e-08,2.9601981310634073e-08
IND_FUA_09129,2049,True,True,4.470348358154297e-08,0.0,0,1.0,2.7939677238464355e-08,2.52902507824615e-08,2.3520568603885295e-08
IND_FUA_09157,15270,True,True,4.470348358154297e-08,0.0,0,1.0,2.9802322387695312e-08,1.680851013929896e-08,2.9106463905748114e-08
IND_FUA_09165,16112,True,True,4.470348358154297e-08,0.0,0,1.0,3.166496753692627e-08,2.8803944562838524e-08,2.9216641994622705e-08
IND_FUA_09195,5883,True,True,4.470348358154297e-08,0.0,0,1.0,4.470348358154297e-08,2.5868415853835813e-08,2.980093505300374e-08
IND_FUA_09258,3860,True,True,4.470348358154297e-08,0.0,0,1.0,3.166496753692627e-08,2.560615541824518e-08,2.93875856982595e-08
IND_FUA_09266,15992,True,True,4.470348358154297e-08,0.0,0,1.0,2.9802322387695312e-08,2.592802061940347e-08,2.8172564725537086e-08
IND_FUA_09282,6168,True,True,4.470348358154297e-08,0.0,0,1.0,5.21540641784668e-08,2.8967857446104972e-08,2.9289504155372015e-08
IND_FUA_09368,17269,True,True,4.470348358154297e-08,0.0,0,1.0,2.9802322387695312e-08,1.4901161193847656e-08,1.4879937282330502e-08
IND_FUA_09444,6655,True,True,4.470348358154297e-08,0.0,0,1.0,2.9802322387695312e-08,2.07118689976582e-08,2.6873308911490312e-08
IND_FUA_09500,10020,True,True,4.470348358154297e-08,0.0,0,1.0,4.0978193283081055e-08,2.3454427733327066e-08,2.796611298094831e-08
IND_FUA_09544,6278,True,True,4.470348358154297e-08,0.0,0,1.0,2.9802322387695312e-08,2.649426456002857e-08,2.2756525552836138e-08
IND_FUA_09562,42037,True,True,4.470348358154297e-08,0.0,0,1.0,2.9802322387695312e-08,2.930462361661057e-08,2.960001044272076e-08
IND_FUA_09564,3674,True,True,4.470348358154297e-08,0.0,0,1.0,2.9802322387695312e-08,2.2768974261566655e-08,2.5737076470022657e-08
IND_FUA_09570,9604,True,True,4.470348358154297e-08,0.0,0,1.0,4.470348358154297e-08,2.8437376009549098e-08,2.9492960962329562e-08
IND_FUA_09620,8514,True,True,4.470348358154297e-08,0.0,0,1.0,4.0978193283081055e-08,2.727732062446364e-08,2.9802322387695312e-08
IND_FUA_09710,5589,True,True,4.470348358154297e-08,0.0,0,1.0,2.7939677238464355e-08,1.4901161193847656e-08,2.8207752578168765e-08
IND_FUA_09782,18289,True,True,4.470348358154297e-08,0.0,0,1.0,4.0978193283081055e-08,2.8333067891850305e-08,2.7796478008212944e-08
IND_FUA_09794,5007,True,True,4.470348358154297e-08,0.0,0,1.0,2.9802322387695312e-08,2.9200315498911777e-08,2.9482789543067156e-08
IND_FUA_09834,3585,True,True,4.470348358154297e-08,0.0,0,1.0,2.9802322387695312e-08,2.1612644118818025e-08,2.4060909042944445e-08
IND_FUA_09850,26665,True,True,4.470348358154297e-08,0.0,0,1.0,5.21540641784668e-08,2.9802322387695312e-08,2.9747127427981468e-08
IND_FUA_10007,17264,True,True,4.470348358154297e-08,0.0,0,1.0,4.470348358154297e-08,2.7704238902970246e-08,2.3508107460656902e-08
IND_FUA_10017,5503,True,True,4.470348358154297e-08,0.0,0,1.0,3.166496753692627e-08,2.848356961404619e-08,2.8920253303255095e-08
IND_FUA_10065,3159,True,True,4.470348358154297e-08,0.0,0,1.0,2.9802322387695312e-08,2.4423003175400027e-08,2.7510090205851156e-08
IND_FUA_10142,8295,True,True,4.470348358154297e-08,0.0,0,1.0,5.029141902923584e-08,2.8550624975309802e-08,2.9624733555166927e-08
IND_FUA_10152,2995,True,True,4.470348358154297e-08,0.0,0,1.0,2.9802322387695312e-08,1.1661648757765875e-08,1.7105512117865374e-08
IND_FUA_10168,12632,True,True,4.470348358154297e-08,0.0,0,1.0,4.0978193283081055e-08,2.9593706152297727e-08,2.862580306128848e-08
IND_FUA_10243,13960,True,True,4.470348358154297e-08,0.0,0,1.0,2.9802322387695312e-08,1.6474723807391456e-08,2.64078066081197e-08
IND_FUA_10285,2217,True,True,4.470348358154297e-08,0.0,0,1.0,2.9802322387695312e-08,2.560615541824518e-08,2.9802322387695312e-08
IND_FUA_10313,9410,True,True,4.470348358154297e-08,0.0,0,1.0,2.9802322387695312e-08,1.524239778838421e-08,2.766383033758757e-08
IND_FUA_10354,4487,True,True,4.470348358154297e-08,0.0,0,1.0,2.9802322387695312e-08,2.848356961404619e-08,1.5695787780600767e-08
IND_FUA_10432,4053,True,True,4.470348358154297e-08,0.0,0,1.0,9.313225746154785e-09,1.1754035966760057e-08,1.3847069046946103e-08
IND_FUA_10441,24013,True,True,4.470348358154297e-08,0.0,0,1.0,1.4901161193847656e-08,2.657473086031814e-08,2.263635767718597e-08
IND_FUA_10452,71614,True,True,4.470348358154297e-08,0.0,0,1.0,5.960464477539063e-08,2.8967857446104972e-08,2.8742029201112018e-08
IND_FUA_10453,9297,True,True,4.470348358154297e-08,0.0,0,1.0,1.862645149230957e-08,1.2910366109508686e-08,1.2235627622203538e-08
IND_FUA_10496,5272,True,True,4.470348358154297e-08,0.0,0,1.0,2.7939677238464355e-08,2.3925304404315284e-08,2.4795252961951064e-08
IND_FUA_10533,5259,True,True,4.470348358154297e-08,0.0,0,1.0,2.7939677238464355e-08,2.3283064365386963e-08,2.9002808155098592e-08
