unit_key,eFUA_name,version,positive_cells,ghsl_added_surface_m2,target_bbox_100m_cells,fine_grid_pixels,ghsl_valid_100m_cells,ghsl_valid_fine_grid_pixels,paired_coverage_minimum_fua,missing_source_fua_cells,bound_max_violation,class_partition_max_error,independent_2019_class_partition_max_error,independent_evolution_class_partition_max_error,joint_overlay_allocated_surface_m2,joint_overlay_depth_weighted_proxy_m3,fine_product_allocated_surface_m2,fine_product_depth_weighted_proxy_m3,archived_product_allocated_surface_m2,archived_product_depth_weighted_proxy_m3,joint_vs_fine_product_signed_surface_difference_m2,joint_vs_fine_product_absolute_cell_surface_difference_m2,joint_vs_fine_product_signed_depth_proxy_difference_m3,joint_vs_fine_product_absolute_cell_depth_proxy_difference_m3,joint_vs_fine_product_max_cell_fraction_difference,fine_vs_archived_product_signed_surface_difference_m2,fine_vs_archived_product_absolute_cell_surface_difference_m2,fine_vs_archived_product_signed_depth_proxy_difference_m3,fine_vs_archived_product_absolute_cell_depth_proxy_difference_m3,fine_vs_archived_product_max_cell_fraction_difference,fine_minus_archived_s_g_weighted_mean,fine_vs_archived_s_g_weighted_mae,fine_vs_archived_s_cell_max_absolute_difference,fine_minus_archived_p_g_weighted_mean,fine_vs_archived_p_g_weighted_mae,fine_vs_archived_p_cell_max_absolute_difference,fine_minus_archived_u_g_weighted_mean,fine_vs_archived_u_g_weighted_mae,fine_vs_archived_u_cell_max_absolute_difference,fine_lower_allocated_surface_m2,fine_upper_allocated_surface_m2,fine_lower_depth_weighted_proxy_m3,fine_upper_depth_weighted_proxy_m3,completed_utc,elapsed_seconds,raster_path,joint_overlay_normalized_city_depth_m,fine_product_normalized_city_depth_m,archived_product_normalized_city_depth_m,joint_overlay_city_depth_rank,fine_product_city_depth_rank,archived_product_city_depth_rank,rank_delta_joint_minus_fine_product,rank_delta_joint_minus_archived_product,city_depth_signed_difference_joint_minus_fine_product_m,city_depth_absolute_difference_joint_vs_fine_product_m,city_depth_signed_difference_joint_minus_archived_product_m,city_depth_absolute_difference_joint_vs_archived_product_m
IND_FUA_02091,Srinagar,joint_overlay_10m_nearest_lexicographic_first_valid_v3_fresh_identity,3576,628655.0,66000,6600000,40200,4020000,1.0,0,2.7939677238464355e-08,0.0,0.0,0.0,20875.030003735796,14224.617930970828,37095.750051888615,33185.651697870155,33105.02041275444,29441.802519669756,-16220.72004815282,18988.34166796965,-18961.03376689933,20547.0604312325,0.21399998953938493,3990.729639134172,13272.51659299139,3743.8491782003985,10239.936360625929,0.17366793577894568,0.0011681146353124778,0.0440007035115447,0.22959166765213013,0.001909338973328301,0.05632194865306008,0.3434135168790817,0.0,0.0,0.0,9045.55000493303,66864.8797352463,4856.35384051367,61518.330777399664,2026-10-04T17:42:54.275117+00:00,1.153,D:\MLWork\IUFEE_revision_20261005\datasets\joint_overlay\IND_FUA_02091_t_s_p_u_coverage_100m.tif,0.6814178436354434,0.8945944387551374,0.8893455479739457,7,7,7,0,0,-0.213176595119694,0.213176595119694,-0.20792770433850227,0.20792770433850227
IND_FUA_03357,Jammu,joint_overlay_10m_nearest_lexicographic_first_valid_v3_fresh_identity,8365,2691946.0,95700,9570000,34500,3450000,1.0,0,5.960464477539063e-08,5.960464477539063e-08,5.960464477539063e-08,0.0,435820.5702879932,39551.70358968445,475985.85850306595,43117.85307948169,486460.5792027188,45366.7249313691,-40165.28821507286,52671.43524925519,-3566.149489797237,3871.4285059826243,0.19369999428391438,-10474.72069965273,110386.27494123699,-2248.8718518874034,8110.876492132541,0.23337817192077637,-0.004378810943121021,0.04955877774477274,0.25911790132522583,0.005820762390109944,0.034960980055770474,0.32878419756889343,1.7138923234690135e-05,1.7138923234690135e-05,0.010374872013926506,347468.10051815584,579180.8993904907,37560.88554965144,48919.08709991211,2026-10-04T17:43:02.546205+00:00,1.091,D:\MLWork\IUFEE_revision_20261005\datasets\joint_overlay\IND_FUA_03357_t_s_p_u_coverage_100m.tif,0.09075226431728181,0.09058641619119438,0.09325878986067603,49,50,49,-1,0,0.00016584812608742838,0.00016584812608742838,-0.002506525543394214,0.002506525543394214
IND_FUA_03722,Rajkot,joint_overlay_10m_nearest_lexicographic_first_valid_v3_fresh_identity,7272,2602277.0,46200,4620000,32300,3230000,1.0,0,5.960464477539063e-08,5.960464477539063e-08,5.960464477539063e-08,0.0,631904.7900835387,179.3800011985004,661692.2153970518,253.41830168606785,677966.9126338828,181.4239683658721,-29787.42531351318,47471.889093621896,-74.03830048756748,74.03830048756748,0.21599999570846506,-16274.697236831045,84965.3237564347,71.99433332019578,74.47481795937709,0.16957901418209076,-0.005722234266135438,0.037824202609056605,0.17180144786834717,0.0028223177362857108,0.01898163808017863,0.20000000298023224,-1.5949768470401e-05,3.857298105659434e-05,0.03280847147107124,554764.9395800233,760925.6388186179,160.74000508710742,288.4000005442649,2026-10-04T17:42:48.491444+00:00,0.654,D:\MLWork\IUFEE_revision_20261005\datasets\joint_overlay\IND_FUA_03722_t_s_p_u_coverage_100m.tif,0.00028387188072238873,0.00038298516408267385,0.0002676000332539017,81,81,82,0,-1,-9.911328336028512e-05,9.911328336028512e-05,1.6271847468487036e-05,1.6271847468487036e-05
IND_FUA_04396,Amritsar,joint_overlay_10m_nearest_lexicographic_first_valid_v3_fresh_identity,14794,7248249.0,85800,8580000,43100,4310000,1.0,0,5.960464477539063e-08,5.960464477539063e-08,5.960464477539063e-08,0.0,761199.9484624974,39584.124718503066,896324.3062681075,43626.43120394118,911182.7058475873,44083.53650296147,-135124.35780561023,176319.25651486657,-4042.3064854381155,5911.466539266965,0.21200000914931305,-14858.399579479525,244622.29927409254,-457.10529902028895,12277.434654145487,0.2203379161655903,-0.004765450980633106,0.0450798637943657,0.29585129022598267,0.0022085672654250967,0.04185452081349253,0.318090096116066,2.621322691220584e-07,2.621322691220584e-07,0.009999999776482582,494437.98944026046,1233985.6367310006,30372.238108694022,54753.09557627227,2026-10-04T17:42:50.462421+00:00,0.969,D:\MLWork\IUFEE_revision_20261005\datasets\joint_overlay\IND_FUA_04396_t_s_p_u_coverage_100m.tif,0.05200226930973483,0.04867259640161057,0.04838056760740944,54,54,54,0,0,0.003329672908124262,0.003329672908124262,0.0036217017023253903,0.0036217017023253903
IND_FUA_05324,Jodhpur,joint_overlay_10m_nearest_lexicographic_first_valid_v3_fresh_identity,12265,5353498.0,73500,7350000,40800,4080000,1.0,0,5.960464477539063e-08,5.960464477539063e-08,5.960464477539063e-08,0.0,1307340.0476963613,40283.30672776491,1375974.2349268396,40967.514412412835,1405691.3479415572,42163.81901821157,-68634.18723047845,90543.02204674135,-684.2076846479283,825.2854398696393,0.21419998930692685,-29717.11301471716,210848.61411235016,-1196.3046057987372,8017.567130860233,0.23877363465726376,-0.005565239978945786,0.04376113189340795,0.23877363465726376,0.0022860595774709352,0.01861000269005816,0.24000000953674316,8.75143557737619e-06,0.0003253599924768309,0.06239796429872513,1178048.9872660916,1550110.067660395,38987.04708732071,42527.12663351116,2026-10-04T17:42:40.130871+00:00,1.098,D:\MLWork\IUFEE_revision_20261005\datasets\joint_overlay\IND_FUA_05324_t_s_p_u_coverage_100m.tif,0.03081318192519792,0.029773460412644333,0.029995076145239653,56,57,56,-1,0,0.0010397215125535868,0.0010397215125535868,0.0008181057799582676,0.0008181057799582676
IND_FUA_05617,Jalandhar,joint_overlay_10m_nearest_lexicographic_first_valid_v3_fresh_identity,8785,2645259.0,75600,7560000,36900,3690000,1.0,0,2.9802322387695312e-08,0.0,0.0,0.0,297272.099638775,1718.6078584362654,336413.564712859,1768.3900433638016,343699.97890198865,1740.630055681083,-39141.46507408403,51555.172424928234,-49.78218492753623,186.768164867026,0.20739998841881757,-7286.414189129616,84745.32399602048,27.759987682718595,226.5175686887319,0.22268301248550415,-0.006046612263398801,0.04186412552502724,0.2897278964519501,0.0010357481191181294,0.03024832162195211,0.34199076890945435,0.0,0.0,0.0,229516.960009899,428508.3593625482,1364.0257711181764,1917.5033893550872,2026-10-04T17:42:56.955494+00:00,0.868,D:\MLWork\IUFEE_revision_20261005\datasets\joint_overlay\IND_FUA_05617_t_s_p_u_coverage_100m.tif,0.005781261882714865,0.005256595538509827,0.005064388020161766,65,70,70,-5,-5,0.0005246663442050378,0.0005246663442050378,0.0007168738625530991,0.0007168738625530991
IND_FUA_05991,Ahmedabad,joint_overlay_10m_nearest_lexicographic_first_valid_v3_fresh_identity,21864,7574231.0,231000,23100000,113300,11330000,1.0,0,5.960464477539063e-08,5.960464477539063e-08,5.960464477539063e-08,0.0,2266780.88085722,1039152.0781284873,2311699.1570143034,1070196.46195105,2388671.064713939,1102670.5210950754,-44918.27615708338,112220.72672408463,-31044.383822562708,51101.97582290776,0.22049999845027912,-76971.90769963634,270572.8367684636,-32474.059144025312,116782.91012050437,0.2132625838445268,-0.008535602141735273,0.038815752736185906,0.20795296132564545,0.0035337836267085145,0.01863798556453554,0.18796005845069885,-3.2198480914279515e-05,0.00020518052389836331,0.07274581491947174,2053876.3816258758,2563369.6394191403,961148.4884081911,1180127.5255349718,2026-10-04T17:41:02.084901+00:00,2.492,D:\MLWork\IUFEE_revision_20261005\datasets\joint_overlay\IND_FUA_05991_t_s_p_u_coverage_100m.tif,0.45842634676516025,0.4629479829604092,0.46162510082866026,18,17,18,1,0,-0.004521636195248924,0.004521636195248924,-0.003198754063500009,0.003198754063500009
IND_FUA_06065,Ludhiana,joint_overlay_10m_nearest_lexicographic_first_valid_v3_fresh_identity,12561,4419355.0,128000,12800000,62700,6270000,1.0,0,3.166496753692627e-08,0.0,0.0,0.0,587863.6097431239,68913.9904211013,657507.391960493,76610.77843327294,680085.5151560601,79784.00223056837,-69643.78221736923,90367.04177549227,-7696.788012171636,9578.967872868376,0.21000000476837144,-22578.123195567037,174799.78883004576,-3173.2237972954376,20134.90692273307,0.2759155333042145,-0.00658392179324222,0.04924357284840726,0.28859150409698486,0.003379106505725407,0.032456592729203565,0.30675065517425537,3.638560627523418e-06,6.750206727820752e-06,0.009999999776482582,460085.5296482779,828517.9990105536,54963.81306697086,94645.55460026299,2026-10-04T17:42:10.698643+00:00,2.288,D:\MLWork\IUFEE_revision_20261005\datasets\joint_overlay\IND_FUA_06065_t_s_p_u_coverage_100m.tif,0.11722785571165792,0.11651698424992941,0.11731466183669598,46,46,46,0,0,0.0007108714617285045,0.0007108714617285045,-8.680612503805807e-05,8.680612503805807e-05
IND_FUA_06611,Surat,joint_overlay_10m_nearest_lexicographic_first_valid_v3_fresh_identity,8394,3596650.0,112000,11200000,68000,6800000,1.0,0,5.960464477539063e-08,0.0,0.0,0.0,1054482.9182903338,1147953.878878897,1065440.787556526,1162936.3756810538,1098549.2565860106,1193859.6313341025,-10957.86926619206,43431.89832406351,-14982.496802156858,52034.588458010825,0.19310000213384626,-33108.46902948459,118745.55156715435,-30923.255653048807,119592.0178496663,0.18543505668640137,-0.007720257751652909,0.039679664580915305,0.18543505668640137,0.002102529362284426,0.014701447992601849,0.21998215839266777,7.630195386061775e-08,7.630195386061775e-08,0.011434642598032951,961564.7600570451,1169923.1894524395,1049246.87127554,1277723.5329970473,2026-10-04T17:41:10.285643+00:00,1.183,D:\MLWork\IUFEE_revision_20261005\datasets\joint_overlay\IND_FUA_06611_t_s_p_u_coverage_100m.tif,1.0886415123159232,1.0915072796754135,1.0867602196047998,4,4,4,0,0,-0.00286576735949029,0.00286576735949029,0.0018812927111233613,0.0018812927111233613
IND_FUA_06651,Vadodara,joint_overlay_10m_nearest_lexicographic_first_valid_v3_fresh_identity,8550,3106926.0,120000,12000000,59100,5910000,1.0,0,5.960464477539063e-08,0.0,0.0,0.0,1096423.227340024,217996.1333962256,1109063.6832683443,220208.50556180344,1144800.8434170636,228317.39254341263,-12640.455928320327,32612.120784447896,-2212.3721655778604,5473.742271684287,0.1778999980449676,-35737.16014871952,119621.35185823933,-8108.886981609132,22919.416315624483,0.19726818799972534,-0.0104148695714873,0.04074309835826989,0.2048373818397522,0.0033484736342574155,0.013244123453943284,0.22074604034423828,3.1124105319936985e-05,3.674829853518679e-05,0.009999999776482582,1031467.8675109055,1184623.8770338986,207666.7330158182,233641.06794803744,2026-10-04T17:42:01.780754+00:00,1.369,D:\MLWork\IUFEE_revision_20261005\datasets\joint_overlay\IND_FUA_06651_t_s_p_u_coverage_100m.tif,0.19882480410880643,0.1985535266224408,0.1994385257980056,34,34,33,0,1,0.00027127748636562865,0.00027127748636562865,-0.0006137216891991815,0.0006137216891991815
IND_FUA_06781,Chandigarh,joint_overlay_10m_nearest_lexicographic_first_valid_v3_fresh_identity,15456,6519940.0,168000,16800000,76900,7690000,1.0,0,5.960464477539063e-08,0.0,0.0,0.0,1578444.5379210152,1051.5922151471652,1637678.992664848,1100.1584646451472,1711764.101769615,1117.0677017621533,-59234.4547438327,105880.16895279054,-48.56624949798171,54.11385048825599,0.21439999577999114,-74085.10910476705,322760.99154518783,-16.909237117006327,334.90150316159975,0.28649604320526123,-0.011484902132516071,0.05621943749627168,0.31927648186683655,0.00420595435070803,0.027088539618131156,0.3115893602371216,1.199126051200006e-07,1.199126051200006e-07,0.002588817849755287,1391859.2896211315,1856417.5391239189,857.7066769087414,1445.1517808662668,2026-10-04T17:41:59.303883+00:00,1.722,D:\MLWork\IUFEE_revision_20261005\datasets\joint_overlay\IND_FUA_06781_t_s_p_u_coverage_100m.tif,0.0006662205670730932,0.0006717790663327483,0.0006525827364923316,80,80,79,0,1,-5.558499259655119e-06,5.558499259655119e-06,1.363783058076155e-05,1.363783058076155e-05
IND_FUA_07108,Silvassa,joint_overlay_10m_nearest_lexicographic_first_valid_v3_fresh_identity,6451,1315759.0,114800,11480000,37400,3740000,1.0,0,5.960464477539063e-08,5.960464477539063e-08,5.960464477539063e-08,0.0,302066.4199233707,45123.227042429724,311811.43264859426,48122.244393236695,322019.1224350342,50366.28501478075,-9745.012725223538,19235.866736371325,-2999.0173508069693,5233.41242326071,0.17359998359680162,-10207.689786439922,36762.71501296416,-2244.0406215440667,7418.6077715493375,0.1987090707607173,-0.007951147828561368,0.03381857132556884,0.17108654975891113,0.0020300175219759727,0.017435029491468402,0.16687613725662231,-3.7332556691781885e-06,1.7222996592707127e-05,0.010273240506649017,273474.86972119287,345014.57950117067,39296.637652510384,56075.919076277685,2026-10-04T17:43:06.850649+00:00,1.255,D:\MLWork\IUFEE_revision_20261005\datasets\joint_overlay\IND_FUA_07108_t_s_p_u_coverage_100m.tif,0.14938180501452875,0.15433123790386985,0.15640774570752985,39,39,39,0,0,-0.004949432889341104,0.004949432889341104,-0.007025940693001109,0.007025940693001109
IND_FUA_07139,Vasai-Virar,joint_overlay_10m_nearest_lexicographic_first_valid_v3_fresh_identity,2876,501725.0,43700,4370000,29200,2920000,1.0,0,2.7939677238464355e-08,0.0,0.0,0.0,70790.62978781201,78647.66280288549,77697.58248149847,85341.91302586778,79547.10527076085,89871.17455191317,-6906.952693686448,9666.232048739541,-6694.250222982277,8074.090912843426,0.17549998891353624,-1849.522789262381,10668.675926659813,-4529.261526045393,13235.336571574067,0.15174955129623413,-0.005343970368479874,0.028986359943705457,0.15174955129623413,0.0012041379934559606,0.02156558809540972,0.15862512588500977,0.0,0.0,0.0,57859.26974571869,97216.26996057108,71966.01348122375,99596.49921093133,2026-10-04T17:42:44.992854+00:00,0.683,D:\MLWork\IUFEE_revision_20261005\datasets\joint_overlay\IND_FUA_07139_t_s_p_u_coverage_100m.tif,1.1109897318137185,1.0983856936113758,1.1297856062267944,3,3,2,0,1,0.012604038202342682,0.012604038202342682,-0.01879587441307584,0.01879587441307584
IND_FUA_07163,Mumbai,joint_overlay_10m_nearest_lexicographic_first_valid_v3_fresh_identity,21881,4697571.0,413000,41300000,236700,23670000,1.0,0,5.960464477539063e-08,0.0,0.0,0.0,811360.4786988571,253521.16512833425,899450.4837833424,291142.81152714876,916929.8287080962,296249.8262257751,-88090.00508448531,122860.44834064484,-37621.646398814504,51693.961815012284,0.22559999907910822,-17479.34492475367,110019.89643882081,-5107.014698626417,40214.99057479844,0.23491055374151693,-0.00458425923826112,0.030303833006121435,0.18013334274291992,0.0033704306436910113,0.02441509309380429,0.19646869041025639,-7.477894641830824e-06,7.327326835259137e-05,0.049401894211769104,682531.6074643936,1114270.7055887487,198358.07607380254,389517.2750986796,2026-10-04T17:40:42.427865+00:00,4.054,D:\MLWork\IUFEE_revision_20261005\datasets\joint_overlay\IND_FUA_07163_t_s_p_u_coverage_100m.tif,0.3124642767107598,0.3236896491539145,0.3230888743614927,24,24,24,0,0,-0.01122537244315469,0.01122537244315469,-0.01062459765073287,0.01062459765073287
IND_FUA_07320,Jaipur,joint_overlay_10m_nearest_lexicographic_first_valid_v3_fresh_identity,26912,13604265.0,164500,16450000,79900,7990000,1.0,0,5.960464477539063e-08,5.960464477539063e-08,5.960464477539063e-08,0.0,3333620.6251635365,106.74999785982072,3419178.5776324566,159.9946951855228,3514418.714285455,194.13106756753703,-85557.95246891933,125895.66626328664,-53.24469732570207,53.91869732068038,0.22999998927116394,-95240.13665299915,576360.6377271167,-34.13637238201424,72.71064774914807,0.22709285334736995,-0.007175218653769381,0.045801287866681764,0.2543739676475525,0.0018377662175430676,0.012860587593502733,0.25534164905548096,-6.564577440958572e-06,3.946684297791506e-05,0.02635481208562851,3131523.7447755635,3679042.612826029,68.72999870963395,248.12999029830098,2026-10-04T17:41:27.786313+00:00,2.523,D:\MLWork\IUFEE_revision_20261005\datasets\joint_overlay\IND_FUA_07320_t_s_p_u_coverage_100m.tif,3.2022239439613474e-05,4.6793313526287944e-05,5.523845715322154e-05,85,85,85,0,0,-1.477107408667447e-05,1.477107408667447e-05,-2.3216217713608063e-05,2.3216217713608063e-05
IND_FUA_07466,Delhi [New Delhi],joint_overlay_10m_nearest_lexicographic_first_valid_v3_fresh_identity,113140,51418537.0,1231700,123170000,556900,55690000,1.0,0,5.960464477539063e-08,5.960464477539063e-08,5.960464477539063e-08,0.0,11646426.935352508,3568516.2676574453,12328766.28022781,3747030.612836018,12654723.455329875,3865763.7872760184,-682339.344875303,981280.4818912545,-178514.3451785742,284732.72022514645,0.24359999790191633,-325957.17510206386,2134915.898499986,-118733.17443999954,641026.0759177883,0.2836922887504101,-0.007048852798311594,0.04922381862723663,0.28043097257614136,0.0038698350731834305,0.02835080317549087,0.2929205298423767,1.1707209895512502e-05,0.00011492497248669341,0.13596463203430176,10174650.12324633,14258436.3557781,3103524.3912784965,4330958.0559464,2026-10-04T17:40:25.165965+00:00,13.987,D:\MLWork\IUFEE_revision_20261005\datasets\joint_overlay\IND_FUA_07466_t_s_p_u_coverage_100m.tif,0.3064043837192059,0.30392583715738836,0.3054799104004006,25,26,26,-1,-1,0.002478546561817563,0.002478546561817563,0.0009244733188052967,0.0009244733188052967
IND_FUA_07490,Saharanpur,joint_overlay_10m_nearest_lexicographic_first_valid_v3_fresh_identity,3226,1511249.0,37800,3780000,22500,2250000,1.0,0,5.960464477539063e-08,0.0,0.0,0.0,381463.60978908837,0.0,400405.09675447963,0.0,418118.8180637817,0.0,-18941.486965391257,24059.16434414843,0.0,0.0,0.19320000298619266,-17713.721309302135,75134.48346070349,0.0,0.0,0.2945466935634613,-0.012916676446030348,0.055550753588654335,0.2945466935634613,0.0037751273550446795,0.025360083013362407,0.42571738362312317,0.0,0.0,0.0,341242.13924660534,450971.0799134597,0.0,0.0,2026-10-04T17:42:55.237480+00:00,0.942,D:\MLWork\IUFEE_revision_20261005\datasets\joint_overlay\IND_FUA_07490_t_s_p_u_coverage_100m.tif,0.0,0.0,0.0,86,86,86,0,0,0.0,0.0,0.0,0.0
IND_FUA_07499,Nashik,joint_overlay_10m_nearest_lexicographic_first_valid_v3_fresh_identity,10786,2715839.0,87000,8700000,48500,4850000,1.0,0,5.960464477539063e-08,0.0,0.0,0.0,362953.13999732584,483.84575609597397,380821.0890277038,3139.4202844663614,391173.1988581122,2722.073095728163,-17867.949030377968,28937.446202570747,-2655.5745283703877,2657.613986484096,0.18379999416768555,-10352.109830408466,63992.89407092187,417.3471887381983,980.0024406953571,0.17091136015206576,-0.0041259159663546395,0.02764738048272868,0.2868404984474182,0.0014290798952046595,0.011956830568549385,0.31989093497395515,-1.8640522525673836e-06,2.6305018872271584e-06,0.009999999776482582,318337.21930686943,440511.7693731524,148.73119615231894,7076.097146715861,2026-10-04T17:42:16.205839+00:00,1.228,D:\MLWork\IUFEE_revision_20261005\datasets\joint_overlay\IND_FUA_07499_t_s_p_u_coverage_100m.tif,0.001333080507581609,0.008243819407380499,0.006958741303530673,76,63,64,13,12,-0.0069107388997988895,0.0069107388997988895,-0.005625660795949064,0.005625660795949064
IND_FUA_07581,Dehradun,joint_overlay_10m_nearest_lexicographic_first_valid_v3_fresh_identity,4475,1480118.0,65000,6500000,28400,2840000,1.0,0,2.9802322387695312e-08,0.0,0.0,0.0,217423.1402311474,0.0,234257.50660617452,0.0,240531.3703540573,0.0,-16834.366375027093,22569.778464945535,0.0,0.0,0.22200000065565106,-6273.863747882797,53899.76038240368,0.0,0.0,0.2590726941317669,-0.0043408772322496535,0.04497059428388735,0.25248032808303833,0.003108735518327255,0.025749097414806594,0.3102847933769226,0.0,0.0,0.0,186835.09968124703,276366.72942087613,0.0,0.0,2026-10-04T17:43:00.675255+00:00,1.233,D:\MLWork\IUFEE_revision_20261005\datasets\joint_overlay\IND_FUA_07581_t_s_p_u_coverage_100m.tif,0.0,0.0,0.0,86,86,86,0,0,0.0,0.0,0.0,0.0
IND_FUA_07601,Kota,joint_overlay_10m_nearest_lexicographic_first_valid_v3_fresh_identity,5428,2483233.0,59800,5980000,28700,2870000,1.0,0,5.960464477539063e-08,5.960464477539063e-08,5.960464477539063e-08,0.0,598993.7281352635,2404.7928202648327,618084.7677468554,3881.4931445964353,634385.8898326748,3876.512710820276,-19091.039611591867,36063.601663597045,-1476.7003243316024,1518.439701756838,0.16949999096989643,-16301.122085819416,92327.07970488281,4.980433776159288,1099.4091883750216,0.23212917521595955,-0.006055013750361983,0.04040976754960511,0.23212917521595955,0.002720042889996313,0.02143339058310967,0.20999997854232788,7.348649068305283e-05,0.00011542051296049442,0.07080331444740295,525013.8483512476,711454.6984171085,1650.537494464932,5660.820582322352,2026-10-04T17:43:04.499435+00:00,0.728,D:\MLWork\IUFEE_revision_20261005\datasets\joint_overlay\IND_FUA_07601_t_s_p_u_coverage_100m.tif,0.004014721202092098,0.006279871867326378,0.00611065405607105,68,69,68,-1,0,-0.0022651506652342796,0.0022651506652342796,-0.002095932853978952,0.002095932853978952
IND_FUA_07617,Pune,joint_overlay_10m_nearest_lexicographic_first_valid_v3_fresh_identity,32775,13965327.0,420000,42000000,155800,15580000,1.0,0,5.960464477539063e-08,5.960464477539063e-08,5.960464477539063e-08,0.0,3412267.447482884,107018.35488907436,3485494.2683609575,115504.65385262396,3542754.984522479,109732.86883986574,-73226.82087807395,124410.21602510235,-8486.29896354961,11637.750011968274,0.20510000189542765,-57260.71616152174,403307.94304262055,5771.785012758199,14669.568794831472,0.2493889331817627,-0.0037307486859648495,0.032350542818013854,0.2493889331817627,0.0016402393347551664,0.009361575202766608,0.20514775812625885,9.026865654936492e-06,0.0001793660640504318,0.07941161841154099,3196301.846258741,3756921.237472875,93069.65200359587,135910.67828060922,2026-10-04T17:41:09.081845+00:00,6.973,D:\MLWork\IUFEE_revision_20261005\datasets\joint_overlay\IND_FUA_07617_t_s_p_u_coverage_100m.tif,0.031362827368065255,0.03313867272745213,0.030973880304809284,55,55,55,0,0,-0.0017758453593868725,0.0017758453593868725,0.0003889470632559705,0.0003889470632559705
IND_FUA_07631,Haridwar,joint_overlay_10m_nearest_lexicographic_first_valid_v3_fresh_identity,4875,1895887.0,89100,8910000,36100,3610000,1.0,0,2.9802322387695312e-08,0.0,0.0,0.0,438219.26841124706,6870.422908578657,465208.86466916685,10270.671485987126,481288.68158247595,9745.119701081117,-26989.596257919806,36271.341604616355,-3400.2485774084685,3447.2452651013596,0.20249998927116408,-16079.816913309078,78202.99753298929,525.5517849060078,3119.0581576381924,0.22176632285118103,-0.01013058591205379,0.04836965073315072,0.25140049308538437,0.0033778366379296843,0.027390863839235766,0.26378233730793,4.970495587936338e-05,6.100940059542045e-05,0.05999999865889549,384864.0296010766,537809.8985189516,4490.536262246792,14665.639047014949,2026-10-04T17:43:12.086453+00:00,1.794,D:\MLWork\IUFEE_revision_20261005\datasets\joint_overlay\IND_FUA_07631_t_s_p_u_coverage_100m.tif,0.015678048419658048,0.02207754895919946,0.020247971901269708,60,60,60,0,0,-0.0063995005395414105,0.0063995005395414105,-0.00456992348161166,0.00456992348161166
IND_FUA_07643,Meerut,joint_overlay_10m_nearest_lexicographic_first_valid_v3_fresh_identity,11327,6166678.0,102300,10230000,57700,5770000,1.0,0,5.960464477539063e-08,0.0,0.0,0.0,1258958.8204901312,178630.74649169898,1351243.2064958126,187748.310755185,1385253.870708628,190445.27494198544,-92284.38600568139,124000.00499014877,-9117.564263486005,11965.90791592454,0.20480000947117816,-34010.664212815434,256338.24065974422,-2696.964186800425,30973.86208842362,0.25643805300772193,-0.006228141611089172,0.04880364428794649,0.2578655481338501,0.004963934880177159,0.03058063717694094,0.2794274687767029,4.431709134730269e-06,4.522868802651384e-06,0.009999999776482582,1065944.9099659082,1595731.3202639055,159347.49273963954,213289.9356436012,2026-10-04T17:42:00.392182+00:00,1.067,D:\MLWork\IUFEE_revision_20261005\datasets\joint_overlay\IND_FUA_07643_t_s_p_u_coverage_100m.tif,0.14188768018810607,0.13894486932672456,0.13748041349602075,41,42,42,-1,-1,0.002942810861381512,0.002942810861381512,0.0044072666920853265,0.0044072666920853265
IND_FUA_07839,Indore,joint_overlay_10m_nearest_lexicographic_first_valid_v3_fresh_identity,16212,5101697.0,139400,13940000,80900,8090000,1.0,0,5.960464477539063e-08,5.960464477539063e-08,5.960464477539063e-08,0.0,977500.5099102408,178.25999658741057,1052888.023868854,350.4549109138013,1079292.6680250606,266.2372911224475,-75387.51395861318,106637.80260066687,-172.19491432639066,177.86211407304708,0.23199999007582672,-26404.644156206734,160962.58956247658,84.21761979135374,101.47573126187237,0.23398054763472254,-0.006478475742553121,0.0379321369591356,0.21861088275909424,0.001858059042581205,0.02417388066761147,0.2556130886077881,8.68070983026106e-06,2.3214976248509012e-05,0.03999999910593033,815153.2198945861,1264255.5004538186,62.69000502489507,521.7400078177452,2026-10-04T17:41:32.522150+00:00,2.432,D:\MLWork\IUFEE_revision_20261005\datasets\joint_overlay\IND_FUA_07839_t_s_p_u_coverage_100m.tif,0.0001823630727351532,0.0003328510752986335,0.0002466775685687004,82,83,83,-1,-1,-0.0001504880025634803,0.0001504880025634803,-6.431449583354723e-05,6.431449583354723e-05
IND_FUA_07881,Kolhapur,joint_overlay_10m_nearest_lexicographic_first_valid_v3_fresh_identity,3871,507716.0,68000,6800000,27900,2790000,1.0,0,2.7939677238464355e-08,0.0,0.0,0.0,40531.52987848967,731.2971218444176,42637.069213245755,1088.2210729276435,42940.57631561813,1103.8110887294874,-2105.5393347560794,7194.3549097771165,-356.9239510832259,397.82451139214254,0.1466000054419041,-303.50710237237774,7455.504053632287,-15.590015801844153,195.51182448794998,0.09631156619967118,-0.0005427100486133118,0.020050210077508134,0.1277218461036682,0.002269411485732677,0.01970981295789926,0.1765163093805313,0.0,0.0,0.0,25614.55994962901,58917.20003849827,238.28537727813784,1548.8844499425622,2026-10-04T17:43:12.951120+00:00,0.837,D:\MLWork\IUFEE_revision_20261005\datasets\joint_overlay\IND_FUA_07881_t_s_p_u_coverage_100m.tif,0.01804267255731004,0.025522886375819977,0.025705549003729018,59,58,58,1,1,-0.007480213818509936,0.007480213818509936,-0.007662876446418977,0.007662876446418977
IND_FUA_07895,Aligarh,joint_overlay_10m_nearest_lexicographic_first_valid_v3_fresh_identity,6602,3411737.0,65000,6500000,33800,3380000,1.0,0,2.9802322387695312e-08,0.0,0.0,0.0,730347.7593612149,155195.9194091809,769794.0975197239,164227.61298288044,794083.4588044957,167958.0285849239,-39446.33815850887,58832.83216979534,-9031.693573699527,12797.517537680862,0.20999998971819878,-24289.36128477175,141271.687957604,-3730.4156020434334,33705.74261597306,0.25459009408950806,-0.009776460322203999,0.04612239625714073,0.3349972292780876,0.0033539762857942262,0.028249317486354043,0.33269844576716423,0.0,0.0,0.0,613471.2594590895,897362.0095717981,131853.2016629369,190088.47941925254,2026-10-04T17:42:25.617965+00:00,1.923,D:\MLWork\IUFEE_revision_20261005\datasets\joint_overlay\IND_FUA_07895_t_s_p_u_coverage_100m.tif,0.21249592049809274,0.2133396625305672,0.21151180864261693,31,31,31,0,0,-0.0008437420324744482,0.0008437420324744482,0.000984111855475811,0.000984111855475811
IND_FUA_07933,Moradabad,joint_overlay_10m_nearest_lexicographic_first_valid_v3_fresh_identity,5603,2369126.0,92000,9200000,42000,4200000,1.0,0,2.9802322387695312e-08,0.0,0.0,0.0,539191.139396444,123856.02766159225,568803.6139750853,132265.1904148325,592006.7573263462,135805.8135933674,-29612.474578641388,41370.8082240702,-8409.162753240284,10931.249335303679,0.17400000354647638,-23203.14335126105,101769.21954459864,-3540.6231785349,25005.99077466705,0.22060328117923433,-0.011754468890048263,0.049310631203393636,0.25079259276390076,0.001964668913814635,0.0278716407316299,0.28509508073329926,0.0,0.0,0.0,460453.02921488695,662648.389374692,107205.68667241708,153876.03247014584,2026-10-04T17:42:18.978649+00:00,1.027,D:\MLWork\IUFEE_revision_20261005\datasets\joint_overlay\IND_FUA_07933_t_s_p_u_coverage_100m.tif,0.2297070901429006,0.23253226098634802,0.22939909369734418,30,29,29,1,1,-0.002825170843447411,0.002825170843447411,0.0003079964455564299,0.0003079964455564299
IND_FUA_07957,Agra,joint_overlay_10m_nearest_lexicographic_first_valid_v3_fresh_identity,10483,3999577.0,125800,12580000,53500,5350000,1.0,0,4.0978193283081055e-08,0.0,0.0,0.0,632907.5192539915,54685.262398358536,691709.3857448354,63118.84441191567,704131.4169257482,62876.63334584619,-58801.86649084385,72836.29567615342,-8433.582013557125,9466.726042349559,0.2149999998509884,-12422.031180912809,146608.92306690916,242.21106606946813,13202.587505433028,0.21975883841514587,-0.004152864779004472,0.04403479742967854,0.24005454778671265,0.0024809694773336873,0.02677685495300375,0.2869197577238083,0.0,0.0,0.0,533486.2786751222,826928.9082406107,47861.879728111664,77289.71161713729,2026-10-04T17:41:51.183344+00:00,2.47,D:\MLWork\IUFEE_revision_20261005\datasets\joint_overlay\IND_FUA_07957_t_s_p_u_coverage_100m.tif,0.08640324334085348,0.09125052473293976,0.08929673046029792,50,49,50,1,0,-0.004847281392086289,0.004847281392086289,-0.0028934871194444406,0.0028934871194444406
IND_FUA_07961,Aurangabad,joint_overlay_10m_nearest_lexicographic_first_valid_v3_fresh_identity,6425,2253337.0,57200,5720000,34500,3450000,1.0,0,5.960464477539063e-08,0.0,0.0,0.0,605448.6694584861,0.0,617944.9652014668,0.0,632913.1194405303,0.0,-12496.2957429807,26484.016071529473,0.0,0.0,0.18559998723268478,-14968.154239063466,67905.2139577815,0.0,0.0,0.14437381462185783,-0.006390459281668709,0.03373304935092797,0.15324831008911133,0.002382381117914441,0.013580479783738145,0.19026058912277222,-1.1239345974366815e-05,5.4680496021078715e-05,0.034475840628147125,547074.9796519652,679025.1394466385,0.0,0.0,2026-10-04T17:42:17.927434+00:00,0.658,D:\MLWork\IUFEE_revision_20261005\datasets\joint_overlay\IND_FUA_07961_t_s_p_u_coverage_100m.tif,0.0,0.0,0.0,86,86,86,0,0,0.0,0.0,0.0,0.0
IND_FUA_07996,Sangli,joint_overlay_10m_nearest_lexicographic_first_valid_v3_fresh_identity,4549,948177.0,33600,3360000,22500,2250000,1.0,0,5.960464477539063e-08,0.0,0.0,0.0,109030.67983255535,25288.691043802195,111741.18527782055,26684.770418113752,115147.49146047962,27161.34074290085,-2710.505445265201,7649.803187189662,-1396.0793743115564,2570.9297031936576,0.17840000126361844,-3406.3061826590597,18770.657154385302,-476.570324787097,4350.104883635727,0.12426462769508362,-0.003591319541957236,0.021925631144426597,0.12426462769508362,0.00031377012868708817,0.009187917715141838,0.13032877445220947,1.1670872266354753e-06,2.2042403707319185e-05,0.00809665396809578,91655.78004556894,126900.10977810062,19075.241040931804,30348.880724957024,2026-10-04T17:43:15.208732+00:00,0.489,D:\MLWork\IUFEE_revision_20261005\datasets\joint_overlay\IND_FUA_07996_t_s_p_u_coverage_100m.tif,0.23194105624801645,0.2388087288654383,0.23588304355048012,28,28,28,0,0,-0.006867672617421855,0.006867672617421855,-0.003941987302463673,0.003941987302463673
IND_FUA_08144,Gwalior,joint_overlay_10m_nearest_lexicographic_first_valid_v3_fresh_identity,4472,2023495.0,35700,3570000,23200,2320000,1.0,0,2.9802322387695312e-08,0.0,0.0,0.0,478261.4599872548,0.0,490904.943733489,0.0,505918.5589794498,0.0,-12643.48374623416,20210.75765287121,0.0,0.0,0.20400000011920927,-15013.61524596073,81376.25230896681,0.0,0.0,0.2150779664516449,-0.006753610182200891,0.044241563370235173,0.2181447148323059,0.0034224931755857516,0.01661884346813919,0.24079275131225586,1.9068366604924894e-06,8.708459903069361e-06,0.010148974135518074,439222.0696816351,536919.1296006124,0.0,0.0,2026-10-04T17:42:32.288399+00:00,0.489,D:\MLWork\IUFEE_revision_20261005\datasets\joint_overlay\IND_FUA_08144_t_s_p_u_coverage_100m.tif,0.0,0.0,0.0,86,86,86,0,0,0.0,0.0,0.0,0.0
IND_FUA_08224,Bareilly,joint_overlay_10m_nearest_lexicographic_first_valid_v3_fresh_identity,5144,2886159.0,89600,8960000,29400,2940000,1.0,0,5.960464477539063e-08,0.0,0.0,0.0,816243.8209214509,65562.52226639236,845941.0888322543,67490.21348991868,868752.8152906679,68453.4138513344,-29697.267910803384,49688.464211826344,-1927.6912235263003,2766.110844158101,0.20050000619888309,-22811.72645841376,136309.26798366688,-963.2003614157259,12535.62913751051,0.31018942141624883,-0.00822758172956167,0.050663110942651406,0.23632127046585083,0.0030470111124198335,0.02978811031546936,0.2950282394886017,0.0,0.0,0.0,712805.730867736,963175.2100633997,60117.44582932904,73725.06772187258,2026-10-04T17:42:23.670639+00:00,0.972,D:\MLWork\IUFEE_revision_20261005\datasets\joint_overlay\IND_FUA_08224_t_s_p_u_coverage_100m.tif,0.08032222797396417,0.07978122162511678,0.07879504117454998,51,51,51,0,0,0.0005410063488473921,0.0005410063488473921,0.0015271867994141874,0.0015271867994141874
IND_FUA_08258,Bhopal,joint_overlay_10m_nearest_lexicographic_first_valid_v3_fresh_identity,9192,3205488.0,93000,9300000,50000,5000000,1.0,0,5.960464477539063e-08,5.960464477539063e-08,5.960464477539063e-08,0.0,785533.0481510907,1900.1300366595387,808510.6636842059,1925.1808332723758,838337.9471040821,1915.3762716336605,-22977.615533114986,43287.106851932054,-25.050796612837168,81.97540318974332,0.20000000759959224,-29827.283419876374,120477.67028479275,9.804561638715285,429.6974356588899,0.2294380322694778,-0.00859060214629309,0.040554770860754416,0.19804319739341736,0.00408777604903995,0.01768823325240585,0.22910279035568237,-3.997496762980052e-06,6.236155453931423e-05,0.029999999329447746,707204.8977766763,898191.548311986,1637.6400240566581,2135.710033684969,2026-10-04T17:42:02.826981+00:00,1.024,D:\MLWork\IUFEE_revision_20261005\datasets\joint_overlay\IND_FUA_08258_t_s_p_u_coverage_100m.tif,0.0024189052785645046,0.0023811446400715964,0.002284730493531937,72,73,74,-1,-2,3.776063849290825e-05,3.776063849290825e-05,0.00013417478503256752,0.00013417478503256752
IND_FUA_08319,Mangaluru,joint_overlay_10m_nearest_lexicographic_first_valid_v3_fresh_identity,12758,1265037.0,244800,24480000,76400,7640000,1.0,0,2.9802322387695312e-08,5.960464477539063e-08,5.960464477539063e-08,0.0,187495.33020654693,73281.4717923051,194862.36703130146,79463.36169844601,197026.94313168537,83220.10007466182,-7367.036824754532,11330.002229858439,-6181.889906140899,7692.0007393917895,0.1725000087171793,-2164.57610038388,19006.944698562434,-3756.7383762158315,8792.451690632459,0.09964651241898537,-0.0011052684730481635,0.01620847988540242,0.11417672038078308,0.0031657146591465455,0.009662514389618734,0.10302048921585083,4.610600858592455e-05,0.0006670411892111168,0.06859906017780304,169819.59019286372,212729.25976803526,64460.32522444778,93436.0239109299,2026-10-04T17:42:39.009038+00:00,2.737,D:\MLWork\IUFEE_revision_20261005\datasets\joint_overlay\IND_FUA_08319_t_s_p_u_coverage_100m.tif,0.39084425042254345,0.4077922428484178,0.4223792885983144,22,21,20,1,2,-0.01694799242587436,0.01694799242587436,-0.03153503817577097,0.03153503817577097
IND_FUA_08341,Solapur,joint_overlay_10m_nearest_lexicographic_first_valid_v3_fresh_identity,4667,922676.0,47500,4750000,28000,2800000,1.0,0,2.9802322387695312e-08,0.0,0.0,0.0,138550.569364829,199.79393479362443,151568.41421320327,254.75643312352096,156036.36469671546,288.59665706253935,-13017.844848374261,16086.411586388931,-54.962498329896476,54.962498329896476,0.16899999535083765,-4467.950483512204,21582.338505502466,-33.84022393901841,45.08862559653906,0.10867112874984741,-0.00526806513662045,0.027386022030131872,0.16811656951904297,0.0030049672815589262,0.01537577463987088,0.16553092002868652,0.0,0.0,0.0,119243.02937043086,178322.6393945422,187.17393473297673,310.38393086888215,2026-10-04T17:43:05.568019+00:00,1.043,D:\MLWork\IUFEE_revision_20261005\datasets\joint_overlay\IND_FUA_08341_t_s_p_u_coverage_100m.tif,0.0014420289697080239,0.0016808016000297303,0.0018495474284054136,74,75,75,-1,-1,-0.00023877263032170645,0.00023877263032170645,-0.0004075184586973897,0.0004075184586973897
IND_FUA_08419,Farrukhabad,joint_overlay_10m_nearest_lexicographic_first_valid_v3_fresh_identity,1913,1403000.0,11000,1100000,7600,760000,1.0,0,2.9802322387695312e-08,0.0,0.0,0.0,459576.88801467605,33594.76062726792,470578.0260747244,34288.282218350345,495144.4928506174,36101.55584876929,-11001.138060048308,13736.073517928535,-693.5215910824259,750.3288817457327,0.2127999982357025,-24566.466775892968,71376.27767653964,-1813.273630418948,6388.1311101532,0.2238926887512207,-0.018593810064904067,0.05437931176864293,0.2238926887512207,0.0014625031077969083,0.013147015859399612,0.2534565427340567,0.0,0.0,0.0,439639.22738662176,495918.5876359958,32617.311689985207,35315.93342493323,2026-10-04T17:43:14.690311+00:00,0.226,D:\MLWork\IUFEE_revision_20261005\datasets\joint_overlay\IND_FUA_08419_t_s_p_u_coverage_100m.tif,0.07309932571325281,0.07286418047260373,0.07291115294633994,52,52,52,0,0,0.00023514524064907616,0.00023514524064907616,0.00018817276691286688,0.00018817276691286688
IND_FUA_08433,Shahjahanpur,joint_overlay_10m_nearest_lexicographic_first_valid_v3_fresh_identity,3311,2302832.0,39100,3910000,21800,2180000,1.0,0,4.470348358154297e-08,0.0,0.0,0.0,848509.9475789871,136897.8204804135,860890.6140045252,141720.04348346184,901742.8706270612,148623.58925090084,-12380.666425538144,21671.88175301439,-4822.223003048332,8220.170703267671,0.1900000087916851,-40852.25662253592,117853.71525654597,-6903.545767439,23759.848343671005,0.23887166380882263,-0.019524324110696368,0.05314273471623832,0.2564265727996826,0.0005661500715860723,0.01588762942836405,0.2539680004119873,0.0,0.0,0.0,805917.8480757102,911283.8572755903,120060.19814376038,161033.55303380394,2026-10-04T17:43:13.899773+00:00,0.924,D:\MLWork\IUFEE_revision_20261005\datasets\joint_overlay\IND_FUA_08433_t_s_p_u_coverage_100m.tif,0.16133908726823712,0.16462026786914985,0.164818147270241,38,38,37,0,1,-0.003281180600912731,0.003281180600912731,-0.0034790600020038753,0.0034790600020038753
IND_FUA_08497,Kannur,joint_overlay_10m_nearest_lexicographic_first_valid_v3_fresh_identity,12191,1419387.0,222600,22260000,75400,7540000,1.0,0,2.9802322387695312e-08,0.0,0.0,0.0,131644.74995505624,12171.426294324323,141318.28110924436,13736.927616231218,145509.3918466296,14082.913123649483,-9673.531154188133,13589.70849064277,-1565.5013219068949,1638.826008933452,0.1710000065863131,-4191.110737385193,17907.186121995357,-345.98550741826375,1930.0684692418254,0.13240206986665726,-0.0031624734604452725,0.014830634918805489,0.1762285828590393,0.0029718317479956557,0.012129987654458215,0.3335930407047272,-9.117213815171476e-08,9.117213815171476e-08,0.0013621952384710312,108596.01997996494,162653.43998221494,10887.88585429262,15791.053534392511,2026-10-04T17:42:31.773068+00:00,2.747,D:\MLWork\IUFEE_revision_20261005\datasets\joint_overlay\IND_FUA_08497_t_s_p_u_coverage_100m.tif,0.09245660232162445,0.09720559511767664,0.09678353366010363,48,48,48,0,0,-0.00474899279605219,0.00474899279605219,-0.004326931338479181,0.004326931338479181
IND_FUA_08587,Hardoi,joint_overlay_10m_nearest_lexicographic_first_valid_v3_fresh_identity,1506,866785.0,8800,880000,5200,520000,1.0,0,2.7939677238464355e-08,0.0,0.0,0.0,218929.7899128925,0.0,231637.24306809888,0.0,241690.92042773738,0.0,-12707.453155206353,16351.569041568084,0.0,0.0,0.19450000095367415,-10053.67735963851,40728.935522197215,0.0,0.0,0.20051109790802002,-0.012940557763461858,0.05353396518393994,0.20051109790802002,0.004817006067192728,0.024739455827539045,0.23274946212768555,0.0,0.0,0.0,191059.96991080046,266395.58942268975,0.0,0.0,2026-10-04T17:42:56.062356+00:00,0.227,D:\MLWork\IUFEE_revision_20261005\datasets\joint_overlay\IND_FUA_08587_t_s_p_u_coverage_100m.tif,0.0,0.0,0.0,86,86,86,0,0,0.0,0.0,0.0,0.0
IND_FUA_08595,Thalassery,joint_overlay_10m_nearest_lexicographic_first_valid_v3_fresh_identity,13584,1231563.0,159500,15950000,61000,6100000,1.0,0,2.9802322387695312e-08,0.0,0.0,0.0,50248.179942307994,533.208115043367,56845.493296022156,542.7660762907657,58021.49794065768,524.1407007637207,-6597.313353714162,8962.179127601552,-9.55796124739871,9.55796124739871,0.15900000667572023,-1176.0046446355432,7790.564184086302,18.625375527045186,24.17732686932808,0.07292202115058899,-0.0015030437374936021,0.008039714210254243,0.09043994545936584,0.00033235571374339083,0.010149431258502666,0.11953714489936829,0.0,0.0,0.0,37270.75009694323,69250.81993198767,532.8948057581914,546.5502860648802,2026-10-04T17:42:46.874106+00:00,1.853,D:\MLWork\IUFEE_revision_20261005\datasets\joint_overlay\IND_FUA_08595_t_s_p_u_coverage_100m.tif,0.010611491115808875,0.009548093346016341,0.009033560307246688,62,62,62,0,0,0.0010633977697925342,0.0010633977697925342,0.0015779308085621876,0.0015779308085621876
IND_FUA_08673,Kozhikode,joint_overlay_10m_nearest_lexicographic_first_valid_v3_fresh_identity,17074,1608959.0,249400,24940000,99300,9930000,1.0,0,2.9802322387695312e-08,0.0,0.0,0.0,123510.21961716935,25151.63990089215,135969.56913827942,27254.672011877083,137681.4714070699,26769.662851621615,-12459.349521110049,22431.24368254633,-2103.0321109849265,4669.283873514338,0.21880000370442865,-1711.902268790513,16878.75120385469,485.0091602554605,2632.2715520135207,0.10972821639841701,-0.0016135153985779498,0.013478394467354955,0.2169647254049778,0.00029910763923968794,0.01502134242852635,0.1903817355632782,0.0,0.0,0.0,81679.44944802672,175151.33948382363,18720.985463062734,33053.61217718384,2026-10-04T17:41:57.556366+00:00,4.187,D:\MLWork\IUFEE_revision_20261005\datasets\joint_overlay\IND_FUA_08673_t_s_p_u_coverage_100m.tif,0.2036401520364213,0.2004468513403864,0.19443184749583522,33,33,34,0,-1,0.0031933006960349064,0.0031933006960349064,0.009208304540586076,0.009208304540586076
IND_FUA_08674,Guruvayur,joint_overlay_10m_nearest_lexicographic_first_valid_v3_fresh_identity,31008,2933656.0,510600,51060000,157100,15710000,1.0,0,2.9802322387695312e-08,0.0,0.0,0.0,261998.12933545,67697.74779108107,276900.3265594207,69969.56859714298,282847.12185627985,70535.82136949024,-14902.19722397069,23955.97744236364,-2271.8208060618904,3164.72608619683,0.20119998698234554,-5946.795296859171,34192.00071303193,-566.2527723472872,6508.234893938818,0.1822161227464676,-0.0025912053210638613,0.013386587625352605,0.1822161227464676,-1.1012844530134558e-05,0.008667625439528457,0.2068900763988495,0.0,0.0,0.0,208634.15931290947,320104.48937731795,63600.42467054693,74863.85250865787,2026-10-04T17:41:42.492936+00:00,6.515,D:\MLWork\IUFEE_revision_20261005\datasets\joint_overlay\IND_FUA_08674_t_s_p_u_coverage_100m.tif,0.2583901952383945,0.25268864600680796,0.24937790035329002,27,27,27,0,0,0.005701549231586556,0.005701549231586556,0.009012294885104494,0.009012294885104494
IND_FUA_08675,Malappuram,joint_overlay_10m_nearest_lexicographic_first_valid_v3_fresh_identity,17836,1335935.0,126000,12600000,61100,6110000,1.0,0,2.9802322387695312e-08,0.0,0.0,0.0,100186.49973876588,48871.543692741114,104366.35230877192,53177.921087512164,105051.56166215109,52734.211886862,-4179.852570006004,5738.288794328373,-4306.377394771057,4996.755952667908,0.17239999743402,-685.2093533791639,13823.420129706727,443.7092006501778,5977.623825190125,0.10685998915053219,-0.0011997312375410173,0.011199843518145647,0.09905211254954338,-0.00021907421661246035,0.0035685730267773293,0.20272471010684967,-3.1597170089425824e-08,3.1597170089425824e-08,0.006030252203345299,91227.12959114835,112765.169605311,40847.56640623814,61242.16747718929,2026-10-04T17:42:59.416091+00:00,2.437,D:\MLWork\IUFEE_revision_20261005\datasets\joint_overlay\IND_FUA_08675_t_s_p_u_coverage_100m.tif,0.4878056806073932,0.5095312800641265,0.5019840833633371,14,14,14,0,0,-0.021725599456733302,0.021725599456733302,-0.014178402755943897,0.014178402755943897
IND_FUA_08686,Lakhimpur,joint_overlay_10m_nearest_lexicographic_first_valid_v3_fresh_identity,1395,577485.0,11700,1170000,5500,550000,1.0,0,2.7939677238464355e-08,0.0,0.0,0.0,104863.33004921488,738.238943354993,113361.82096614374,739.0539371732866,113310.35355359438,752.7566235800126,-8498.490916928857,12172.08952682388,-0.8149938182935783,0.8149938182935783,0.18740000607669316,51.46741254935819,24886.945102246216,-13.702686406725793,25.137798804743987,0.19235373167693615,-0.0009457933435851344,0.05064090697987362,0.20707783102989197,0.0042211906296316225,0.03398979422526101,0.25654187053442,-6.081328306634551e-06,6.081328306634551e-06,0.0039238836616277695,81179.21982183121,138931.92041120306,736.0017657788011,740.9561222406192,2026-10-04T17:43:18.321918+00:00,0.403,D:\MLWork\IUFEE_revision_20261005\datasets\joint_overlay\IND_FUA_08686_t_s_p_u_coverage_100m.tif,0.007040010488018259,0.006519425419198321,0.006643317225411075,64,66,65,-2,-1,0.0005205850688199381,0.0005205850688199381,0.00039669326260718344,0.00039669326260718344
IND_FUA_08722,Kanpur,joint_overlay_10m_nearest_lexicographic_first_valid_v3_fresh_identity,16088,10361223.0,197400,19740000,80700,8070000,1.0,0,5.960464477539063e-08,0.0,0.0,0.0,3091786.03783576,514154.05224707455,3149365.067223446,525089.3182293492,3258799.2695965436,559051.8605026848,-57579.02938768575,83294.82587948478,-10935.265982274736,17621.382085151145,0.19740000734329222,-109434.20237309762,467448.3143671112,-33962.54227333548,97914.99136920643,0.26836535691552044,-0.010915312574749007,0.048050455177016616,0.2510574460029602,0.0013156976877798866,0.011120687132375054,0.2493114471435547,-2.2337027563145475e-06,2.9533216865114087e-06,0.029999999329447746,2951881.576833952,3324474.5166862532,477421.1529818671,565446.4096411138,2026-10-04T17:41:17.648509+00:00,2.276,D:\MLWork\IUFEE_revision_20261005\datasets\joint_overlay\IND_FUA_08722_t_s_p_u_coverage_100m.tif,0.1662967766705424,0.16672862847630435,0.17155148699045167,36,36,36,0,0,-0.00043185180576194027,0.00043185180576194027,-0.0052547103199092615,0.0052547103199092615
IND_FUA_08848,Lucknow,joint_overlay_10m_nearest_lexicographic_first_valid_v3_fresh_identity,32621,19979099.0,239700,23970000,120300,12030000,1.0,0,5.960464477539063e-08,0.0,0.0,0.0,5724231.264064722,2448563.9863016806,5849722.388046868,2483495.5879000947,6049124.879505751,2554242.613395156,-125491.12398214712,196473.3746293348,-34931.60159841406,58342.76859318582,0.2150000035762787,-199402.4914588822,925819.2678310864,-70747.02549506114,367877.5408592677,0.27567386627197266,-0.010324052857898126,0.04934621682096408,0.27812904119491577,0.0021652661689848117,0.015898580893173943,0.3948672115802765,3.2933338309140125e-07,1.8279210074414215e-06,0.009999999776482582,5335537.913396088,6317734.702672191,2342581.525219613,2618057.9060314666,2026-10-04T17:41:12.664580+00:00,2.361,D:\MLWork\IUFEE_revision_20261005\datasets\joint_overlay\IND_FUA_08848_t_s_p_u_coverage_100m.tif,0.42775420372568573,0.4245493073269235,0.42224993933401034,20,20,21,0,-1,0.003204896398762258,0.003204896398762258,0.005504264391675395,0.005504264391675395
IND_FUA_08896,Mysuru,joint_overlay_10m_nearest_lexicographic_first_valid_v3_fresh_identity,6711,1690295.0,67500,6750000,37700,3770000,1.0,0,2.9802322387695312e-08,0.0,0.0,0.0,238444.4495176226,170.81187518877738,250430.84914796994,170.80861391961568,254661.4461063048,133.853949935043,-11986.39963034733,15970.12757984474,0.0032612691617189674,0.0032612691617189674,0.19439999339580538,-4230.596958334876,27283.6114904462,36.95466398457268,39.497719759440514,0.13588464260101318,-0.0031242672888457893,0.019057758199995875,0.13588464260101318,0.00048172805844439527,0.007088120545695469,0.12492328882217407,-4.626525333616112e-06,4.626525333616112e-06,0.014296513050794601,213972.34934674203,280732.8598130401,170.75752070153382,170.81187518877738,2026-10-04T17:42:47.812489+00:00,0.912,D:\MLWork\IUFEE_revision_20261005\datasets\joint_overlay\IND_FUA_08896_t_s_p_u_coverage_100m.tif,0.0007163592003686095,0.0006820589975266644,0.0005256152903457855,79,79,80,0,-1,3.4300202841945084e-05,3.4300202841945084e-05,0.00019074391002282397,0.00019074391002282397
IND_FUA_08900,Kochi,joint_overlay_10m_nearest_lexicographic_first_valid_v3_fresh_identity,43115,7243384.0,576000,57600000,202900,20290000,1.0,0,5.960464477539063e-08,0.0,0.0,0.0,929546.310163619,312009.2772086211,983418.3766564537,327354.3522804598,991106.6445947943,324735.4887763228,-53872.06649283488,109412.73486641812,-15345.075071838566,25063.0526837274,0.23920002357959724,-7688.267938340375,93767.73339343884,2618.8635041369303,24314.333200319983,0.11852159202848611,-0.0010165002709342289,0.015819809779688877,0.12406903505325317,0.001842323347857033,0.013751931812952594,0.5040931105613708,5.287459114169957e-08,5.287459114169957e-08,0.002697119489312172,701819.0197892822,1204134.588408187,270248.0133114815,368004.3828629336,2026-10-04T17:41:25.240584+00:00,7.572,D:\MLWork\IUFEE_revision_20261005\datasets\joint_overlay\IND_FUA_08900_t_s_p_u_coverage_100m.tif,0.33565759316897414,0.3328739426178299,0.32764939126110715,23,23,23,0,0,0.0027836505511442677,0.0027836505511442677,0.008008201907866996,0.008008201907866996
IND_FUA_08952,Nagpur,joint_overlay_10m_nearest_lexicographic_first_valid_v3_fresh_identity,11695,4179117.0,150500,15050000,83500,8350000,1.0,0,5.960464477539063e-08,5.960464477539063e-08,5.960464477539063e-08,0.0,1244140.7885767445,1757.4720396866005,1274770.099763122,2030.329994756878,1307875.003613879,2212.7105525920715,-30629.31118637744,44386.06875025978,-272.85795507027734,291.14506080900037,0.20399998804926867,-33104.90385075711,141309.67624926253,-182.38055783519326,558.3627677377478,0.19302332401275635,-0.007773279853763541,0.03756467809353302,0.19302332401275635,0.001865463581209673,0.012459920138499213,0.2105100154876709,1.8125006033928748e-05,0.00031918980998804153,0.0950712114572525,1177433.7986157853,1360076.3789568953,1580.449991563984,2414.5856275604456,2026-10-04T17:41:35.211460+00:00,1.565,D:\MLWork\IUFEE_revision_20261005\datasets\joint_overlay\IND_FUA_08952_t_s_p_u_coverage_100m.tif,0.0014125990047292717,0.0015927028686460048,0.0016918364113374593,75,76,76,-1,-1,-0.0001801038639167331,0.0001801038639167331,-0.00027923740660818755,0.00027923740660818755
IND_FUA_08997,Kollam,joint_overlay_10m_nearest_lexicographic_first_valid_v3_fresh_identity,17642,1788716.0,357000,35700000,154000,15400000,1.0,0,2.9802322387695312e-08,0.0,0.0,0.0,156088.42021547072,20938.893456037164,168568.4287129415,21765.63288845337,169871.6639278739,22631.600322078164,-12480.008497470779,20843.223932963985,-826.7394324162051,941.6667280697421,0.1698000111848117,-1303.2352149323992,18613.081484558297,-865.9674336247901,3726.3136139315175,0.09020237624645233,-0.0013933607662745301,0.012714645539277588,0.09020237624645233,0.0014329608396587198,0.014370918089054047,0.11999999731779099,-5.763786223024326e-06,6.96334881379811e-06,0.011020123958587646,111690.07031757385,200453.92999025993,18829.525729999667,23066.343475315414,2026-10-04T17:41:48.691529+00:00,3.351,D:\MLWork\IUFEE_revision_20261005\datasets\joint_overlay\IND_FUA_08997_t_s_p_u_coverage_100m.tif,0.13414764161961712,0.1291204590007687,0.13322763666862858,43,43,43,0,0,0.005027182618848408,0.005027182618848408,0.00092000495098854,0.00092000495098854
IND_FUA_09007,Jabalpur,joint_overlay_10m_nearest_lexicographic_first_valid_v3_fresh_identity,5733,1648394.0,61600,6160000,36200,3620000,1.0,0,5.960464477539063e-08,0.0,0.0,0.0,348070.5400445089,5089.81375916965,361551.2082853189,5469.429636458224,371556.82669693814,6083.757572803952,-13480.668240810035,21484.31094898554,-379.61587728857427,420.7958607018663,0.18059998037815106,-10005.618411619167,59399.85319259928,-614.3279363457273,1077.1438415654616,0.2144269049167633,-0.005719053932443208,0.040778315374413926,0.2144269049167633,0.0025247062072850106,0.018722708054707642,0.2428225576877594,8.305103831310482e-07,8.452057350724353e-07,0.01973028853535652,311888.11978609674,404697.2097412031,4511.084602885769,6050.664127652154,2026-10-04T17:42:27.128291+00:00,1.485,D:\MLWork\IUFEE_revision_20261005\datasets\joint_overlay\IND_FUA_09007_t_s_p_u_coverage_100m.tif,0.014622937518696066,0.01512767627688859,0.01637369343173499,61,61,61,0,0,-0.0005047387581925238,0.0005047387581925238,-0.0017507559130389237,0.0017507559130389237
IND_FUA_09013,Ettumanoor,joint_overlay_10m_nearest_lexicographic_first_valid_v3_fresh_identity,19960,2526835.0,110000,11000000,69900,6990000,1.0,0,2.9802322387695312e-08,0.0,0.0,0.0,131120.76988418587,30326.860674291347,141576.81559568393,32321.59475846926,142069.6633967748,32209.478916988424,-10456.045711498056,13074.515953975559,-1994.7340841779062,2380.7532499760487,0.16599999816715716,-492.84780109085955,18867.87649280603,112.1158414808261,4150.692679365705,0.08072608709335327,-0.0003333310898819882,0.00820120261081972,0.08072608709335327,0.0006065637337245616,0.005892858833895997,0.10274479538202286,0.0,0.0,0.0,108739.32980445214,156931.68963921256,27158.590172816483,33887.15001130653,2026-10-04T17:42:53.096046+00:00,1.344,D:\MLWork\IUFEE_revision_20261005\datasets\joint_overlay\IND_FUA_09013_t_s_p_u_coverage_100m.tif,0.231289525687486,0.22829722947557668,0.22671609228096215,29,30,30,-1,-1,0.002992296211909329,0.002992296211909329,0.004573433406523858,0.004573433406523858
IND_FUA_09045,Hyderabad,joint_overlay_10m_nearest_lexicographic_first_valid_v3_fresh_identity,42869,18623822.0,378200,37820000,190400,19040000,1.0,0,5.960464477539063e-08,5.960464477539063e-08,5.960464477539063e-08,0.0,4595754.315134635,26236.068447070917,4737323.019625789,31324.81891126762,4819983.325566196,31896.269240276146,-141568.70449115383,219291.45288005756,-5088.7504641967025,5696.737080060833,0.21599999570846506,-82660.30594040609,500167.5792572938,-571.4503290085257,4043.1414282150627,0.20765611269207396,-0.004533421415521946,0.02996709673488558,0.1626606583595276,0.0017863674589670704,0.011611288893964686,0.19869321584701538,-9.494278323109674e-06,0.0006488470116372028,0.10302682220935822,4224321.624667088,5199776.6116857305,22891.98080763843,39061.11559884883,2026-10-04T17:40:59.571085+00:00,4.638,D:\MLWork\IUFEE_revision_20261005\datasets\joint_overlay\IND_FUA_09045_t_s_p_u_coverage_100m.tif,0.005708762185278461,0.00661234599825579,0.0066175061376440225,66,65,66,1,0,-0.000903583812977329,0.000903583812977329,-0.0009087439523655615,0.0009087439523655615
IND_FUA_09069,Coimbatore,joint_overlay_10m_nearest_lexicographic_first_valid_v3_fresh_identity,24442,7721634.0,171500,17150000,107600,10760000,1.0,0,5.960464477539063e-08,5.960464477539063e-08,5.960464477539063e-08,0.0,1758507.1272424795,294.787372510023,1824271.1264415793,630.4963060371141,1858024.2158975662,641.6565414984813,-65763.99919909977,97350.47590803306,-335.70893352709106,338.60665956258043,0.2099999959021801,-33753.089455986854,151966.16287808312,-11.160235461367144,70.56447406510175,0.12600302696228027,-0.004621845544769905,0.021784938883797192,0.12600302696228027,0.0007268592649148016,0.007658860917086655,0.1259029507637024,1.8305065821518017e-05,0.00017655842652452956,0.04735893756151199,1604214.79807546,2016600.2762293145,248.2164324100149,1124.809159822163,2026-10-04T17:41:53.344550+00:00,2.138,D:\MLWork\IUFEE_revision_20261005\datasets\joint_overlay\IND_FUA_09069_t_s_p_u_coverage_100m.tif,0.00016763501719340766,0.00034561546082624204,0.00034534347615513324,83,82,81,1,2,-0.00017798044363283438,0.00017798044363283438,-0.00017770845896172559,0.00017770845896172559
IND_FUA_09099,Bengaluru,joint_overlay_10m_nearest_lexicographic_first_valid_v3_fresh_identity,55230,26136148.0,562400,56240000,205400,20540000,1.0,0,5.960464477539063e-08,5.960464477539063e-08,5.960464477539063e-08,0.0,5963062.517343504,14075.997999663407,6083319.079772582,14421.94086507016,6183908.920092453,14854.495666544373,-120256.56242907833,225190.4962409851,-345.9428654067574,527.7149068066351,0.1899999976158142,-100589.84031986985,543357.8359699111,-432.5548014742107,2037.3135408747235,0.13275891542434692,-0.0036282697105602113,0.02282234461608726,0.14908695220947266,0.0007925484862719091,0.007144095850723191,0.14092600345611572,4.1417888599384294e-05,0.00014364788680961844,0.057740747928619385,5548415.268898575,6587964.857277922,13163.878009884946,15247.429985056717,2026-10-04T17:40:49.436742+00:00,6.986,D:\MLWork\IUFEE_revision_20261005\datasets\joint_overlay\IND_FUA_09099_t_s_p_u_coverage_100m.tif,0.002360531682960478,0.0023707355599715324,0.002402120706901079,73,74,73,-1,0,-1.0203877011054352e-05,1.0203877011054352e-05,-4.15890239406011e-05,4.15890239406011e-05
IND_FUA_09129,Gonda,joint_overlay_10m_nearest_lexicographic_first_valid_v3_fresh_identity,2049,1208202.0,15600,1560000,6600,660000,1.0,0,2.7939677238464355e-08,0.0,0.0,0.0,322967.6683792025,343.3166766538986,326245.6143268753,361.0177019313486,339474.12093793973,347.5229751309623,-3277.9459476728152,5415.594979081674,-17.701025277450036,17.701025277450036,0.18119998385310154,-13228.50661106439,57945.90009813709,13.494726800386253,86.74893694876319,0.19724434614181519,-0.01206470467540788,0.04945154514499344,0.21096870303153992,0.0005383488694099792,0.007847763557963582,0.21154487133026123,0.0,0.0,0.0,313198.828347167,338027.9185917638,343.3166766538986,362.1704851478001,2026-10-04T17:43:10.261862+00:00,0.541,D:\MLWork\IUFEE_revision_20261005\datasets\joint_overlay\IND_FUA_09129_t_s_p_u_coverage_100m.tif,0.00106300633241964,0.0011065825441859706,0.0010237097725469743,77,78,78,-1,-1,-4.357621176633063e-05,4.357621176633063e-05,3.929655987266567e-05,3.929655987266567e-05
IND_FUA_09157,Thiruvananthapuram,joint_overlay_10m_nearest_lexicographic_first_valid_v3_fresh_identity,15270,2457935.0,300000,30000000,107800,10780000,1.0,0,2.9802322387695312e-08,0.0,0.0,0.0,267151.79895011894,2407.885569807216,289119.1534126332,2359.8545940038557,291474.1682280228,2591.3106694517683,-21967.354462514297,45654.036286421615,48.03097580336069,446.9524448627126,0.21060000064372986,-2355.014815389573,28607.500721223525,-231.45607544791227,557.9968764957002,0.09256651997566223,-0.0013637135021829264,0.015629066220505763,0.09256651997566223,0.0010347704114570724,0.016074337193172458,0.107683926820755,-1.8154918867950889e-06,2.534466454834722e-06,0.002423414960503578,165618.79919126816,380393.0582048632,371.8024627282042,4842.903711398937,2026-10-04T17:41:45.319517+00:00,2.801,D:\MLWork\IUFEE_revision_20261005\datasets\joint_overlay\IND_FUA_09157_t_s_p_u_coverage_100m.tif,0.009013173705997775,0.00816222158286363,0.008890361314710273,63,64,63,-1,0,0.0008509521231341455,0.0008509521231341455,0.00012281239128750232,0.00012281239128750232
IND_FUA_09165,Tiruppur,joint_overlay_10m_nearest_lexicographic_first_valid_v3_fresh_identity,16112,5777389.0,80000,8000000,56900,5690000,1.0,0,5.960464477539063e-08,5.960464477539063e-08,5.960464477539063e-08,0.0,1315387.758814877,6202.738391451827,1364452.854504228,6624.894206254883,1386059.1634799354,6511.075370302651,-49065.095689351045,66978.59326362384,-422.15581480305707,529.6580835987533,0.20599999779462763,-21606.308975707478,116974.06169258065,113.81883595223076,288.653837336149,0.11499360203742981,-0.003989798851489777,0.022152360007417,0.12632912397384644,0.0006802736269871511,0.0069045319144845005,0.1308998465538025,2.0590157788981524e-05,0.0001438731726304695,0.04005071520805359,1209853.2684745472,1491341.5779247768,5542.680714029797,7631.44878449078,2026-10-04T17:42:42.076810+00:00,0.964,D:\MLWork\IUFEE_revision_20261005\datasets\joint_overlay\IND_FUA_09165_t_s_p_u_coverage_100m.tif,0.004715520841580812,0.004855348562894852,0.004697545055692643,67,71,71,-4,-4,-0.0001398277213140401,0.0001398277213140401,1.7975785888168713e-05,1.7975785888168713e-05
IND_FUA_09195,Faizabad,joint_overlay_10m_nearest_lexicographic_first_valid_v3_fresh_identity,5883,2166283.0,68400,6840000,39500,3950000,1.0,0,5.960464477539063e-08,0.0,0.0,0.0,536219.1782141533,77957.4263603029,561389.1719751447,81548.34079572099,592292.4093890724,86413.04230908256,-25169.993760991296,32097.13806651116,-3590.9144354180885,4359.337108545145,0.18839999731481072,-30903.237413927895,106678.22560272252,-4864.7015133615705,20328.035321570966,0.22589748924743736,-0.016144242321314495,0.05369425877573019,0.27135729789733887,0.0019423350540936843,0.019317501768118847,0.25968995690345764,0.0,0.0,0.0,480891.927097559,623078.837575363,71044.8835691351,88584.80855704666,2026-10-04T17:42:12.982367+00:00,1.211,D:\MLWork\IUFEE_revision_20261005\datasets\joint_overlay\IND_FUA_09195_t_s_p_u_coverage_100m.tif,0.14538351019061937,0.1452616916511021,0.1458959138075303,40,40,40,0,0,0.00012181853951728772,0.00012181853951728772,-0.0005124036169109336,0.0005124036169109336
IND_FUA_09258,Sultanpur,joint_overlay_10m_nearest_lexicographic_first_valid_v3_fresh_identity,3860,1832581.0,22400,2240000,10300,1030000,1.0,0,5.960464477539063e-08,0.0,0.0,0.0,387777.29958958924,174094.04054293418,406091.88952028286,178832.69028907327,413211.48187085305,177897.3673043406,-18314.58993069364,20905.08121546168,-4738.64974613909,5824.419288124306,0.17720001152455822,-7119.5923505701885,76860.1364547435,935.3229847326851,38811.942964855014,0.22035565972328186,-0.00570941773407148,0.04399429943010005,0.22035565972328186,-0.0003012039813498838,0.015242856550927083,0.27621692419052124,0.0,0.0,0.0,354212.7589859199,449799.2796020545,163851.85529673836,190247.3624955199,2026-10-04T17:40:10.129410+00:00,0.761,D:\MLWork\IUFEE_revision_20261005\datasets\joint_overlay\IND_FUA_09258_t_s_p_u_coverage_100m.tif,0.4489536667752073,0.440374937062468,0.4305237756194331,19,19,19,0,0,0.00857872971273932,0.00857872971273932,0.018429891155774203,0.018429891155774203
IND_FUA_09266,Erode,joint_overlay_10m_nearest_lexicographic_first_valid_v3_fresh_identity,15992,3313105.0,112200,11220000,57900,5790000,1.0,0,2.9802322387695312e-08,5.960464477539063e-08,5.960464477539063e-08,0.0,343644.3201566767,1062.491823545958,364689.3904577951,2350.1601794505345,369442.24701593333,2181.7927072337684,-21045.070301118405,24960.058570721627,-1287.668355904577,1288.189956050522,0.172799993467331,-4752.856558138226,46286.78693037244,168.3674722167663,284.82553831021687,0.107683312356472,-0.0017294833910859412,0.015289702985609558,0.1134290099143982,0.00040922371401280684,0.004803885072280204,0.10838858410716057,-1.4638418292497547e-05,1.7464086528185805e-05,0.01739867404103279,317352.5700996164,403099.29948386736,788.6982170769261,3409.6409682592957,2026-10-04T17:42:36.246037+00:00,1.206,D:\MLWork\IUFEE_revision_20261005\datasets\joint_overlay\IND_FUA_09266_t_s_p_u_coverage_100m.tif,0.0030918358349747766,0.00644427899725949,0.0059056394466431225,70,67,69,3,1,-0.003352443162284713,0.003352443162284713,-0.002813803611668346,0.002813803611668346
IND_FUA_09282,Prayagraj,joint_overlay_10m_nearest_lexicographic_first_valid_v3_fresh_identity,6168,2283637.0,77500,7750000,34900,3490000,1.0,0,5.960464477539063e-08,0.0,0.0,0.0,536845.9592433851,53944.28924073375,560575.837580865,63447.57139012375,578475.2714182278,65067.83942580258,-23729.87833747995,31160.08217585279,-9503.28214938999,12588.941159044647,0.20999999903142452,-17899.433837362696,97370.35639168425,-1620.2680356788437,13211.849946872382,0.29095748959779755,-0.009599822809982504,0.04688017124642048,0.2744303345680237,0.0019556040576546863,0.017043952859825424,0.23999999463558197,0.0,0.0,0.0,493509.0298768841,617530.2102801073,43737.59509890605,80533.36681497682,2026-10-04T17:41:33.625469+00:00,1.085,D:\MLWork\IUFEE_revision_20261005\datasets\joint_overlay\IND_FUA_09282_t_s_p_u_coverage_100m.tif,0.10048373897935498,0.11318285080557225,0.11248162651149808,47,47,47,0,0,-0.012699111826217274,0.012699111826217274,-0.011997887532143106,0.011997887532143106
IND_FUA_09368,Salem,joint_overlay_10m_nearest_lexicographic_first_valid_v3_fresh_identity,17269,4170866.0,143500,14350000,51800,5180000,1.0,0,2.9802322387695312e-08,5.960464477539063e-08,5.960464477539063e-08,0.0,459616.9497051928,0.0,474839.25843388523,0.0,482588.1220762817,0.0,-15222.308728692433,18630.21601738971,0.0,0.0,0.19180000342130654,-7748.863642396452,56602.30791244422,0.0,0.0,0.09376326203346252,-0.001928288911574571,0.014444821959436133,0.09585224092006683,0.00017460488515419893,0.003076732198493395,0.12751013040542603,-1.9711579418710136e-05,3.12345215775279e-05,0.020478766411542892,439320.39002260566,507276.24962389655,0.0,0.0,2026-10-04T17:42:21.155530+00:00,2.154,D:\MLWork\IUFEE_revision_20261005\datasets\joint_overlay\IND_FUA_09368_t_s_p_u_coverage_100m.tif,0.0,0.0,0.0,86,86,86,0,0,0.0,0.0,0.0,0.0
IND_FUA_09444,Madurai,joint_overlay_10m_nearest_lexicographic_first_valid_v3_fresh_identity,6655,1974352.0,55200,5520000,38800,3880000,1.0,0,5.960464477539063e-08,5.960464477539063e-08,5.960464477539063e-08,0.0,353006.3199451957,48304.607120511224,363687.3383080657,52279.02368615761,368232.9429519295,52192.43737323861,-10681.018362870043,13970.770081145445,-3974.4165656463833,4403.77590024378,0.20400001382827782,-4545.60464386378,32500.06651336659,86.5863129189936,4713.424146516286,0.09137797355651855,-0.0021807431449181085,0.018464608465983495,0.10089799761772156,-1.9485025432928984e-05,0.004334726551601281,0.4237551689147949,3.4445124398027125e-06,4.7807217601851885e-06,0.006812348961830139,335406.1398487706,385874.78966200165,44699.70081586143,59215.74244741624,2026-10-04T17:42:11.750904+00:00,1.03,D:\MLWork\IUFEE_revision_20261005\datasets\joint_overlay\IND_FUA_09444_t_s_p_u_coverage_100m.tif,0.13683779692105943,0.14374716460949222,0.1417375560014792,42,41,41,1,1,-0.006909367688432783,0.006909367688432783,-0.004899759080419758,0.004899759080419758
IND_FUA_09500,Gorakhpur,joint_overlay_10m_nearest_lexicographic_first_valid_v3_fresh_identity,10020,3389028.0,98800,9880000,50600,5060000,1.0,0,5.960464477539063e-08,0.0,0.0,0.0,681627.0188368149,405759.31538255425,697777.5807604836,414065.5376675032,724776.4661031611,422291.72680989566,-16150.561923668729,20406.98697217659,-8306.222284948835,13582.344431476815,0.2020000048279762,-26998.88534267756,135749.97771349773,-8226.189142392563,82948.32324863374,0.2326495349407196,-0.008894940765917023,0.04211902064601534,0.2326495349407196,0.0010337400257947168,0.008525220359316374,0.2565965950489044,0.0,0.0,0.0,651103.5889784545,736311.438894188,382142.0408445543,440543.12988611945,2026-10-04T17:42:05.442195+00:00,1.078,D:\MLWork\IUFEE_revision_20261005\datasets\joint_overlay\IND_FUA_09500_t_s_p_u_coverage_100m.tif,0.5952805627848727,0.5934061928676864,0.5826509918021935,13,13,13,0,0,0.0018743699171863692,0.0018743699171863692,0.01262957098267925,0.01262957098267925
IND_FUA_09544,Tiruchirappalli,joint_overlay_10m_nearest_lexicographic_first_valid_v3_fresh_identity,6278,2002696.0,73600,7360000,40400,4040000,1.0,0,5.960464477539063e-08,0.0,0.0,0.0,283094.1194879059,174506.4716874351,296240.3465925547,179347.2089863609,298092.47733908665,181012.91726131592,-13146.227104648773,18186.56751813222,-4840.737298925773,6201.694359874582,0.15540000817775734,-1852.130746532065,31609.208593626714,-1665.7082749550323,20812.675110875127,0.12495094537734985,-0.0010977803177317901,0.01843957207798207,0.1422346532344818,0.0006589116807996634,0.006853277437920743,0.11709588766098022,-4.245477091675446e-05,4.3504549886472994e-05,0.012371569871902466,257799.71960707754,332497.18939191476,167527.3367504759,190231.51495508806,2026-10-04T17:42:49.469933+00:00,0.951,D:\MLWork\IUFEE_revision_20261005\datasets\joint_overlay\IND_FUA_09544_t_s_p_u_coverage_100m.tif,0.6164256325885648,0.6054111502679034,0.607237454890248,9,12,11,-3,-2,0.011014482320661378,0.011014482320661378,0.009188177698316702,0.009188177698316702
IND_FUA_09562,Varanasi,joint_overlay_10m_nearest_lexicographic_first_valid_v3_fresh_identity,42037,10435276.0,285600,28560000,141700,14170000,1.0,0,5.960464477539063e-08,0.0,0.0,0.0,1971610.5467735864,367106.94689279277,2033964.1508895047,395493.32316371484,2112978.2667815867,403974.29588150914,-62353.60411591813,80879.48186659314,-28386.3762709221,32173.600504287802,0.1964999979585409,-79014.11589208203,381696.4394208323,-8480.972717794257,68229.04283239187,0.23473787806340596,-0.008369453839270416,0.038635129144698015,0.23830102384090424,0.0012317637095104208,0.010477334047720773,0.2739989012479782,0.0,0.0,0.0,1847155.6161890402,2189470.9063449,343199.6741995277,436782.4331688819,2026-10-04T17:41:15.352055+00:00,2.666,D:\MLWork\IUFEE_revision_20261005\datasets\joint_overlay\IND_FUA_09562_t_s_p_u_coverage_100m.tif,0.18619648159903568,0.1944445889032781,0.1911871514404303,35,35,35,0,0,-0.008248107304242414,0.008248107304242414,-0.004990669841394624,0.004990669841394624
IND_FUA_09564,Durg,joint_overlay_10m_nearest_lexicographic_first_valid_v3_fresh_identity,3674,740363.0,47500,4750000,33100,3310000,1.0,0,2.9802322387695312e-08,0.0,0.0,0.0,117960.68990208767,19219.345996940476,128028.10092740654,21333.711404858834,132305.06794758103,21521.694956151703,-10067.411025318874,13722.428785132406,-2114.3654079183584,2511.7163279781353,0.17360000408589826,-4276.96702017449,22034.971406019937,-187.98355129286387,4368.064815423184,0.15178410049978108,-0.006651740062470607,0.03813693992418999,0.18987935781478882,0.0017786698782698846,0.02252528977057699,0.22402018308639526,0.0,0.0,0.0,100450.84014109708,155142.2300782837,16130.242061152281,25212.747495439526,2026-10-04T17:42:55.805144+00:00,0.541,D:\MLWork\IUFEE_revision_20261005\datasets\joint_overlay\IND_FUA_09564_t_s_p_u_coverage_100m.tif,0.1629300914812667,0.16663303798402276,0.16266720005524316,37,37,38,0,-1,-0.0037029465027560715,0.0037029465027560715,0.0002628914260235371,0.0002628914260235371
IND_FUA_09570,Vellore,joint_overlay_10m_nearest_lexicographic_first_valid_v3_fresh_identity,9604,1847021.0,109200,10920000,49700,4970000,1.0,0,4.470348358154297e-08,5.960464477539063e-08,5.960464477539063e-08,0.0,234733.810096737,27633.703814526554,250688.91761830193,31479.771836767657,253867.8099780717,33565.728700183,-15955.107521564943,19487.81289068268,-3846.068022241102,4320.415841326846,0.18079998603165137,-3178.892359769733,30772.850147419893,-2085.9568634153434,4475.474745748688,0.1033901572227478,-0.001956087216261555,0.019174035045206737,0.12753158807754517,0.0008480179401841804,0.00794567345292142,0.12504178285598755,1.9171409084011888e-05,5.4458551608577025e-05,0.036787837743759155,210468.37031014077,285530.4702941496,24575.43377942674,38001.68687496438,2026-10-04T17:42:51.728647+00:00,1.238,D:\MLWork\IUFEE_revision_20261005\datasets\joint_overlay\IND_FUA_09570_t_s_p_u_coverage_100m.tif,0.11772357720065264,0.12557304940260122,0.13221734848180358,45,44,44,1,1,-0.007849472201948579,0.007849472201948579,-0.014493771281150938,0.014493771281150938
IND_FUA_09620,Raipur,joint_overlay_10m_nearest_lexicographic_first_valid_v3_fresh_identity,8514,3038998.0,86800,8680000,50400,5040000,1.0,0,5.960464477539063e-08,0.0,0.0,0.0,631011.8003181908,40172.408961781926,659271.5870897928,41432.23600718002,681520.8714710429,42141.05622934368,-28259.786771601906,41661.94238133667,-1259.827045398094,1747.6662450315248,0.18920000212192534,-22249.284381250174,102883.31060819214,-708.8202221636551,6927.992254760302,0.19916361570358276,-0.007994709019389864,0.040578409885512985,0.19916361570358276,0.0020897603833135046,0.01802415054163843,0.21269643306732178,0.0,0.0,0.0,570413.0203819219,745197.2295611389,36864.492670608204,45248.7080218324,2026-10-04T17:42:33.296501+00:00,0.983,D:\MLWork\IUFEE_revision_20261005\datasets\joint_overlay\IND_FUA_09620_t_s_p_u_coverage_100m.tif,0.063663482904004,0.06284547494314653,0.06183384543804718,53,53,53,0,0,0.0008180079608574725,0.0008180079608574725,0.0018296374659568237,0.0018296374659568237
IND_FUA_09710,Bilaspur,joint_overlay_10m_nearest_lexicographic_first_valid_v3_fresh_identity,5589,1698534.0,64400,6440000,29900,2990000,1.0,0,5.960464477539063e-08,0.0,0.0,0.0,350684.0904498957,10340.820699493273,357314.90621774143,10765.705845074048,370964.4279579794,11070.213271541523,-6630.815767845685,11439.015430529667,-424.8851455807735,782.45224406583,0.2299999911338091,-13649.521740238044,56404.899141926246,-304.5074264674761,2155.428463309883,0.1986366785466671,-0.008431060433106976,0.03567129136427473,0.16632506251335144,0.0016677176141182781,0.009938835822577378,0.21415826678276062,0.0,0.0,0.0,329852.170497274,381079.43055692315,8846.069201670081,12359.890822779988,2026-10-04T17:43:16.716556+00:00,1.483,D:\MLWork\IUFEE_revision_20261005\datasets\joint_overlay\IND_FUA_09710_t_s_p_u_coverage_100m.tif,0.02948756724671183,0.030129461877287638,0.02984171105698439,57,56,57,1,0,-0.0006418946305758073,0.0006418946305758073,-0.0003541438102725586,0.0003541438102725586
IND_FUA_09782,Kuchai Kot,joint_overlay_10m_nearest_lexicographic_first_valid_v3_fresh_identity,18289,4379570.0,137200,13720000,82300,8230000,1.0,0,5.960464477539063e-08,0.0,0.0,0.0,933031.2603361104,116551.5398098471,940556.4701757216,117018.77150243247,996293.248667706,124946.3549478942,-7525.2098396111105,9391.006440018065,-467.23169258539775,491.0446769007476,0.16020000550448898,-55736.778491984456,197150.9602370176,-7927.58344546172,31029.045744349325,0.24831902980804443,-0.013166687144671355,0.04567699243349827,0.2743998169898987,0.00014314456250821432,0.0037761375332635337,0.2426680326461792,0.0,0.0,0.0,916678.7304861061,962033.6902449392,115833.45227449741,117755.55354109278,2026-10-04T17:42:29.001040+00:00,1.846,D:\MLWork\IUFEE_revision_20261005\datasets\joint_overlay\IND_FUA_09782_t_s_p_u_coverage_100m.tif,0.12491707916395124,0.1244144027636854,0.12541122316645106,44,45,45,-1,-1,0.0005026764002658418,0.0005026764002658418,-0.0004941440024998217,0.0004941440024998217
IND_FUA_09794,Vijayawada,joint_overlay_10m_nearest_lexicographic_first_valid_v3_fresh_identity,5007,2767238.0,70200,7020000,31400,3140000,1.0,0,2.9802322387695312e-08,0.0,0.0,0.0,760032.4984324891,708175.9210685797,780225.043416722,728942.2176958786,796996.577710595,752212.1182303536,-20192.54498423291,34632.072062870495,-20766.29662729905,35307.559428691005,0.18640001208186163,-16771.534293873046,80347.59988798882,-23269.900534474895,87186.23438624873,0.1836157627146826,-0.005996921737713664,0.031651461161863785,0.1436387225985527,0.002166805503471378,0.01260364261229978,0.16278553009033203,5.135676850461152e-06,5.427183630572962e-06,0.017917949706315994,690833.607354207,860130.0977929328,638225.3052952869,809412.8969931968,2026-10-04T17:42:41.088153+00:00,0.931,D:\MLWork\IUFEE_revision_20261005\datasets\joint_overlay\IND_FUA_09794_t_s_p_u_coverage_100m.tif,0.9317705789280593,0.9342717512677262,0.9438084670214186,6,5,6,1,0,-0.002501172339666957,0.002501172339666957,-0.012037888093359372,0.012037888093359372
IND_FUA_09834,Puducherry,joint_overlay_10m_nearest_lexicographic_first_valid_v3_fresh_identity,3585,611885.0,52500,5250000,27400,2740000,1.0,0,2.9802322387695312e-08,0.0,0.0,0.0,82062.51978220232,39987.71828507047,90060.86151617073,43946.86644099832,90516.47162903305,43816.68994986862,-7998.341733968408,11600.98802621902,-3959.1481559278345,6129.995571426996,0.1827999970436096,-455.6101128623208,9234.6357057131,130.1764911296993,5337.4952237055,0.2094041407108307,-0.0008410112417016545,0.01951302671828554,0.2094041407108307,0.0020371383758001145,0.014865227166277395,0.19632592052221298,0.0,0.0,0.0,62372.33002473228,112633.42987777293,29426.397928639377,57446.53776726025,2026-10-04T17:43:17.892784+00:00,1.149,D:\MLWork\IUFEE_revision_20261005\datasets\joint_overlay\IND_FUA_09834_t_s_p_u_coverage_100m.tif,0.48728357831565133,0.48796853262510165,0.4840742150162917,15,15,15,0,0,-0.0006849543094503141,0.0006849543094503141,0.0032093632993596133,0.0032093632993596133
IND_FUA_09850,Chennai,joint_overlay_10m_nearest_lexicographic_first_valid_v3_fresh_identity,26665,9614438.0,312000,31200000,207000,20700000,1.0,0,5.960464477539063e-08,5.960464477539063e-08,5.960464477539063e-08,0.0,1905561.9689828474,1183216.454207486,2010919.69454723,1237515.2516102106,2030567.3796170426,1249812.0086511949,-105357.72556438248,190699.22676290708,-54298.79740272442,103597.53461412474,0.2080000009834766,-19647.68506981247,180552.74859432213,-12296.757040984436,102667.28631526258,0.24152594804763794,-0.0020060399786994113,0.024918697175537408,0.24152594804763794,0.001749116540584084,0.016792862926390956,0.15920895338058472,-9.325525769093229e-05,0.00039739216094448755,0.07676905393600464,1566310.179366503,2418040.4055424538,1012139.310546173,1446294.9453919574,2026-10-04T17:40:54.901672+00:00,5.444,D:\MLWork\IUFEE_revision_20261005\datasets\joint_overlay\IND_FUA_09850_t_s_p_u_coverage_100m.tif,0.6209278278360395,0.6153976486310381,0.6154989099090643,8,9,10,-1,-2,0.005530179205001429,0.005530179205001429,0.005428917926975196,0.005428917926975196
IND_FUA_10007,Muzaffarpur,joint_overlay_10m_nearest_lexicographic_first_valid_v3_fresh_identity,17264,4557955.0,133000,13300000,62100,6210000,1.0,0,5.960464477539063e-08,0.0,0.0,0.0,860465.9586662184,401890.5832906101,869495.295507733,406659.92494598957,906736.5046709698,421135.4552325595,-9029.336841514383,11415.393601139023,-4769.341655379605,6004.04586315531,0.1759999925792215,-37241.20916323709,191863.04334744724,-14475.530286569765,95554.90534243379,0.25353671610355377,-0.008383138300475395,0.04304511639727467,0.25353671610355377,0.00024004187234830915,0.0038599105371219336,0.2521474361419678,0.0,0.0,0.0,844793.5884453431,889366.2086469177,394325.3210833257,415807.21349383483,2026-10-04T17:42:14.955137+00:00,1.939,D:\MLWork\IUFEE_revision_20261005\datasets\joint_overlay\IND_FUA_10007_t_s_p_u_coverage_100m.tif,0.46706157198080006,0.46769652124284883,0.4644518590165047,17,16,17,1,0,-0.0006349492620487673,0.0006349492620487673,0.002609712964295352,0.002609712964295352
IND_FUA_10017,Patna,joint_overlay_10m_nearest_lexicographic_first_valid_v3_fresh_identity,5503,2677195.0,70200,7020000,31600,3160000,1.0,0,5.960464477539063e-08,0.0,0.0,0.0,670899.1277710572,901612.9506551841,685952.6238218998,933612.8082811906,706343.8856600106,960097.4303360125,-15053.496050842594,23111.313085488622,-31999.85762600646,43232.14377649195,0.20000000208616253,-20391.261838110913,119207.16619423218,-26484.622054821808,159779.11479763672,0.21726882457733154,-0.007792708449573756,0.04790346174190069,0.22505731880664825,0.0013393322907100918,0.011526644365663426,0.2690923810005188,0.0,0.0,0.0,635905.9081132598,728290.1079868544,853435.8275753584,994827.7692506659,2026-10-04T17:41:35.955431+00:00,0.724,D:\MLWork\IUFEE_revision_20261005\datasets\joint_overlay\IND_FUA_10017_t_s_p_u_coverage_100m.tif,1.343887498632816,1.3610456114001148,1.3592492974422699,1,1,1,0,0,-0.01715811276729884,0.01715811276729884,-0.015361798809453875,0.015361798809453875
IND_FUA_10065,Gaya,joint_overlay_10m_nearest_lexicographic_first_valid_v3_fresh_identity,3159,789658.0,32200,3220000,18800,1880000,1.0,0,5.960464477539063e-08,0.0,0.0,0.0,173378.8797589019,3974.0081788517596,175209.02764277358,3985.546984071715,179297.3491025654,3654.428495873285,-1830.1478838716869,2845.927782089575,-11.538805219955535,11.664392750530665,0.1750000122189519,-4088.321459791836,29679.91078392938,331.11848819842953,700.3942894180209,0.21977108716964722,-0.005298007479348003,0.03979089000322093,0.21977108716964722,-0.00010812722420993114,0.005276904383603444,0.2189963459968567,0.0,0.0,0.0,169598.52949817106,179924.46961367317,3959.5265216022003,4020.502301797802,2026-10-04T17:43:14.439592+00:00,0.515,D:\MLWork\IUFEE_revision_20261005\datasets\joint_overlay\IND_FUA_10065_t_s_p_u_coverage_100m.tif,0.02292094737477804,0.022747383726126724,0.020381943816597102,58,59,59,-1,-1,0.0001735636486513148,0.0001735636486513148,0.002539003558180937,0.002539003558180937
IND_FUA_10142,Visakhapatnam,joint_overlay_10m_nearest_lexicographic_first_valid_v3_fresh_identity,8295,7311928.0,92400,9240000,44300,4430000,1.0,0,5.960464477539063e-08,5.960464477539063e-08,5.960464477539063e-08,0.0,2329922.8094870374,6382.678054861313,2411385.916464649,7298.123554585096,2443744.1358135366,6875.913661723267,-81463.10697761184,114219.5631722025,-915.445499723784,956.001003972363,0.2054999959170818,-32358.219348887633,224309.7270673297,422.2098928618301,1716.612374614865,0.20822539590171552,-0.003870518976639529,0.03392484361199665,0.16909950971603394,0.003868558887634258,0.014111452485856484,0.21312230825424194,-1.340309323614191e-06,0.00014921553149505802,0.04987602308392525,2159564.9608925246,2629111.5380816236,5785.955950128362,8343.379917229113,2026-10-04T17:42:17.247858+00:00,1.022,D:\MLWork\IUFEE_revision_20261005\datasets\joint_overlay\IND_FUA_10142_t_s_p_u_coverage_100m.tif,0.002739437559421354,0.0030265265732682596,0.0028136798615515596,71,72,72,-1,-1,-0.00028708901384690575,0.00028708901384690575,-7.424230213020581e-05,7.424230213020581e-05
IND_FUA_10152,Begusarai,joint_overlay_10m_nearest_lexicographic_first_valid_v3_fresh_identity,2995,345601.0,61200,6120000,24900,2490000,1.0,0,2.9802322387695312e-08,0.0,0.0,0.0,50915.31981490366,47609.98841037828,52726.81051048573,48866.26281986188,53184.39817528797,50524.45511006885,-1811.4906955820734,2352.9135810601124,-1256.2744094835894,1889.5767887301035,0.1899999938905239,-457.58766480223505,10208.95837268548,-1658.192290206973,10641.76318362354,0.19046121835708618,-0.0022423921632906186,0.031048797891951564,0.19557014107704163,-0.00036659883208385303,0.013195697791889421,0.21981161832809448,0.0,0.0,0.0,48223.7897809986,56330.95988137461,44915.211069535166,52107.22813253566,2026-10-04T17:43:03.745605+00:00,1.173,D:\MLWork\IUFEE_revision_20261005\datasets\joint_overlay\IND_FUA_10152_t_s_p_u_coverage_100m.tif,0.9350817903817259,0.9267820743707584,0.949986402845956,5,6,5,-1,0,0.008299716010967462,0.008299716010967462,-0.014904612464230138,0.014904612464230138
IND_FUA_10168,Ranchi,joint_overlay_10m_nearest_lexicographic_first_valid_v3_fresh_identity,12632,3981456.0,84000,8400000,45900,4590000,1.0,0,5.960464477539063e-08,0.0,0.0,0.0,594695.5001891106,27.250000400468707,605147.9536305286,35.16320299461778,620634.0740857662,59.26094814489901,-10452.453441417994,16277.59035363632,-7.91320259414907,7.91320259414907,0.17000000923871994,-15486.120455237564,118715.93376232433,-24.09774515028123,24.09774515028123,0.22463256120681763,-0.004731122926972556,0.03205158436596691,0.22463256120681763,0.0006610084545006412,0.007353451473403657,0.22135353088378906,1.780483883001156e-09,1.780483883001156e-09,0.003544459119439125,567643.900425734,637238.1996234264,0.14999999664723873,92.29000904224813,2026-10-04T17:42:22.674353+00:00,0.95,D:\MLWork\IUFEE_revision_20261005\datasets\joint_overlay\IND_FUA_10168_t_s_p_u_coverage_100m.tif,4.5821769950845974e-05,5.8106786586089275e-05,9.548452239299653e-05,84,84,84,0,0,-1.2285016635243301e-05,1.2285016635243301e-05,-4.966275244215056e-05,4.966275244215056e-05
IND_FUA_10243,Dhanbad,joint_overlay_10m_nearest_lexicographic_first_valid_v3_fresh_identity,13960,3148475.0,156000,15600000,75500,7550000,1.0,0,5.960464477539063e-08,0.0,0.0,0.0,440532.0292568207,447.3869162268954,462522.4534236731,562.8489424459198,474796.5707952413,792.7087396338176,-21990.42416685246,28116.832908877866,-115.46202621902442,137.73883350058676,0.18480000634193416,-12274.11737156819,94216.97532682092,-229.8597971878978,412.87785346120285,0.22753971815109253,-0.004481515231492352,0.03327438425050967,0.22753971815109253,0.0020303184056444817,0.016260845951558422,0.23293191194534302,0.0,0.0,0.0,408405.3794018589,511815.6690861881,329.5318202130908,702.4060532759343,2026-10-04T17:42:04.339309+00:00,1.491,D:\MLWork\IUFEE_revision_20261005\datasets\joint_overlay\IND_FUA_10243_t_s_p_u_coverage_100m.tif,0.0010155604735066345,0.0012169116078140903,0.0016695755369633403,78,77,77,1,1,-0.00020135113430745579,0.00020135113430745579,-0.0006540150634567058,0.0006540150634567058
IND_FUA_10285,Jamshedpur,joint_overlay_10m_nearest_lexicographic_first_valid_v3_fresh_identity,2217,534462.0,43700,4370000,26500,2650000,1.0,0,2.9802322387695312e-08,0.0,0.0,0.0,83123.97953006811,17158.269701852958,89213.29871896199,18002.447182648684,91900.35363646617,19197.885484290506,-6089.319188893867,8760.554960963647,-844.1774807957252,1004.647654391473,0.16400002001226,-2687.054917504198,16474.414862971054,-1195.4383016418205,3352.8242114875707,0.1980890144857419,-0.00682683022639456,0.035916557170977755,0.1563094761222601,-0.0009795095384959112,0.02839676617584703,0.2035505175590515,0.0,0.0,0.0,72512.53963753954,106578.72940242477,16653.525864050876,19420.66055698988,2026-10-04T17:42:21.698655+00:00,0.518,D:\MLWork\IUFEE_revision_20261005\datasets\joint_overlay\IND_FUA_10285_t_s_p_u_coverage_100m.tif,0.206417808661896,0.20179107197190013,0.20889892937988394,32,32,32,0,0,0.004626736689995858,0.004626736689995858,-0.00248112071798795,0.00248112071798795
IND_FUA_10313,Asansol,joint_overlay_10m_nearest_lexicographic_first_valid_v3_fresh_identity,9410,1422481.0,237800,23780000,81800,8180000,1.0,0,2.9802322387695312e-08,0.0,0.0,0.0,142781.16006678715,470.6125923373939,154781.1385139105,994.3032565473226,161881.80110738298,1055.296392783958,-11999.978447123336,15430.060395461376,-523.6906642099289,523.800787253698,0.1748000048518179,-7100.662593472481,35754.873819205546,-60.993136236635316,212.46615095798194,0.2216046154499054,-0.006931830039831386,0.030201136188968167,0.2216046154499054,0.000736554993335194,0.0174776563606047,0.26049894094467163,0.0,0.0,0.0,127935.88016803563,181962.44973658584,82.69610168245649,1687.0372330698715,2026-10-04T17:41:30.067130+00:00,2.261,D:\MLWork\IUFEE_revision_20261005\datasets\joint_overlay\IND_FUA_10313_t_s_p_u_coverage_100m.tif,0.003296041243237278,0.006423930370934456,0.006518931625204341,69,68,67,1,2,-0.0031278891276971784,0.0031278891276971784,-0.003222890381967063,0.003222890381967063
IND_FUA_10354,Bhubaneshwar,joint_overlay_10m_nearest_lexicographic_first_valid_v3_fresh_identity,4487,1450407.0,48000,4800000,30100,3010000,1.0,0,2.9802322387695312e-08,0.0,0.0,0.0,241665.43998518214,94462.3272850031,257237.318692204,97710.71880216396,263233.4391641144,101791.62058642734,-15571.878707021833,22259.652397289152,-3248.3915171608605,4368.15108993609,0.20900000190734858,-5996.120471910482,43085.338264709935,-4080.9017842633675,19018.148444789844,0.18726742881536484,-0.002606531419119946,0.038720390096608936,0.220567524433136,0.0018237509656227923,0.021250566646904025,0.2008368968963623,-1.1558491148314798e-05,1.1558491148314798e-05,0.005835752934217453,211323.65992688015,304669.7193674911,88157.97368899026,107848.09514196753,2026-10-04T17:43:01.426528+00:00,0.724,D:\MLWork\IUFEE_revision_20261005\datasets\joint_overlay\IND_FUA_10354_t_s_p_u_coverage_100m.tif,0.390880579741957,0.3798465918511584,0.38669714953260464,21,22,22,-1,-1,0.011033987890798624,0.011033987890798624,0.004183430209352357,0.004183430209352357
IND_FUA_10432,Berhampore,joint_overlay_10m_nearest_lexicographic_first_valid_v3_fresh_identity,4053,258040.0,105600,10560000,42700,4270000,1.0,0,2.7939677238464355e-08,0.0,0.0,0.0,10627.010003848001,6460.077967475277,11787.687792643768,7590.257161097387,12169.740779922522,7645.339324440017,-1160.6777887957658,1456.2760497309039,-1130.17919362211,1256.3810588363153,0.14999999664723873,-382.0529872787539,4690.682301649526,-55.08216334262895,3483.3511516734566,0.1874447837471962,-0.0039697874622787,0.022057578795321744,0.20933401584625244,0.0003748337612182036,0.014939401205165325,0.16174054145812988,0.0,0.0,0.0,9176.089965872467,14033.810023654252,5719.357781640674,9114.051969433007,2026-10-04T17:42:35.016838+00:00,1.697,D:\MLWork\IUFEE_revision_20261005\datasets\joint_overlay\IND_FUA_10432_t_s_p_u_coverage_100m.tif,0.6078923389679793,0.6439139969277239,0.6282253223547043,12,8,8,4,4,-0.036021657959744546,0.036021657959744546,-0.020332983386724957,0.020332983386724957
IND_FUA_10441,Tamluk,joint_overlay_10m_nearest_lexicographic_first_valid_v3_fresh_identity,24013,2897193.0,185500,18550000,90000,9000000,1.0,0,2.9802322387695312e-08,0.0,0.0,0.0,199477.05919965357,121710.19716990256,205709.5373664572,125422.49010456291,212983.24504791718,129238.30246361537,-6232.478166803666,8403.176948517013,-3712.292934660357,5591.556105376367,0.13379999528527264,-7273.707681459937,62400.343263676565,-3815.812359052461,36331.32213810469,0.26515205204486847,-0.0026721422691800057,0.022642757194748703,0.26515205204486847,0.0007886187202727174,0.006434007347122179,0.2433938980102539,0.0,0.0,0.0,187920.0492487736,219034.0092657525,114749.77463715796,134344.7300942068,2026-10-04T17:42:08.388064+00:00,2.924,D:\MLWork\IUFEE_revision_20261005\datasets\joint_overlay\IND_FUA_10441_t_s_p_u_coverage_100m.tif,0.6101463379209169,0.6097067336315646,0.6068003256995131,11,11,12,0,-1,0.0004396042893523022,0.0004396042893523022,0.003346012221403738,0.003346012221403738
IND_FUA_10452,Kolkata,joint_overlay_10m_nearest_lexicographic_first_valid_v3_fresh_identity,71614,10554134.0,1005700,100570000,458600,45860000,1.0,0,5.960464477539063e-08,0.0,0.0,0.0,533871.8286426421,328920.46429806977,663768.8602225508,405696.3532843933,664236.0421007101,409733.79995439155,-129897.0315799087,156554.04991858528,-76775.88898632352,89495.94564155047,0.2401000093460084,-467.1818781591436,153839.2517712967,-4037.4466699982936,85432.52593700969,0.18360600453913212,-0.0004198900593018354,0.021219204601711582,0.25650812685489655,0.0026544260220632064,0.024409812299084017,0.2628825157880783,-9.734953524677107e-06,3.000154424073294e-05,0.12297169864177704,377126.70892334916,932043.128397515,251862.79923769858,541577.0265376553,2026-10-04T17:40:38.354850+00:00,13.156,D:\MLWork\IUFEE_revision_20261005\datasets\joint_overlay\IND_FUA_10452_t_s_p_u_coverage_100m.tif,0.6161038036682758,0.6112012442830927,0.6168496949647134,10,10,9,0,1,0.004902559385183025,0.004902559385183025,-0.0007458912964376507,0.0007458912964376507
IND_FUA_10453,Kolkata,joint_overlay_10m_nearest_lexicographic_first_valid_v3_fresh_identity,9297,754460.0,172800,17280000,65100,6510000,1.0,0,1.862645149230957e-08,0.0,0.0,0.0,12994.489888267592,6266.163834391929,14371.69674988262,6340.894543024646,13784.515629267371,6410.279195549385,-1377.206861615027,1994.7558251464534,-74.73070863271697,416.42818665489085,0.15339999902844426,587.1811206152472,4333.593445252605,-69.3846525247383,1622.5729167156064,0.1126231700181961,0.0006928657116794653,0.006785564335212132,0.17148810625076294,0.002006748815318873,0.011299885740511804,0.19033920764923096,0.0,0.0,0.0,9465.37986267358,17795.429833013564,4998.52489389927,7015.826665620187,2026-10-04T17:42:44.280830+00:00,2.164,D:\MLWork\IUFEE_revision_20261005\datasets\joint_overlay\IND_FUA_10453_t_s_p_u_coverage_100m.tif,0.482216992607728,0.4412070928978121,0.46503478018038147,16,18,16,-2,0,0.041009899709915865,0.041009899709915865,0.01718221242734652,0.01718221242734652
IND_FUA_10496,Guwahati,joint_overlay_10m_nearest_lexicographic_first_valid_v3_fresh_identity,5272,788595.0,94600,9460000,52100,5210000,1.0,0,2.7939677238464355e-08,5.960464477539063e-08,5.960464477539063e-08,0.0,92813.91976500303,107530.0767113048,101227.36804425223,112021.12649817829,108363.74781495257,119023.870279658,-8413.448279249209,11618.805309472697,-4491.049786873469,8094.3078325870765,0.20009999161362657,-7136.379770700329,25878.424668085332,-7002.743781479762,22514.90358994053,0.19302528922386664,-0.010034193681718661,0.04004282229182603,0.24900555610656738,0.0034509381576641896,0.024241637552466118,0.2690005898475647,-2.7704241581896104e-05,2.7748324975024337e-05,0.04894237965345383,79162.4289344754,122750.00924091786,95476.56076005704,127079.00262889359,2026-10-04T17:40:11.159843+00:00,1.008,D:\MLWork\IUFEE_revision_20261005\datasets\joint_overlay\IND_FUA_10496_t_s_p_u_coverage_100m.tif,1.1585554945159287,1.1066288560343434,1.0983735121722553,2,2,3,0,-1,0.0519266384815853,0.0519266384815853,0.060181982343673335,0.060181982343673335
IND_FUA_10533,Imphal,joint_overlay_10m_nearest_lexicographic_first_valid_v3_fresh_identity,5259,738716.0,155100,15510000,60900,6090000,1.0,0,2.7939677238464355e-08,0.0,0.0,0.0,127985.44001894072,37028.263160528804,138183.46482634734,42350.85129386954,142812.30668686965,44382.75528857592,-10198.024807406604,13056.324114032363,-5322.588133340737,6164.400164664968,0.19139998213052767,-4628.841860522344,26401.33226223279,-2031.9039947063766,9559.825409278323,0.24874190518382022,-0.007251369138387402,0.04429614542362409,0.2524584233760834,0.0034322896187936563,0.02385399987847983,0.27037133276462555,0.0,0.0,0.0,114133.83979089558,156464.7493065428,32195.76675533623,49925.99829740974,2026-10-04T17:43:09.694396+00:00,2.818,D:\MLWork\IUFEE_revision_20261005\datasets\joint_overlay\IND_FUA_10533_t_s_p_u_coverage_100m.tif,0.2893162156183465,0.30648277163328547,0.3107768253186301,26,25,25,1,1,-0.017166556014938994,0.017166556014938994,-0.021460609700283628,0.021460609700283628
