unit_key,eFUA_ID,grid_row,grid_column,center_x_mollweide_m,center_y_mollweide_m,added_surface_m2,integrated_modelled_depth_m,endpoint_settlement_fraction,endpoint_documented_fraction,endpoint_undocumented_fraction,endpoint_support_fraction,preexisting_detected_fraction,preexisting_unresolved_fraction,glofas_permanent_water_qa,glofas_spurious_depth_qa,RP10_depth_m,RP20_depth_m,RP50_depth_m,RP75_depth_m,RP100_depth_m,RP200_depth_m,RP500_depth_m,glad_new_built_fraction,glad_stable_built_fraction,glad_absent_both_fraction,glad_built_loss_fraction,glad_missing_pair_fraction,glad_pair_coverage_fraction,joint_screened_surface_m2,center_longitude,center_latitude,review_score_m3,review_order,city,selection_rule
IND_FUA_07466,7466,771,626,7150650,3472850,3914,4.0923910141,0.958230853081,1,0,0.958230853081,0.279061496258,0.720938503742,0,0,3.80200004578,4.03399991989,4.28399991989,4.38399982452,4.45399999619,4.60799980164,4.79600000381,0,1,0,0,0,1,2703.89107534,77.3071403028,28.5431080145,16017.6181641,1,Delhi,"descending g*h; illustrative review queue, not risk or accuracy"
IND_FUA_07466,7466,740,370,7125050,3475950,5207,2.85667181015,0.812756478786,1,0,0.812756478786,0,1,0,0,2.72699999809,2.83200001717,2.94199991226,2.98399996758,3.01300001144,3.07800006866,3.18400001526,0,1,0,0,0,1,4232.02298504,77.0423482552,28.5694497767,14874.6904297,2,Delhi,"descending g*h; illustrative review queue, not risk or accuracy"
IND_FUA_07466,7466,742,369,7124950,3475750,3297,4.15648460388,0.787828207016,1,0,0.787828207016,0.060541447252,0.939458549023,0,0,4.02699995041,4.13199996948,4.24100017548,4.28399991989,4.31300020218,4.37799978256,4.48400020599,0,1,0,0,0,1,2440.21502984,77.0404939194,28.5677502329,13703.9296875,3,Delhi,"descending g*h; illustrative review queue, not risk or accuracy"
IND_FUA_07466,7466,553,435,7131550,3494650,4162,3.18556642532,0.882076740265,1,0,0.882076740265,0.170229583979,0.829770386219,0,0,2.98900008202,3.13599991798,3.30900001526,3.41300010681,3.46199989319,3.57399988174,3.71300005913,1,0,0,0,0,1,3046.25596669,77.1852792049,28.7284031772,13258.3271484,4,Delhi,"descending g*h; illustrative review queue, not risk or accuracy"
IND_FUA_07466,7466,738,369,7124950,3476150,3657,3.55671262741,0.913951575756,1,0,0.913951575756,0,1,0,0,3.42700004578,3.53200006485,3.64199995995,3.68400001526,3.71300005913,3.77900004387,3.88400006294,0.143426299095,0.856573700905,0,0,0,1,3342.32091254,77.0420400818,28.571149331,13006.8984375,5,Delhi,"descending g*h; illustrative review queue, not risk or accuracy"
IND_FUA_07466,7466,594,641,7152150,3490550,6792,1.88670063019,0.567462623119,1,0,0.567462623119,0,1,0,0,1.66600000858,1.84200000763,2.03399991989,2.1099998951,2.16100001335,2.27500009537,2.41499996185,0.633941411972,0.366058558226,0,0,0,1,3854.20613623,77.3922093765,28.6935446169,12814.4707031,6,Delhi,"descending g*h; illustrative review queue, not risk or accuracy"
IND_FUA_07466,7466,689,569,7144950,3481050,4275,2.99673461914,0.483337074518,1,0,0.483337074518,0,1,0,0,2.54099988937,2.90599989891,3.3029999733,3.45900011063,3.56100010872,3.78699994087,4.0529999733,0,1,0,0,0,1,2066.26599357,77.2773156841,28.6127916608,12811.0400391,7,Delhi,"descending g*h; illustrative review queue, not risk or accuracy"
IND_FUA_07466,7466,552,438,7131850,3494750,4061,3.086550951,0.567022979259,1,0,0.567022979259,0.384736925364,0.615263044834,0,0,2.8900001049,3.03699994087,3.21000003815,3.31399989128,3.36299991608,3.47499990463,3.61299991608,0.794725418091,0.20527459681,0,0,0,1,1416.75417283,77.1889162319,28.729253441,12534.4833984,8,Delhi,"descending g*h; illustrative review queue, not risk or accuracy"
IND_FUA_07466,7466,725,346,7122650,3477450,2964,4.17018175125,0.386038869619,1,0,0.386038869619,0,1,1,0,4.03499984741,4.14400005341,4.25899982452,4.30499982834,4.33599996567,4.40600013733,4.49700021744,0.0643144547939,0.935685575008,0,0,0,1,1144.21920955,77.0221954731,28.5821966873,12360.4189453,9,Delhi,"descending g*h; illustrative review queue, not risk or accuracy"
IND_FUA_07466,7466,791,651,7153150,3470850,5622,2.17518877983,0.57806545496,1,0,0.57806545496,0,1,0,0,1.87800002098,2.11500000954,2.37199997902,2.47499990463,2.54600000381,2.70300006866,2.89100003242,1,0,0,0,0,1,3249.88398778,77.326420838,28.5261146533,12228.9111328,10,Delhi,"descending g*h; illustrative review queue, not risk or accuracy"
IND_FUA_10496,10496,34,202,8594250,3196550,6985,4.15288591385,0.705506801605,1,0,0.705506801605,0,1,0,0,3.01099991798,3.95300006866,4.95499992371,5.29099988937,5.5,5.93800020218,6.41499996185,0,1,0,0,0,1,4927.96500921,91.7029683591,26.2049486097,29007.9082031,1,Guwahati,"descending g*h; illustrative review queue, not risk or accuracy"
IND_FUA_10496,10496,53,205,8594550,3194650,4622,3.35218524933,0.972176909447,1,0,0.972176909447,0.0515100099146,0.948489964008,0,0,2.21000003815,3.16199994087,4.14699983597,4.47900009155,4.68499994278,5.11600017548,5.58400011063,0,1,0,0,0,1,4261.94651061,91.6983438918,26.1889336675,15493.7998047,2,Guwahati,"descending g*h; illustrative review queue, not risk or accuracy"
IND_FUA_10496,10496,35,203,8594350,3196450,2520,4.55273628235,0.300084739923,1,0,0.300084739923,0,1,0,0,3.41100001335,4.35300016403,5.35500001907,5.69000005722,5.89900016785,6.33699989319,6.8140001297,0.875349223614,0.124650754035,0,0,0,1,756.213544607,91.7036233588,26.2041056972,11472.8955078,3,Guwahati,"descending g*h; illustrative review queue, not risk or accuracy"
IND_FUA_10496,10496,37,194,8593450,3196250,2772,4.03663921356,0.52269423008,1,0,0.52269423008,0,1,0,0,2.91000008583,3.84599995613,4.82499980927,5.15100002289,5.35400009155,5.77899980545,6.242000103,0,0.826279401779,0.173720598221,0,0,1,1448.90840578,91.6931962458,26.2024198791,11189.5634766,4,Guwahati,"descending g*h; illustrative review queue, not risk or accuracy"
IND_FUA_10496,10496,52,205,8594550,3194750,3235,3.35328245163,0.674765050411,1,0,0.674765050411,0.196925327182,0.803074657917,0,0,2.21000003815,3.16300010681,4.14900016785,4.48099994659,4.68699979782,5.11800003052,5.58699989319,0,1,0,0,0,1,1753.00354596,91.6987555968,26.1897765384,10847.8691406,5,Guwahati,"descending g*h; illustrative review queue, not risk or accuracy"
IND_FUA_10496,10496,45,208,8594850,3195450,4560,2.35236740112,0.522614717484,1,0,0.522614717484,0.281923621893,0.718076407909,0,0,1.21000003815,2.15400004387,3.15400004387,3.48900008202,3.6970000267,4.13399982452,4.60900020599,0,1,0,0,0,1,1711.26441265,91.7048389711,26.1956766992,10726.7949219,6,Guwahati,"descending g*h; illustrative review queue, not risk or accuracy"
IND_FUA_10496,10496,17,197,8593750,3198250,2055,4.26915836334,0.535114765167,1,0,0.535114765167,0.174730837345,0.825269162655,0,0,3.11199998856,4.0640001297,5.08400011063,5.42600011826,5.63899993896,6.08400011063,6.56599998474,0,1,0,0,0,1,907.516182627,91.7046400221,26.2192784772,8773.12011719,7,Guwahati,"descending g*h; illustrative review queue, not risk or accuracy"
IND_FUA_10496,10496,16,197,8593750,3198350,1815,4.57005262375,0.155748158693,1,0,0.155748158693,0,1,0,0,3.41199994087,4.36499977112,5.38500022888,5.72800016403,5.94099998474,6.3860001564,6.86800003052,0,1,0,0,0,1,282.682908028,91.7050523527,26.2201214314,8294.64550781,8,Guwahati,"descending g*h; illustrative review queue, not risk or accuracy"
IND_FUA_10496,10496,74,195,8593550,3192550,950,8.5110616684,0.014604954049,1,0,0.014604954049,0.0369864180684,0.963013589382,1,0,7.40799999237,8.44400024414,9.44099998474,9.09899997711,9.28499984741,9.67700004578,10.0989999771,0,0.815708696842,0.184291303158,0,0,1,13.361530657,91.6790339888,26.1712339138,8085.50878906,9,Guwahati,"descending g*h; illustrative review queue, not risk or accuracy"
IND_FUA_10496,10496,73,201,8594150,3192650,850,8.65559196472,0.0841728821397,1,0,0.0841728821397,0.369378149509,0.630621850491,1,0,7.51900005341,8.55599975586,9.55200004578,9.42399978638,9.61499977112,10.0150003433,10.4469995499,0,0.705575287342,0.294424712658,0,0,1,45.1190698916,91.6858463002,26.172076736,7357.25292969,10,Guwahati,"descending g*h; illustrative review queue, not risk or accuracy"
IND_FUA_09258,9258,36,95,7690550,3204350,3927,5.80055761337,0.416909664869,1,0,0.416909664869,0,1,0,0,5.09399986267,5.68800020218,6.27799987793,6.48299980164,6.61800003052,6.90799999237,7.24399995804,0,0.37492904067,0.625070989132,0,0,1,1637.20425394,82.0890546311,26.2707029303,22778.7890625,1,Sultanpur,"descending g*h; illustrative review queue, not risk or accuracy"
IND_FUA_09258,9258,30,88,7689850,3204950,2687,7.30140113831,0.15884013474,1,0,0.15884013474,0,1,0,0,6.59399986267,7.1890001297,7.77899980545,7.98400020599,8.11999988556,8.40999984741,8.74600028992,0.0412505380809,0.9392760396,0.0194734055549,0,0,1,426.803442046,82.0838028858,26.2757615398,19618.8652344,2,Sultanpur,"descending g*h; illustrative review queue, not risk or accuracy"
IND_FUA_09258,9258,29,85,7689550,3205050,3789,4.80263948441,0.351148933172,1,0,0.351148933172,0,1,0,0,4.09499979019,4.69000005722,5.28100013733,5.48600006104,5.62099981308,5.91099977493,6.24700021744,0.0690103471279,0.805259108543,0.125730529428,0,0,1,1330.50330779,82.0809706489,26.2766046496,18197.2011719,3,Sultanpur,"descending g*h; illustrative review queue, not risk or accuracy"
IND_FUA_09258,9258,29,86,7689650,3205050,3042,5.80240154266,0.139191001654,1,0,0.139191001654,0,1,0,0,5.09499979019,5.69000005722,6.28000020981,6.48500013351,6.62099981308,6.91099977493,7.24700021744,0,0.926282465458,0.0737175196409,0,0,1,423.41902703,82.0820380842,26.2766046496,17650.90625,4,Sultanpur,"descending g*h; illustrative review queue, not risk or accuracy"
IND_FUA_09258,9258,14,89,7689950,3206550,3727,4.69502544403,0.360799580812,1,0,0.360799580812,0,1,0,0,3.98600006104,4.58199977875,5.17399978638,5.38000011444,5.51599979401,5.80700016022,6.14300012589,0,0.984063625336,0.0159363467246,0,0,1,1344.70003769,82.0907934828,26.2892515745,17498.359375,5,Sultanpur,"descending g*h; illustrative review queue, not risk or accuracy"
IND_FUA_09258,9258,40,101,7691150,3203950,1437,10.5002365112,0,1,0,0,0,1,1,0,9.79300022125,10.3879995346,10.9779996872,11.1820001602,11.3179998398,11.6079998016,11.9429998398,0.371509432793,0,0.628490567207,0,0,1,0,82.0939790776,26.2673305703,15088.8398438,6,Sultanpur,"descending g*h; illustrative review queue, not risk or accuracy"
IND_FUA_09258,9258,34,89,7689950,3204550,2674,5.50264120102,0.599631309509,1,0,0.599631309509,0,1,0,0,4.79600000381,5.38999986649,5.98000001907,6.18499994278,6.32100009918,6.61100006104,6.94600009918,0,1,0,0,0,1,1603.41412163,82.0833901869,26.2723891242,14714.0625,7,Sultanpur,"descending g*h; illustrative review queue, not risk or accuracy"
IND_FUA_09258,9258,33,89,7689950,3204650,2215,6.60230255127,0.485352873802,1,0,0.485352873802,0,1,0,0,5.89499998093,6.48999977112,7.07999992371,7.28499984741,7.42000007629,7.71000003815,8.04599952698,0,1,0,0,0,1,1075.05661547,82.0837601944,26.2732322246,14624.1005859,8,Sultanpur,"descending g*h; illustrative review queue, not risk or accuracy"
IND_FUA_09258,9258,41,100,7691050,3203850,2189,6.60055780411,0.445579022169,1,0,0.445579022169,0,1,0,0,5.89400005341,6.48799991608,7.07800006866,7.28299999237,7.41800022125,7.70800018311,8.04399967194,0.598353207111,0.401646792889,0,0,0,1,975.372479528,82.0925417506,26.2664874862,14448.6210938,9,Sultanpur,"descending g*h; illustrative review queue, not risk or accuracy"
IND_FUA_09258,9258,26,86,7689650,3205350,2179,6.60099315643,0.35572552681,1,0,0.35572552681,0,1,0,0,5.89400005341,6.48799991608,7.07899999619,7.28399991989,7.42000007629,7.71000003815,8.04599952698,0,0.953037381172,0.0469626151025,0,0,1,775.125922918,82.0831483614,26.2791339927,14383.5644531,10,Sultanpur,"descending g*h; illustrative review queue, not risk or accuracy"
