unit_key,eFUA_name,unresolved_GHSL_weighted_fraction,fully_resolved_cell_count,fully_resolved_GHSL_change_m2,ghsl_no_screen_depth_m,ghsl_screen_depth_m,ghsl_screen_retained_fraction,endpoint_no_screen_depth_m,endpoint_screen_depth_m,endpoint_screen_retained_fraction,renaming_zero_without_changing_weights_depth_delta_m,exclude_unresolved_then_remove_detected_denominator_m2,exclude_unresolved_then_remove_detected_depth_m,ghsl_screen_delta_m,endpoint_screen_delta_m
IND_FUA_02091,Srinagar,0.517163986716,139,70989,0.876950240421,0.860884828828,0.517163986225,1.01150659219,0.889345546671,0.0526600765328,0,0,,-0.0160654115936,-0.122161045522
IND_FUA_03357,Jammu,0.790429156566,176,38513,0.0836882828889,0.0877522542926,0.790429156968,0.0812735107587,0.093258788995,0.180709635038,0,0,,0.00406397140375,0.0119852782363
IND_FUA_03722,Rajkot,0.806301643923,107,24410,0.000762409228533,0.000872711979498,0.806301643696,0.000230284476982,0.000267600033254,0.260528342153,0,0,,0.000110302750965,3.7315556272e-05
IND_FUA_04396,Amritsar,0.736679413965,454,107283,0.0452043669874,0.0508271601322,0.736679413915,0.0411966395436,0.0483805675533,0.12571073453,0,0,,0.00562279314487,0.00718392800977
IND_FUA_05324,Jodhpur,0.83530605913,196,51489,0.0359714066891,0.0417583074118,0.835306058887,0.0242751637653,0.0299950760464,0.26257436688,0,0,,0.00578690072276,0.00571991228118
IND_FUA_05617,Jalandhar,0.783926009988,239,37375,0.00621432117105,0.00727429407315,0.78392600959,0.0040036886299,0.00506438798169,0.12993055837,0,0,,0.0010599729021,0.00106069935179
IND_FUA_05991,Ahmedabad,0.82054521481,245,123159,0.424207700507,0.427720658811,0.820545214837,0.440614143673,0.461625100246,0.315368129743,0,0,,0.00351295830393,0.0210109565728
IND_FUA_06065,Ludhiana,0.763501046771,450,118062,0.112304843224,0.120464940351,0.763501047215,0.105710016696,0.117314662487,0.153887957667,0,0,,0.00816009712662,0.0116046457913
IND_FUA_06611,Surat,0.76814984854,209,207062,1.06741840698,1.04171775208,0.768149848545,1.0644232401,1.08676022337,0.305436797182,0,0,,-0.0257006549017,0.0223369832731
IND_FUA_06651,Vadodara,0.870405879819,64,23385,0.169255487762,0.16524548143,0.870405880087,0.200644619413,0.199438524769,0.368467367236,0,0,,-0.00401000633193,-0.00120609464451
IND_FUA_06781,Chandigarh,0.818693333371,451,129108,0.002114893135,0.00215571244694,0.818693333205,0.000751967811722,0.000652582750225,0.262542922446,0,0,,4.081931194e-05,-9.93850614973e-05
IND_FUA_07108,Silvassa,0.794250728415,65,23731,0.260892811439,0.260922195866,0.794250727798,0.162451634691,0.156407745825,0.244740201234,0,0,,2.93844266273e-05,-0.0060438888663
IND_FUA_07139,Vasai-Virar,0.711460173203,31,31099,1.17413223585,1.2623732317,0.711460174434,1.06415439859,1.12978560721,0.158547222623,0,0,,0.088240995845,0.0656312086256
IND_FUA_07163,Mumbai,0.69865687786,384,112705,0.390341067314,0.360035031785,0.698656877555,0.35803076616,0.323088876042,0.195192329974,0,0,,-0.0303060355294,-0.0349418901178
IND_FUA_07320,Jaipur,0.894071384012,372,162690,0.000276898457947,0.000267556831998,0.894071384012,6.64352769456e-05,5.52384571532e-05,0.258332127041,0,0,,-9.34162594878e-06,-1.11968197923e-05
IND_FUA_07466,Delhi [New Delhi],0.78498382744,3932,1346292,0.298629598494,0.291219217591,0.78498382762,0.308400866156,0.305479910367,0.246112087073,0,0,,-0.00741038090244,-0.00292095578931
IND_FUA_07490,Saharanpur,0.843832251714,70,22442,0,0,0.843832252178,0,0,0.276671030428,0,0,,0,0
IND_FUA_07499,Nashik,0.849256896175,63,54557,0.02189109017,0.0111759789855,0.849256896716,0.0241054726445,0.0069587412905,0.144034016324,0,0,,-0.0107151111845,-0.017146731354
IND_FUA_07581,Dehradun,0.806821048253,65,39478,0,0,0.806821047445,0,0,0.162508239447,0,0,,0,0
IND_FUA_07601,Kota,0.815455730188,99,31327,0.0198426661512,0.0184905274202,0.815455730543,0.00782040968586,0.0061106540818,0.255467726884,0,0,,-0.00135213873096,-0.00170975560406
IND_FUA_07617,Pune,0.877520784005,341,264011,0.0559425874298,0.051776904042,0.877520784089,0.0352772179445,0.0309738804631,0.253682207694,0,0,,-0.00416568338779,-0.00430333748138
IND_FUA_07631,Haridwar,0.788974019241,84,38114,0.0655888319322,0.0662011390603,0.788974019325,0.0289637201427,0.0202479719631,0.253859371145,0,0,,0.000612307128129,-0.00871574817953
IND_FUA_07643,Meerut,0.800981421184,373,104013,0.119330179136,0.12774750952,0.800981421234,0.125715128901,0.137480413253,0.224635349974,0,0,,0.0084173303837,0.0117652843524
IND_FUA_07839,Indore,0.776349789764,247,57571,0.00155752095822,0.00138657849555,0.776349790032,0.000423054243744,0.000246677568569,0.211555619243,0,0,,-0.000170942462677,-0.000176376675175
IND_FUA_07881,Kolhapur,0.725025992343,29,4845,0.0625100984309,0.0743275381401,0.72502599267,0.0234256881065,0.0257055490589,0.084575976167,0,0,,0.0118174397092,0.00227986095242
IND_FUA_07895,Aligarh,0.837498502091,124,30731,0.251055282553,0.259015862782,0.837498501704,0.20553918497,0.211511808894,0.232750490089,0,0,,0.00796058022928,0.00597262392367
IND_FUA_07933,Moradabad,0.805371790396,96,41342,0.246006518754,0.242190876814,0.805371790279,0.227937465807,0.229399093532,0.249884032055,0,0,,-0.00381564194031,0.00146162772543
IND_FUA_07957,Agra,0.798521128337,230,78675,0.0987447109449,0.0988567049751,0.798521128127,0.0896744531318,0.0892967311913,0.176051471675,0,0,,0.000111994030257,-0.000377721940454
IND_FUA_07961,Aurangabad,0.859035176981,37,16953,0,0,0.859035176551,0,0,0.280878146252,0,0,,0,0
IND_FUA_07996,Sangli,0.901192265857,11,4203,0.257597845414,0.257153942807,0.9011922665,0.223776749965,0.235883043663,0.12144092449,0,0,,-0.000443902607194,0.0121062936975
IND_FUA_08144,Gwalior,0.876365860901,65,17952,0.000134420890588,0.00011324953085,0.876365861034,0,0,0.250022144349,0,0,,-2.11713597377e-05,0
IND_FUA_08224,Bareilly,0.815014401232,142,56489,0.0819063629125,0.0917257520435,0.815014401073,0.0685466666457,0.0787950410812,0.301006567999,0,0,,0.00981938913104,0.0102483744356
IND_FUA_08258,Bhopal,0.846704582076,109,43190,0.00431572353414,0.0047616880473,0.846704582038,0.00204601788448,0.00228473049353,0.261532080951,0,0,,0.000445964513166,0.000238712609048
IND_FUA_08319,Mangaluru,0.897733810238,12,1569,0.292770093923,0.267258731951,0.897733810235,0.450175550418,0.422379291595,0.155747968741,0,0,,-0.0255113619723,-0.0277962588229
IND_FUA_08341,Solapur,0.829459735705,12,7459,0.00718928025761,0.00812776054326,0.82945973567,0.00203788848798,0.00184954743925,0.169112846434,0,0,,0.000938480285646,-0.000188341048735
IND_FUA_08419,Farrukhabad,0.908231440703,40,8090,0.107996034851,0.115257240597,0.908231441132,0.0680758448118,0.0729111532494,0.35291838407,0,0,,0.00726120574543,0.00483530843768
IND_FUA_08433,Shahjahanpur,0.889914787036,63,32481,0.191348261536,0.178516361127,0.88991478692,0.180608488484,0.164818147378,0.391579963552,0,0,,-0.0128319004092,-0.0157903411061
IND_FUA_08497,Kannur,0.87317140367,8,4529,0.105496251483,0.109664691218,0.873171404007,0.0981281551293,0.0967835330679,0.102515657708,0,0,,0.00416843973491,-0.00134462206131
IND_FUA_08587,Hardoi,0.83993482627,41,10541,0,0,0.839934826633,0,0,0.278836067107,0,0,,0,0
IND_FUA_08595,Thalassery,0.886371616544,4,371,0.0132864598182,0.0147109883049,0.886371616598,0.00669105665265,0.00903356007029,0.0471120827279,0,0,,0.0014245284867,0.00234250341764
IND_FUA_08673,Kozhikode,0.805558446868,10,2604,0.20172212835,0.209123739774,0.805558446554,0.186907671503,0.194431846093,0.0855717711931,0,0,,0.00740161142368,0.00752417459068
IND_FUA_08674,Guruvayur,0.901710781168,11,9864,0.197696826834,0.205163795168,0.901710780913,0.221317893786,0.249377904026,0.0964145495778,0,0,,0.00746696833438,0.0280600102394
IND_FUA_08675,Malappuram,0.96816041997,0,0,0.415633804674,0.400932458029,0.968160420322,0.575723208479,0.501984084965,0.0786352342458,0,0,,-0.0147013466445,-0.0737391235135
IND_FUA_08686,Lakhimpur,0.79191444759,28,5587,0.00575193472529,0.00725163664724,0.791914447061,0.00447585279499,0.00664331712887,0.196213500876,0,0,,0.00149970192196,0.00216746433388
IND_FUA_08722,Kanpur,0.90991135861,296,67380,0.198207157542,0.198445510912,0.909911358621,0.17333341845,0.171551486972,0.31451878505,0,0,,0.000238353370272,-0.00178193147808
IND_FUA_08848,Lucknow,0.893184805148,541,241056,0.394595975685,0.400417640739,0.893184805176,0.408864502296,0.42224994098,0.30277265654,0,0,,0.00582166505402,0.0133854386844
IND_FUA_08896,Mysuru,0.872512273572,20,29360,0.00211874735623,0.00242825061956,0.872512273226,0.000412376943639,0.00052561527777,0.150660947412,0,0,,0.000309503263332,0.000113238334131
IND_FUA_08900,Kochi,0.801151642029,68,26319,0.270274356789,0.298161559452,0.80115164224,0.279361913182,0.327649392602,0.13682922852,0,0,,0.0278872026633,0.0482874794198
IND_FUA_08952,Nagpur,0.879361882122,119,47625,0.0077244680026,0.00790540254689,0.879361882034,0.00188368771564,0.00169183640847,0.312954866689,0,0,,0.000180934544282,-0.000191851307168
IND_FUA_08997,Kollam,0.828439892637,5,5873,0.187054371828,0.216646393356,0.828439891971,0.115871025788,0.133227635726,0.0949684935607,0,0,,0.0295920215285,0.0173566099381
IND_FUA_09007,Jabalpur,0.82743453328,71,31845,0.0248239359455,0.024270116148,0.827434533478,0.0183180965251,0.0163736936983,0.225405350115,0,0,,-0.000553819797571,-0.00194440282689
IND_FUA_09013,Ettumanoor,0.941481527564,4,2293,0.27688665969,0.284307337574,0.941481527777,0.208498189161,0.226716091752,0.056224353152,0,0,,0.00742067788391,0.0182179025916
IND_FUA_09045,Hyderabad,0.854247887594,416,333366,0.00988807344949,0.00889198304395,0.854247887404,0.00715316826765,0.00661750604962,0.258807420172,0,0,,-0.000996090405534,-0.000535662218034
IND_FUA_09069,Coimbatore,0.871115055355,65,15816,0.00103600101274,0.000900743681843,0.871115055531,0.00052325453911,0.000345343479615,0.240625781525,0,0,,-0.000135257330897,-0.000177911059495
IND_FUA_09099,Bengaluru,0.886392370892,274,345373,0.00544828966072,0.00582754096019,0.886392370917,0.00226429703727,0.00240212071217,0.236603684678,0,0,,0.000379251299467,0.000137823674893
IND_FUA_09129,Gonda,0.949559365528,16,3999,0.00221750516778,0.00231427580858,0.949559365266,0.000946278625001,0.00102370979765,0.280974639123,0,0,,9.67706407987e-05,7.74311726443e-05
IND_FUA_09157,Thiruvananthapuram,0.731644952763,28,20842,0.0327939588029,0.0310922888501,0.731644953034,0.0122429176832,0.00889036132384,0.118584978133,0,0,,-0.0017016699528,-0.00335255635932
IND_FUA_09165,Tiruppur,0.902541264771,20,11229,0.00549100226698,0.00455890789751,0.902541264768,0.00550715242241,0.00469754512284,0.23991099846,0,0,,-0.000932094369464,-0.00080960729957
IND_FUA_09195,Faizabad,0.875428301849,38,10865,0.221428398881,0.235932847751,0.875428301646,0.134829165643,0.145895914108,0.273414142745,0,0,,0.0145044488701,0.0110667484643
IND_FUA_09258,Sultanpur,0.918632436955,14,1858,0.582127094723,0.602403818433,0.918632436505,0.423681680583,0.430523775192,0.225480610064,0,0,,0.0202767237105,0.00684209460904
IND_FUA_09266,Erode,0.931759693872,15,4328,0.0104591854938,0.00877326807055,0.931759693892,0.00760280194542,0.00590563954624,0.111509368709,0,0,,-0.00168591742329,-0.00169716239918
IND_FUA_09282,Prayagraj,0.862296612736,80,34078,0.173608524519,0.139256148384,0.862296612889,0.149464183561,0.112481626297,0.253313145398,0,0,,-0.0343523761351,-0.0369825572641
IND_FUA_09368,Salem,0.951251354749,14,9137,0.000220337934616,0.000226272902465,0.951251354913,0,0,0.115704537637,0,0,,5.93496784876e-06,0
IND_FUA_09444,Madurai,0.913577831685,15,19326,0.159789639337,0.144228337196,0.91357783196,0.170453729044,0.141737555713,0.186508253316,0,0,,-0.015561302141,-0.0287161733315
IND_FUA_09500,Gorakhpur,0.938355721414,56,23011,0.63131563978,0.621306741565,0.938355721358,0.59273851258,0.582650992448,0.213859686643,0,0,,-0.0100088982151,-0.0100875201318
IND_FUA_09544,Tiruchirappalli,0.863080107159,29,36675,0.638437758461,0.687356549711,0.863080107784,0.532027569879,0.607237455806,0.148845594808,0,0,,0.04891879125,0.0752098859274
IND_FUA_09562,Varanasi,0.934964249571,158,25311,0.172267711967,0.164763652492,0.934964249655,0.197314997678,0.19118715125,0.20248417644,0,0,,-0.00750405947422,-0.00612784642827
IND_FUA_09564,Durg,0.723298896358,101,19282,0.207769945407,0.238120857223,0.723298896598,0.134453140158,0.162667200342,0.178702971309,0,0,,0.0303509118164,0.028214060184
IND_FUA_09570,Vellore,0.878809340299,21,12130,0.127382350444,0.12046202848,0.878809340712,0.140653301472,0.132217347954,0.137447170323,0,0,,-0.0069203219642,-0.00843595351762
IND_FUA_09620,Raipur,0.796405469362,273,119262,0.0900126388422,0.103174504246,0.796405468977,0.0529322897039,0.0618338457992,0.224258413948,0,0,,0.013161865404,0.00890155609525
IND_FUA_09710,Bilaspur,0.903411586433,54,21586,0.0520772557796,0.0519064325298,0.903411586103,0.0339751564799,0.0298417109035,0.218402709606,0,0,,-0.000170823249789,-0.00413344557632
IND_FUA_09782,Kuchai Kot,0.984672724011,6,852,0.165672418823,0.167385483454,0.984672723994,0.122434285816,0.125411223188,0.227486545179,0,0,,0.0017130646316,0.00297693737155
IND_FUA_09794,Vijayawada,0.862015145203,59,15685,1.0889544976,1.10993682035,0.862015145198,0.938935935713,0.943808467266,0.288011576059,0,0,,0.0209823227457,0.00487253155285
IND_FUA_09834,Puducherry,0.780053416903,11,10604,0.608600238062,0.639266914917,0.780053416214,0.474674059148,0.484074214936,0.147930528823,0,0,,0.0306666768545,0.00940015578824
IND_FUA_09850,Chennai,0.691349470663,403,472487,0.544793613851,0.554322677949,0.691349470693,0.588077958061,0.615498909896,0.211199799678,0,0,,0.00952906409798,0.0274209518344
IND_FUA_10007,Muzaffarpur,0.979302441565,20,8257,0.569568380655,0.570492511424,0.979302441541,0.464552492882,0.464451859107,0.198934940049,0,0,,0.000924130768784,-0.000100633774357
IND_FUA_10017,Patna,0.90084772067,96,28594,1.43394084792,1.4522429963,0.900847720671,1.30755588898,1.35924929619,0.263837294504,0,0,,0.0183021483777,0.0516934072087
IND_FUA_10065,Gaya,0.958580216622,6,6267,0.038154713871,0.0391117265564,0.958580216385,0.0193074084297,0.0203819435349,0.227056965297,0,0,,0.000957012685395,0.00107453510514
IND_FUA_10142,Visakhapatnam,0.865448106458,128,42423,0.00962895489649,0.0103806362583,0.865448106643,0.00303253201332,0.00281367986182,0.334213375161,0,0,,0.000751681361851,-0.000218852151504
IND_FUA_10152,Begusarai,0.915335034239,14,2446,1.07883885621,1.10057506584,0.915335034055,0.910923576312,0.94998640489,0.153889595734,0,0,,0.0217362096229,0.0390628285773
IND_FUA_10168,Ranchi,0.93716418685,71,38727,0.000414208484833,0.000312735533389,0.93716418696,0.00032986306516,9.5484522393e-05,0.155881183689,0,0,,-0.000101472951444,-0.000234378542767
IND_FUA_10243,Dhanbad,0.874959701676,312,24198,0.0181111937864,0.0191340769925,0.87495970169,0.00152129776411,0.00166957551517,0.150802077449,0,0,,0.00102288320607,0.000148277751052
IND_FUA_10285,Jamshedpur,0.66478677436,98,51286,0.184731753032,0.236427292563,0.664786774814,0.146768765454,0.208898931103,0.171949275414,0,0,,0.0516955395308,0.062130165649
IND_FUA_10313,Asansol,0.831272111926,172,33936,0.018007591621,0.0174219048221,0.831272111996,0.00920304946609,0.00651893178658,0.113802434695,0,0,,-0.000585686798975,-0.00268411767951
IND_FUA_10354,Bhubaneshwar,0.745117674128,74,58630,0.346809920684,0.391135832382,0.745117674463,0.330575316522,0.386697150774,0.181489360686,0,0,,0.0443259116976,0.0561218342516
IND_FUA_10432,Berhampore,0.898561084049,13,2126,0.774709514047,0.790232087678,0.898561084389,0.614883977154,0.628225325918,0.0471622259337,0,0,,0.0155225736303,0.0133413487644
IND_FUA_10441,Tamluk,0.960326015771,18,9698,0.577415816203,0.580271298075,0.960326015877,0.608341359635,0.606800325165,0.07351365444,0,0,,0.00285548187197,-0.00154103447039
IND_FUA_10452,Kolkata,0.812383991732,674,147638,0.508989180591,0.515392426177,0.812383991799,0.541797516163,0.616849695188,0.0629361008777,0,0,,0.00640324558568,0.0750521790243
IND_FUA_10453,Kolkata,0.952914603524,1,97,0.310206821002,0.317455997832,0.95291460354,0.384312939464,0.465034785429,0.0182707043836,0,0,,0.00724917682949,0.0807218459649
IND_FUA_10496,Guwahati,0.817878622201,59,16198,0.873432491065,0.94714938021,0.817878622658,0.890469636749,1.09837352584,0.137413688668,0,0,,0.073716889145,0.207903889089
IND_FUA_10533,Imphal,0.835788810738,64,11050,0.404211377564,0.41330007966,0.835788810588,0.286968925389,0.310776821757,0.193325048715,0,0,,0.00908870209592,0.0238078963682
