unit_key,eFUA_name,scenario,nonmonotonic_record_count,nonmonotonic_GHSL_change_m2,nonmonotonic_GHSL_weighted_fraction,nonmonotonic_scenario_weight_fraction,denominator_m2,original_depth_m,cummax_sensitivity_depth_m,cummax_minus_original_depth_m,max_adjacent_drop_m
IND_FUA_02091,Srinagar,ghsl_only,19,4945,0.00786599963414,0.00786599963414,628655,0.876950240421,0.877639310228,0.000689069806351,0.898999996483
IND_FUA_02091,Srinagar,endpoint_supported,19,4945,0.00786599963414,0.0124042293112,109413.768572,1.01150659219,1.01240607414,0.000899481942524,0.898999996483
IND_FUA_02091,Srinagar,preexisting_detected_screened,19,4945,0.00786599963414,0.00952562883737,325117.72576,0.860884828828,0.861780644613,0.000895815785186,0.898999996483
IND_FUA_02091,Srinagar,joint_supported_screened,19,4945,0.00786599963414,0.0234755791278,33105.0204128,0.889345546671,0.891080892322,0.00173534565078,0.898999996483
IND_FUA_03357,Jammu,ghsl_only,0,0,0,0,2691946,0.0836882828889,0.0836882828889,0,0
IND_FUA_03357,Jammu,endpoint_supported,0,0,0,0,723087.702877,0.0812735107587,0.0812735107587,0,0
IND_FUA_03357,Jammu,preexisting_detected_screened,0,0,0,0,2127792.60738,0.0877522542926,0.0877522542926,0,0
IND_FUA_03357,Jammu,joint_supported_screened,0,0,0,0,486460.579203,0.093258788995,0.093258788995,0,0
IND_FUA_03722,Rajkot,ghsl_only,0,0,0,0,2602277,0.000762409228533,0.000762409228533,0,0
IND_FUA_03722,Rajkot,endpoint_supported,0,0,0,0,905335.44815,0.000230284476982,0.000230284476982,0,0
IND_FUA_03722,Rajkot,preexisting_detected_screened,0,0,0,0,2098220.22245,0.000872711979498,0.000872711979498,0,0
IND_FUA_03722,Rajkot,joint_supported_screened,0,0,0,0,677966.912634,0.000267600033254,0.000267600033254,0,0
IND_FUA_04396,Amritsar,ghsl_only,1,1447,0.000199634422051,0.000199634422051,7248249,0.0452043669874,0.0452297168242,2.53498368896e-05,0.88599999994
IND_FUA_04396,Amritsar,endpoint_supported,1,1447,0.000199634422051,0.000170466746556,1543025.47369,0.0411966395436,0.0412182856313,2.16460877632e-05,0.88599999994
IND_FUA_04396,Amritsar,preexisting_detected_screened,1,1447,0.000199634422051,0.000206123919963,5339635.82523,0.0508271601322,0.0508533340139,2.61738817204e-05,0.88599999994
IND_FUA_04396,Amritsar,joint_supported_screened,1,1447,0.000199634422051,0.000219572931543,911182.705848,0.0483805675533,0.0484084492079,2.78816545904e-05,0.88599999994
IND_FUA_05324,Jodhpur,ghsl_only,0,0,0,0,5353498,0.0359714066891,0.0359714066891,0,0
IND_FUA_05324,Jodhpur,endpoint_supported,0,0,0,0,1825520.27706,0.0242751637653,0.0242751637653,0,0
IND_FUA_05324,Jodhpur,preexisting_detected_screened,0,0,0,0,4471809.31564,0.0417583074118,0.0417583074118,0,0
IND_FUA_05324,Jodhpur,joint_supported_screened,0,0,0,0,1405691.34794,0.0299950760464,0.0299950760464,0,0
IND_FUA_05617,Jalandhar,ghsl_only,0,0,0,0,2645259,0.00621432117105,0.00621432117105,0,0
IND_FUA_05617,Jalandhar,endpoint_supported,0,0,0,0,551130.215014,0.0040036886299,0.0040036886299,0,0
IND_FUA_05617,Jalandhar,preexisting_detected_screened,0,0,0,0,2073687.3322,0.00727429407315,0.00727429407315,0,0
IND_FUA_05617,Jalandhar,joint_supported_screened,0,0,0,0,343699.978902,0.00506438798169,0.00506438798169,0,0
IND_FUA_05991,Ahmedabad,ghsl_only,13,282,3.72315024456e-05,3.72315024456e-05,7574231,0.424207700507,0.424210415452,2.71494479032e-06,0.890000000596
IND_FUA_05991,Ahmedabad,endpoint_supported,13,282,3.72315024456e-05,1.81878762091e-08,3105404.17254,0.440614143673,0.440614146038,2.36521180419e-09,0.890000000596
IND_FUA_05991,Ahmedabad,preexisting_detected_screened,13,282,3.72315024456e-05,4.53741022096e-05,6214999.00312,0.427720658811,0.427723967519,3.30870833348e-06,0.890000000596
IND_FUA_05991,Ahmedabad,joint_supported_screened,13,282,3.72315024456e-05,2.36452425383e-08,2388671.06471,0.461625100246,0.461625103321,3.07490582996e-09,0.890000000596
IND_FUA_06065,Ludhiana,ghsl_only,2,3615,0.000817992670876,0.000817992670876,4419355,0.112304843224,0.112640249436,0.000335406211254,0.592000007629
IND_FUA_06065,Ludhiana,endpoint_supported,2,3615,0.000817992670876,0.000249919457225,1081019.64704,0.105710016696,0.105812492599,0.000102475903821,0.592000007629
IND_FUA_06065,Ludhiana,preexisting_detected_screened,2,3615,0.000817992670876,0.0010713707255,3374182.17052,0.120464940351,0.120904240615,0.00043930026354,0.592000007629
IND_FUA_06065,Ludhiana,joint_supported_screened,2,3615,0.000817992670876,0.0003972556942,680085.515156,0.117314662487,0.11747755151,0.00016288902338,0.592000007629
IND_FUA_06611,Surat,ghsl_only,4,121,3.36424172494e-05,3.36424172494e-05,3596650,1.06741840698,1.06742234003,3.93304388924e-06,0.797999992967
IND_FUA_06611,Surat,endpoint_supported,4,121,3.36424172494e-05,7.48130976155e-06,1453918.33417,1.0644232401,1.06442414347,9.03375140471e-07,0.797999992967
IND_FUA_06611,Surat,preexisting_detected_screened,4,121,3.36424172494e-05,2.99726573702e-05,2762766.15277,1.04171775208,1.04172257483,4.82274716851e-06,0.797999992967
IND_FUA_06611,Surat,joint_supported_screened,4,121,3.36424172494e-05,6.67616655092e-06,1098549.25659,1.08676022337,1.08676134959,1.12622030746e-06,0.797999992967
IND_FUA_06651,Vadodara,ghsl_only,0,0,0,0,3106926,0.169255487762,0.169255487762,0,0
IND_FUA_06651,Vadodara,endpoint_supported,0,0,0,0,1349182.83639,0.200644619413,0.200644619413,0,0
IND_FUA_06651,Vadodara,preexisting_detected_screened,0,0,0,0,2704286.6594,0.16524548143,0.16524548143,0,0
IND_FUA_06651,Vadodara,joint_supported_screened,0,0,0,0,1144800.84342,0.199438524769,0.199438524769,0,0
IND_FUA_06781,Chandigarh,ghsl_only,0,0,0,0,6519940,0.002114893135,0.002114893135,0,0
IND_FUA_06781,Chandigarh,endpoint_supported,0,0,0,0,2218648.44134,0.000751967811722,0.000751967811722,0,0
IND_FUA_06781,Chandigarh,preexisting_detected_screened,0,0,0,0,5337831.4109,0.00215571244694,0.00215571244694,0,0
IND_FUA_06781,Chandigarh,joint_supported_screened,0,0,0,0,1711764.10177,0.000652582750225,0.000652582750225,0,0
IND_FUA_07108,Silvassa,ghsl_only,6,114,8.66420066289e-05,8.66420066289e-05,1315759,0.260892811439,0.260909337577,1.65261380874e-05,0.834000006318
IND_FUA_07108,Silvassa,endpoint_supported,6,114,8.66420066289e-05,1.00744336255e-07,421246.174162,0.162451634691,0.162451653401,1.87096617366e-08,0.834000006318
IND_FUA_07108,Silvassa,preexisting_detected_screened,6,114,8.66420066289e-05,0.000109086468034,1045042.54336,0.260922195866,0.260943003071,2.08072054692e-05,0.834000006318
IND_FUA_07108,Silvassa,joint_supported_screened,6,114,8.66420066289e-05,1.31787720851e-07,322019.122435,0.156407745825,0.1564077703,2.44748615263e-08,0.834000006318
IND_FUA_07139,Vasai-Virar,ghsl_only,4,877,0.00174796950521,0.00174796950521,501725,1.17413223585,1.17434681391,0.000214578056124,0.774000003934
IND_FUA_07139,Vasai-Virar,endpoint_supported,4,877,0.00174796950521,0.00120475552925,127052.133447,1.06415439859,1.06430657346,0.000152174872256,0.774000003934
IND_FUA_07139,Vasai-Virar,preexisting_detected_screened,4,877,0.00174796950521,0.0014526871104,356957.356018,1.2623732317,1.26255790798,0.000184676277653,0.774000003934
IND_FUA_07139,Vasai-Virar,joint_supported_screened,4,877,0.00174796950521,0.00110678247434,79547.1052708,1.12978560721,1.12993353654,0.000147929324494,0.774000003934
IND_FUA_07163,Mumbai,ghsl_only,23,3531,0.000751665062646,0.000751665062646,4697571,0.390341067314,0.390403355864,6.22885494259e-05,0.895999997854
IND_FUA_07163,Mumbai,endpoint_supported,23,3531,0.000751665062646,0.000395022382335,1419320.19963,0.35803076616,0.358070252024,3.94858641412e-05,0.895999997854
IND_FUA_07163,Mumbai,preexisting_detected_screened,23,3531,0.000751665062646,0.00083380526026,3281990.28695,0.360035031785,0.360095209272,6.01774867961e-05,0.895999997854
IND_FUA_07163,Mumbai,joint_supported_screened,23,3531,0.000751665062646,0.000343621537611,916929.828708,0.323088876042,0.323116613125,2.7737082999e-05,0.895999997854
IND_FUA_07320,Jaipur,ghsl_only,0,0,0,0,13604265,0.000276898457947,0.000276898457947,0,0
IND_FUA_07320,Jaipur,endpoint_supported,0,0,0,0,4189200.42996,6.64352769456e-05,6.64352769456e-05,0,0
IND_FUA_07320,Jaipur,preexisting_detected_screened,0,0,0,0,12163184.037,0.000267556831998,0.000267556831998,0,0
IND_FUA_07320,Jaipur,joint_supported_screened,0,0,0,0,3514418.71429,5.52384571532e-05,5.52384571532e-05,0,0
IND_FUA_07466,Delhi [New Delhi],ghsl_only,40,15152,0.000294679718328,0.000294679718328,51418537,0.298629598494,0.298641808137,1.22096431729e-05,0.891999997199
IND_FUA_07466,Delhi [New Delhi],endpoint_supported,40,15152,0.000294679718328,0.000251017907778,17262569.2666,0.308400866156,0.308409790676,8.92452055223e-06,0.891999997199
IND_FUA_07466,Delhi [New Delhi],preexisting_detected_screened,40,15152,0.000294679718328,0.000197579249517,40362719.9849,0.291219217591,0.291229799808,1.05822164167e-05,0.891999997199
IND_FUA_07466,Delhi [New Delhi],joint_supported_screened,40,15152,0.000294679718328,0.000107287699661,12654723.4553,0.305479910367,0.305484787935,4.87756883172e-06,0.891999997199
IND_FUA_07490,Saharanpur,ghsl_only,0,0,0,0,1511249,0,0,0,0
IND_FUA_07490,Saharanpur,endpoint_supported,0,0,0,0,521967.514189,0,0,0,0
IND_FUA_07490,Saharanpur,preexisting_detected_screened,0,0,0,0,1275240.64727,0,0,0,0
IND_FUA_07490,Saharanpur,joint_supported_screened,0,0,0,0,418118.818064,0,0,0,0
IND_FUA_07499,Nashik,ghsl_only,2,117,4.30806097121e-05,4.30806097121e-05,2715839,0.02189109017,0.0218912266652,1.36495208417e-07,0.207000017166
IND_FUA_07499,Nashik,endpoint_supported,2,117,4.30806097121e-05,0,547412.68268,0.0241054726445,0.0241054726445,0,0.207000017166
IND_FUA_07499,Nashik,preexisting_detected_screened,2,117,4.30806097121e-05,5.07274181449e-05,2306445.00112,0.0111759789855,0.0111761397086,1.60723108572e-07,0.207000017166
IND_FUA_07499,Nashik,joint_supported_screened,2,117,4.30806097121e-05,0,391173.198858,0.0069587412905,0.0069587412905,0,0.207000017166
IND_FUA_07581,Dehradun,ghsl_only,0,0,0,0,1480118,0,0,0,0
IND_FUA_07581,Dehradun,endpoint_supported,0,0,0,0,336715.300194,0,0,0,0
IND_FUA_07581,Dehradun,preexisting_detected_screened,0,0,0,0,1194190.3551,0,0,0,0
IND_FUA_07581,Dehradun,joint_supported_screened,0,0,0,0,240531.370354,0,0,0,0
IND_FUA_07601,Kota,ghsl_only,4,681,0.000274239267922,0.000274239267922,2483233,0.0198426661512,0.0198494879234,6.82177223581e-06,0.88599999994
IND_FUA_07601,Kota,endpoint_supported,4,681,0.000274239267922,0.000200981800975,842980.61877,0.00782040968586,0.00782648664527,6.07695940745e-06,0.88599999994
IND_FUA_07601,Kota,preexisting_detected_screened,4,681,0.000274239267922,0.000193052164711,2024966.58012,0.0184905274202,0.0184952361177,4.70869749856e-06,0.88599999994
IND_FUA_07601,Kota,joint_supported_screened,4,681,0.000274239267922,4.48850951765e-05,634385.889833,0.0061106540818,0.00611215869959,1.50461779617e-06,0.88599999994
IND_FUA_07617,Pune,ghsl_only,3,821,5.87884551504e-05,5.87884551504e-05,13965327,0.0559425874298,0.0559519218779,9.33444806561e-06,0.745999991894
IND_FUA_07617,Pune,endpoint_supported,3,821,5.87884551504e-05,1.51229754315e-05,4243809.03051,0.0352772179445,0.0352795444061,2.32646158334e-06,0.745999991894
IND_FUA_07617,Pune,preexisting_detected_screened,3,821,5.87884551504e-05,6.69938036982e-05,12254864.6991,0.051776904042,0.0517875413377,1.06372957027e-05,0.745999991894
IND_FUA_07617,Pune,joint_supported_screened,3,821,5.87884551504e-05,1.8115568247e-05,3542754.98452,0.0309738804631,0.0309766672939,2.78683079119e-06,0.745999991894
IND_FUA_07631,Haridwar,ghsl_only,12,826,0.000435679974598,0.000435679974598,1895887,0.0655888319322,0.0656553794804,6.6547548178e-05,0.895999997854
IND_FUA_07631,Haridwar,endpoint_supported,12,826,0.000435679974598,0.000170046402172,651520.444713,0.0289637201427,0.0289687702599,5.05011727037e-06,0.895999997854
IND_FUA_07631,Haridwar,preexisting_detected_screened,12,826,0.000435679974598,0.000339240121115,1495805.58658,0.0662011390603,0.0662774656987,7.63266383533e-05,0.895999997854
IND_FUA_07631,Haridwar,joint_supported_screened,12,826,0.000435679974598,3.03939936028e-05,481288.681582,0.0202479719631,0.0202522549669,4.28300380336e-06,0.895999997854
IND_FUA_07643,Meerut,ghsl_only,0,0,0,0,6166678,0.119330179136,0.119330179136,0,0
IND_FUA_07643,Meerut,endpoint_supported,0,0,0,0,1881995.42265,0.125715128901,0.125715128901,0,0
IND_FUA_07643,Meerut,preexisting_detected_screened,0,0,0,0,4939394.50873,0.12774750952,0.12774750952,0,0
IND_FUA_07643,Meerut,joint_supported_screened,0,0,0,0,1385253.87071,0.137480413253,0.137480413253,0,0
IND_FUA_07839,Indore,ghsl_only,0,0,0,0,5101697,0.00155752095822,0.00155752095822,0,0
IND_FUA_07839,Indore,endpoint_supported,0,0,0,0,1526393.66989,0.000423054243744,0.000423054243744,0,0
IND_FUA_07839,Indore,preexisting_detected_screened,0,0,0,0,3960701.39475,0.00138657849555,0.00138657849555,0,0
IND_FUA_07839,Indore,joint_supported_screened,0,0,0,0,1079292.66803,0.000246677568569,0.000246677568569,0,0
IND_FUA_07881,Kolhapur,ghsl_only,1,14,2.75744707671e-05,2.75744707671e-05,507716,0.0625100984309,0.062514666836,4.56840515882e-06,0.641000002623
IND_FUA_07881,Kolhapur,endpoint_supported,1,14,2.75744707671e-05,0,69706.4725033,0.0234256881065,0.0234256881065,0,0.641000002623
IND_FUA_07881,Kolhapur,preexisting_detected_screened,1,14,2.75744707671e-05,3.80323892466e-05,368107.296894,0.0743275381401,0.0743338391627,6.30102259093e-06,0.641000002623
IND_FUA_07881,Kolhapur,joint_supported_screened,1,14,2.75744707671e-05,0,42940.5763156,0.0257055490589,0.0257055490589,0,0.641000002623
IND_FUA_07895,Aligarh,ghsl_only,11,1819,0.000533159502037,0.000533159502037,3411737,0.251055282553,0.25106507786,9.79530709744e-06,0.63299998641
IND_FUA_07895,Aligarh,endpoint_supported,11,1819,0.000533159502037,0,1038483.04028,0.20553918497,0.20553918497,0,0.63299998641
IND_FUA_07895,Aligarh,preexisting_detected_screened,11,1819,0.000533159502037,0.000636609499542,2857324.62571,0.259015862782,0.259027558692,1.16959099957e-05,0.63299998641
IND_FUA_07895,Aligarh,joint_supported_screened,11,1819,0.000533159502037,0,794083.458804,0.211511808894,0.211511808894,0,0.63299998641
IND_FUA_07933,Moradabad,ghsl_only,15,3791,0.00160016816328,0.00160016816328,2369126,0.246006518754,0.24601807789,1.15591355974e-05,0.856000006199
IND_FUA_07933,Moradabad,endpoint_supported,15,3791,0.00160016816328,0.0030456951406,795796.897272,0.227937465807,0.227958836043,2.13702364809e-05,0.856000006199
IND_FUA_07933,Moradabad,preexisting_detected_screened,15,3791,0.00160016816328,0.000650892913813,1908027.24802,0.242190876814,0.242194939074,4.06225961794e-06,0.856000006199
IND_FUA_07933,Moradabad,joint_supported_screened,15,3791,0.00160016816328,0.00106883023529,592006.757326,0.229399093532,0.229406572111,7.47857817762e-06,0.856000006199
IND_FUA_07957,Agra,ghsl_only,1,42,1.05011104924e-05,1.05011104924e-05,3999577,0.0987447109449,0.0987450205133,3.09568444615e-07,0.683999985456
IND_FUA_07957,Agra,endpoint_supported,1,42,1.05011104924e-05,0,989931.230905,0.0896744531318,0.0896744531318,0,0.683999985456
IND_FUA_07957,Agra,preexisting_detected_screened,1,42,1.05011104924e-05,1.08342213437e-05,3193746.73807,0.0988567049751,0.0988570243636,3.19388416326e-07,0.683999985456
IND_FUA_07957,Agra,joint_supported_screened,1,42,1.05011104924e-05,0,704131.416926,0.0892967311913,0.0892967311913,0,0.683999985456
IND_FUA_07961,Aurangabad,ghsl_only,0,0,0,0,2253337,0,0,0,0
IND_FUA_07961,Aurangabad,endpoint_supported,0,0,0,0,776049.117829,0,0,0,0
IND_FUA_07961,Aurangabad,preexisting_detected_screened,0,0,0,0,1935695.74762,0,0,0,0
IND_FUA_07961,Aurangabad,joint_supported_screened,0,0,0,0,632913.119441,0,0,0,0
IND_FUA_07996,Sangli,ghsl_only,0,0,0,0,948177,0.257597845414,0.257597845414,0,0
IND_FUA_07996,Sangli,endpoint_supported,0,0,0,0,143578.246395,0.223776749965,0.223776749965,0,0
IND_FUA_07996,Sangli,preexisting_detected_screened,0,0,0,0,854489.779673,0.257153942807,0.257153942807,0,0
IND_FUA_07996,Sangli,joint_supported_screened,0,0,0,0,115147.49146,0.235883043663,0.235883043663,0,0
IND_FUA_08144,Gwalior,ghsl_only,0,0,0,0,2023495,0.000134420890588,0.000134420890588,0,0
IND_FUA_08144,Gwalior,endpoint_supported,0,0,0,0,591650.256133,0,0,0,0
IND_FUA_08144,Gwalior,preexisting_detected_screened,0,0,0,0,1773321.93797,0.00011324953085,0.00011324953085,0,0
IND_FUA_08144,Gwalior,joint_supported_screened,0,0,0,0,505918.558979,0,0,0,0
IND_FUA_08224,Bareilly,ghsl_only,1,2,6.92962515232e-07,6.92962515232e-07,2886159,0.0819063629125,0.081906372119,9.2065020052e-09,0.868000000715
IND_FUA_08224,Bareilly,endpoint_supported,1,2,6.92962515232e-07,0,1131541.84907,0.0685466666457,0.0685466666457,0,0.868000000715
IND_FUA_08224,Bareilly,preexisting_detected_screened,1,2,6.92962515232e-07,8.5024573102e-07,2352261.14879,0.0917257520435,0.0917257633397,1.12961218712e-08,0.868000000715
IND_FUA_08224,Bareilly,joint_supported_screened,1,2,6.92962515232e-07,0,868752.815291,0.0787950410812,0.0787950410812,0,0.868000000715
IND_FUA_08258,Bhopal,ghsl_only,0,0,0,0,3205488,0.00431572353414,0.00431572353414,0,0
IND_FUA_08258,Bhopal,endpoint_supported,0,0,0,0,1054025.65967,0.00204601788448,0.00204601788448,0,0
IND_FUA_08258,Bhopal,preexisting_detected_screened,0,0,0,0,2714101.37727,0.0047616880473,0.0047616880473,0,0
IND_FUA_08258,Bhopal,joint_supported_screened,0,0,0,0,838337.947104,0.00228473049353,0.00228473049353,0,0
IND_FUA_08319,Mangaluru,ghsl_only,17,568,0.000448998724938,0.000448998724938,1265037,0.292770093923,0.292797266063,2.71721394112e-05,0.859999999404
IND_FUA_08319,Mangaluru,endpoint_supported,17,568,0.000448998724938,1.24519414858e-05,251473.455248,0.450175550418,0.450176307756,7.5733863375e-07,0.859999999404
IND_FUA_08319,Mangaluru,preexisting_detected_screened,17,568,0.000448998724938,0.000500104018047,1135666.4861,0.267258731951,0.267288998462,3.02665106724e-05,0.859999999404
IND_FUA_08319,Mangaluru,joint_supported_screened,17,568,0.000448998724938,1.58929164722e-05,197026.943132,0.422379291595,0.422380258217,9.66621924836e-07,0.859999999404
IND_FUA_08341,Solapur,ghsl_only,0,0,0,0,922676,0.00718928025761,0.00718928025761,0,0
IND_FUA_08341,Solapur,endpoint_supported,0,0,0,0,216470.406646,0.00203788848798,0.00203788848798,0,0
IND_FUA_08341,Solapur,preexisting_detected_screened,0,0,0,0,765322.591069,0.00812776054326,0.00812776054326,0,0
IND_FUA_08341,Solapur,joint_supported_screened,0,0,0,0,156036.364697,0.00184954743925,0.00184954743925,0,0
IND_FUA_08419,Farrukhabad,ghsl_only,0,0,0,0,1403000,0.107996034851,0.107996034851,0,0
IND_FUA_08419,Farrukhabad,endpoint_supported,0,0,0,0,557949.052669,0.0680758448118,0.0680758448118,0,0
IND_FUA_08419,Farrukhabad,preexisting_detected_screened,0,0,0,0,1274248.71191,0.115257240597,0.115257240597,0,0
IND_FUA_08419,Farrukhabad,joint_supported_screened,0,0,0,0,495144.492851,0.0729111532494,0.0729111532494,0,0
IND_FUA_08433,Shahjahanpur,ghsl_only,16,19803,0.00859941150722,0.00859941150722,2302832,0.191348261536,0.191378178207,2.99166710966e-05,0.0939999818802
IND_FUA_08433,Shahjahanpur,endpoint_supported,16,19803,0.00859941150722,0.00839212516442,1020548.15589,0.180608488484,0.180638246116,2.97576321684e-05,0.0939999818802
IND_FUA_08433,Shahjahanpur,preexisting_detected_screened,16,19803,0.00859941150722,0.00787206003477,2049324.24859,0.178516361127,0.178543011321,2.6650194613e-05,0.0939999818802
IND_FUA_08433,Shahjahanpur,joint_supported_screened,16,19803,0.00859941150722,0.00778907923279,901742.870627,0.164818147378,0.164845541641,2.73942636197e-05,0.0939999818802
IND_FUA_08497,Kannur,ghsl_only,52,3383,0.00238342326652,0.00238342326652,1419387,0.105496251483,0.105651997189,0.000155745705649,0.891000002623
IND_FUA_08497,Kannur,endpoint_supported,52,3383,0.00238342326652,0.00231227580952,177975.943705,0.0981281551293,0.0983288400465,0.000200684917268,0.891000002623
IND_FUA_08497,Kannur,preexisting_detected_screened,52,3383,0.00238342326652,0.00239565474994,1239368.13962,0.109664691218,0.109798834171,0.000134142953504,0.891000002623
IND_FUA_08497,Kannur,joint_supported_screened,52,3383,0.00238342326652,0.00199132129847,145509.391847,0.0967835330679,0.0969260188012,0.000142485733266,0.891000002623
IND_FUA_08587,Hardoi,ghsl_only,0,0,0,0,866785,0,0,0,0
IND_FUA_08587,Hardoi,endpoint_supported,0,0,0,0,314518.021073,0,0,0,0
IND_FUA_08587,Hardoi,preexisting_detected_screened,0,0,0,0,728042.908703,0,0,0,0
IND_FUA_08587,Hardoi,joint_supported_screened,0,0,0,0,241690.920428,0,0,0,0
IND_FUA_08595,Thalassery,ghsl_only,8,78,6.33341534294e-05,6.33341534294e-05,1231563,0.0132864598182,0.0132890032112,2.5433929583e-06,0.866999998689
IND_FUA_08595,Thalassery,endpoint_supported,8,78,6.33341534294e-05,0,79267.5829963,0.00669105665265,0.00669105665265,0,0.866999998689
IND_FUA_08595,Thalassery,preexisting_detected_screened,8,78,6.33341534294e-05,6.92587897736e-05,1091622.48725,0.0147109883049,0.0147137716705,2.7833656436e-06,0.866999998689
IND_FUA_08595,Thalassery,joint_supported_screened,8,78,6.33341534294e-05,0,58021.4979407,0.00903356007029,0.00903356007029,0,0.866999998689
IND_FUA_08673,Kozhikode,ghsl_only,12,531,0.00033002705476,0.00033002705476,1608959,0.20172212835,0.201754577973,3.24496233126e-05,0.724000006914
IND_FUA_08673,Kozhikode,endpoint_supported,12,531,0.00033002705476,0.000107141816104,205816.069315,0.186907671503,0.186911234367,3.56286465239e-06,0.724000006914
IND_FUA_08673,Kozhikode,preexisting_detected_screened,12,531,0.00033002705476,0.000377925452738,1296110.51261,0.209123739774,0.20916298532,3.92455466637e-05,0.724000006914
IND_FUA_08673,Kozhikode,joint_supported_screened,12,531,0.00033002705476,4.84099190283e-05,137681.471407,0.194431846093,0.194433483207,1.63711391102e-06,0.724000006914
IND_FUA_08674,Guruvayur,ghsl_only,21,1304,0.000444496559924,0.000444496559924,2933656,0.197696826834,0.197755112154,5.82853206272e-05,0.873999997973
IND_FUA_08674,Guruvayur,endpoint_supported,21,1304,0.000444496559924,0.000112233613695,351000.354285,0.221317893786,0.221334308618,1.64148314111e-05,0.873999997973
IND_FUA_08674,Guruvayur,preexisting_detected_screened,21,1304,0.000444496559924,0.000492948037589,2645309.24269,0.205163795168,0.205228433766,6.46385979417e-05,0.873999997973
IND_FUA_08674,Guruvayur,joint_supported_screened,21,1304,0.000444496559924,0.000139276786382,282847.121856,0.249377904026,0.249398274081,2.03700557496e-05,0.873999997973
IND_FUA_08675,Malappuram,ghsl_only,4,143,0.000107041135983,0.000107041135983,1335935,0.415633804674,0.415652757998,1.89533239862e-05,0.541000008583
IND_FUA_08675,Malappuram,endpoint_supported,4,143,0.000107041135983,3.10716652138e-05,118753.302446,0.575723208479,0.575727896591,4.68811244303e-06,0.541000008583
IND_FUA_08675,Malappuram,preexisting_detected_screened,4,143,0.000107041135983,0.00011056136332,1293399.39112,0.400932458029,0.400952034665,1.95766358429e-05,0.541000008583
IND_FUA_08675,Malappuram,joint_supported_screened,4,143,0.000107041135983,3.51243027544e-05,105051.561662,0.501984084965,0.501989384542,5.29957695095e-06,0.541000008583
IND_FUA_08686,Lakhimpur,ghsl_only,0,0,0,0,577485,0.00575193472529,0.00575193472529,0,0
IND_FUA_08686,Lakhimpur,endpoint_supported,0,0,0,0,168713.951573,0.00447585279499,0.00447585279499,0,0
IND_FUA_08686,Lakhimpur,preexisting_detected_screened,0,0,0,0,457318.714461,0.00725163664724,0.00725163664724,0,0
IND_FUA_08686,Lakhimpur,joint_supported_screened,0,0,0,0,113310.353554,0.00664331712887,0.00664331712887,0,0
IND_FUA_08722,Kanpur,ghsl_only,5,1285,0.000124020108437,0.000124020108437,10361223,0.198207157542,0.198207403974,2.46432476814e-07,0.802000001073
IND_FUA_08722,Kanpur,endpoint_supported,5,1285,0.000124020108437,1.81381555602e-05,3661683.02497,0.17333341845,0.173333425853,7.4033300046e-09,0.802000001073
IND_FUA_08722,Kanpur,preexisting_detected_screened,5,1285,0.000124020108437,0.000136299110086,9427794.49691,0.198445510912,0.198445781743,2.70831300747e-07,0.802000001073
IND_FUA_08722,Kanpur,joint_supported_screened,5,1285,0.000124020108437,2.0380566836e-05,3258799.2696,0.171551486972,0.17155149529,8.31860008654e-09,0.802000001073
IND_FUA_08848,Lucknow,ghsl_only,3,250,1.25130767909e-05,1.25130767909e-05,19979099,0.394595975685,0.394597536171,1.56048588901e-06,0.898000001907
IND_FUA_08848,Lucknow,endpoint_supported,3,250,1.25130767909e-05,5.2820283205e-08,7020333.58566,0.408864502296,0.408864530118,2.78220061989e-08,0.898000001907
IND_FUA_08848,Lucknow,preexisting_detected_screened,3,250,1.25130767909e-05,1.22218952282e-05,17845027.6479,0.400417640739,0.40041869496,1.05422123392e-06,0.898000001907
IND_FUA_08848,Lucknow,joint_supported_screened,3,250,1.25130767909e-05,2.26613022116e-08,6049124.87951,0.42224994098,0.422249952917,1.19363785522e-08,0.898000001907
IND_FUA_08896,Mysuru,ghsl_only,0,0,0,0,1690295,0.00211874735623,0.00211874735623,0,0
IND_FUA_08896,Mysuru,endpoint_supported,0,0,0,0,324600.94265,0.000412376943639,0.000412376943639,0,0
IND_FUA_08896,Mysuru,preexisting_detected_screened,0,0,0,0,1474803.13287,0.00242825061956,0.00242825061956,0,0
IND_FUA_08896,Mysuru,joint_supported_screened,0,0,0,0,254661.446106,0.00052561527777,0.00052561527777,0,0
IND_FUA_08900,Kochi,ghsl_only,161,22186,0.00306293301584,0.00306293301584,7243384,0.270274356789,0.270704325992,0.000429969203358,0.89999999851
IND_FUA_08900,Kochi,endpoint_supported,161,22186,0.00306293301584,0.00202808902198,1407983.05066,0.279361913182,0.279649634741,0.000287721559747,0.89999999851
IND_FUA_08900,Kochi,preexisting_detected_screened,161,22186,0.00306293301584,0.0033283485058,5803048.98697,0.298161559452,0.298646507531,0.000484948079328,0.89999999851
IND_FUA_08900,Kochi,joint_supported_screened,161,22186,0.00306293301584,0.00236803110266,991106.644595,0.327649392602,0.328002048155,0.000352655553928,0.89999999851
IND_FUA_08952,Nagpur,ghsl_only,0,0,0,0,4179117,0.0077244680026,0.0077244680026,0,0
IND_FUA_08952,Nagpur,endpoint_supported,0,0,0,0,1494934.35402,0.00188368771564,0.00188368771564,0,0
IND_FUA_08952,Nagpur,preexisting_detected_screened,0,0,0,0,3674956.19036,0.00790540254689,0.00790540254689,0,0
IND_FUA_08952,Nagpur,joint_supported_screened,0,0,0,0,1307875.00361,0.00169183640847,0.00169183640847,0,0
IND_FUA_08997,Kollam,ghsl_only,102,8127,0.00454348258751,0.00454348258751,1788716,0.187054371828,0.187469382414,0.000415010585853,0.89999999851
IND_FUA_08997,Kollam,endpoint_supported,102,8127,0.00454348258751,0.00202329396824,212756.75686,0.115871025788,0.115959786081,8.87602924624e-05,0.89999999851
IND_FUA_08997,Kollam,preexisting_detected_screened,102,8127,0.00454348258751,0.00486877887769,1481843.68981,0.216646393356,0.217078203904,0.000431810547468,0.89999999851
IND_FUA_08997,Kollam,joint_supported_screened,102,8127,0.00454348258751,0.00224933252017,169871.663928,0.133227635726,0.133333421629,0.000105785902323,0.89999999851
IND_FUA_09007,Jabalpur,ghsl_only,2,49,2.97259029091e-05,2.97259029091e-05,1648394,0.0248239359455,0.0248248175468,8.81601237256e-07,0.804000005126
IND_FUA_09007,Jabalpur,endpoint_supported,2,49,2.97259029091e-05,0,478529.324112,0.0183180965251,0.0183180965251,0,0.804000005126
IND_FUA_09007,Jabalpur,preexisting_detected_screened,2,49,2.97259029091e-05,3.59253834671e-05,1363938.12038,0.024270116148,0.0242711816114,1.06546343135e-06,0.804000005126
IND_FUA_09007,Jabalpur,joint_supported_screened,2,49,2.97259029091e-05,0,371556.826697,0.0163736936983,0.0163736936983,0,0.804000005126
IND_FUA_09013,Ettumanoor,ghsl_only,9,3146,0.00124503578587,0.00124503578587,2526835,0.27688665969,0.277026374657,0.000139714966309,0.850999996066
IND_FUA_09013,Ettumanoor,endpoint_supported,9,3146,0.00124503578587,0.00226706752579,163114.832316,0.208498189161,0.208715518046,0.00021732888517,0.850999996066
IND_FUA_09013,Ettumanoor,preexisting_detected_screened,9,3146,0.00124503578587,0.00132242189479,2378968.47624,0.284307337574,0.284455736626,0.000148399052118,0.850999996066
IND_FUA_09013,Ettumanoor,joint_supported_screened,9,3146,0.00124503578587,0.00260289445668,142069.663397,0.226716091752,0.226965614161,0.000249522409037,0.850999996066
IND_FUA_09045,Hyderabad,ghsl_only,1,5,2.68473356328e-07,2.68473356328e-07,18623822,0.00988807344949,0.00988810138898,2.79394925026e-08,0.824000000954
IND_FUA_09045,Hyderabad,endpoint_supported,1,5,2.68473356328e-07,4.53926549363e-08,5994778.97649,0.00715316826765,0.00715317299158,4.72392404187e-09,0.824000000954
IND_FUA_09045,Hyderabad,preexisting_detected_screened,1,5,2.68473356328e-07,2.82092514617e-07,15909360.5989,0.00889198304395,0.00889201240077,2.93568114384e-08,0.824000000954
IND_FUA_09045,Hyderabad,joint_supported_screened,1,5,2.68473356328e-07,5.06742707879e-08,4819983.32557,0.00661750604962,0.00661751132319,5.27357138166e-09,0.824000000954
IND_FUA_09069,Coimbatore,ghsl_only,0,0,0,0,7721634,0.00103600101274,0.00103600101274,0,0
IND_FUA_09069,Coimbatore,endpoint_supported,0,0,0,0,2301982.22684,0.00052325453911,0.00052325453911,0,0
IND_FUA_09069,Coimbatore,preexisting_detected_screened,0,0,0,0,6726431.6307,0.000900743681843,0.000900743681843,0,0
IND_FUA_09069,Coimbatore,joint_supported_screened,0,0,0,0,1858024.2159,0.000345343479615,0.000345343479615,0,0
IND_FUA_09099,Bengaluru,ghsl_only,0,0,0,0,26136148,0.00544828966072,0.00544828966072,0,0
IND_FUA_09099,Bengaluru,endpoint_supported,0,0,0,0,7415752.37312,0.00226429703727,0.00226429703727,0,0
IND_FUA_09099,Bengaluru,preexisting_detected_screened,0,0,0,0,23166882.1924,0.00582754096019,0.00582754096019,0,0
IND_FUA_09099,Bengaluru,joint_supported_screened,0,0,0,0,6183908.92009,0.00240212071217,0.00240212071217,0,0
IND_FUA_09129,Gonda,ghsl_only,0,0,0,0,1208202,0.00221750516778,0.00221750516778,0,0
IND_FUA_09129,Gonda,endpoint_supported,0,0,0,0,367713.278854,0.000946278625001,0.000946278625001,0,0
IND_FUA_09129,Gonda,preexisting_detected_screened,0,0,0,0,1147259.52423,0.00231427580858,0.00231427580858,0,0
IND_FUA_09129,Gonda,joint_supported_screened,0,0,0,0,339474.120938,0.00102370979765,0.00102370979765,0,0
IND_FUA_09157,Thiruvananthapuram,ghsl_only,3,40,1.62738233517e-05,1.62738233517e-05,2457935,0.0327939588029,0.0327945766353,6.17832384205e-07,0.887999996543
IND_FUA_09157,Thiruvananthapuram,endpoint_supported,3,40,1.62738233517e-05,0,466179.317877,0.0122429176832,0.0122429176832,0,0.887999996543
IND_FUA_09157,Thiruvananthapuram,preexisting_detected_screened,3,40,1.62738233517e-05,2.16067548251e-05,1798335.73763,0.0310922888501,0.0310931154318,8.26581706085e-07,0.887999996543
IND_FUA_09157,Thiruvananthapuram,joint_supported_screened,3,40,1.62738233517e-05,0,291474.168228,0.00889036132384,0.00889036132384,0,0.887999996543
IND_FUA_09165,Tiruppur,ghsl_only,0,0,0,0,5777389,0.00549100226698,0.00549100226698,0,0
IND_FUA_09165,Tiruppur,endpoint_supported,0,0,0,0,1644134.13874,0.00550715242241,0.00550715242241,0,0
IND_FUA_09165,Tiruppur,preexisting_detected_screened,0,0,0,0,5214331.97512,0.00455890789751,0.00455890789751,0,0
IND_FUA_09165,Tiruppur,joint_supported_screened,0,0,0,0,1386059.16348,0.00469754512284,0.00469754512284,0,0
IND_FUA_09195,Faizabad,ghsl_only,29,1186,0.000547481561735,0.000547481561735,2166283,0.221428398881,0.221428987753,5.88872327262e-07,0.0390000343323
IND_FUA_09195,Faizabad,endpoint_supported,29,1186,0.000547481561735,6.75206746704e-05,714807.795066,0.134829165643,0.134829211389,4.57458734782e-08,0.0390000343323
IND_FUA_09195,Faizabad,preexisting_detected_screened,29,1186,0.000547481561735,0.000625387094186,1896425.44758,0.235932847751,0.235933520418,6.72667682972e-07,0.0390000343323
IND_FUA_09195,Faizabad,joint_supported_screened,29,1186,0.000547481561735,8.14872921169e-05,592292.409389,0.145895914108,0.145895969316,5.52083842809e-08,0.0390000343323
IND_FUA_09258,Sultanpur,ghsl_only,0,0,0,0,1832581,0.582127094723,0.582127094723,0,0
IND_FUA_09258,Sultanpur,endpoint_supported,0,0,0,0,495482.16008,0.423681680583,0.423681680583,0,0
IND_FUA_09258,Sultanpur,preexisting_detected_screened,0,0,0,0,1683468.34912,0.602403818433,0.602403818433,0,0
IND_FUA_09258,Sultanpur,joint_supported_screened,0,0,0,0,413211.481871,0.430523775192,0.430523775192,0,0
IND_FUA_09266,Erode,ghsl_only,1,407,0.000122845487843,0.000122845487843,3313105,0.0104591854938,0.0104851083983,2.59229044716e-05,0.516999989748
IND_FUA_09266,Erode,endpoint_supported,1,407,0.000122845487843,6.6946108462e-05,452535.520275,0.00760280194542,0.00761692894027,1.41269948524e-05,0.516999989748
IND_FUA_09266,Erode,preexisting_detected_screened,1,407,0.000122845487843,8.31041221618e-05,3087017.70063,0.00877326807055,0.00879080473598,1.75366654309e-05,0.516999989748
IND_FUA_09266,Erode,joint_supported_screened,1,407,0.000122845487843,5.16890713848e-05,369442.247016,0.00590563954624,0.00591654699496,1.09074487249e-05,0.516999989748
IND_FUA_09282,Prayagraj,ghsl_only,1,155,6.78741849077e-05,6.78741849077e-05,2283637,0.173608524519,0.173611009199,2.48468009054e-06,0.580000013113
IND_FUA_09282,Prayagraj,endpoint_supported,1,155,6.78741849077e-05,1.70084947359e-06,737315.760377,0.149464183561,0.149464245824,6.22632423397e-08,0.580000013113
IND_FUA_09282,Prayagraj,preexisting_detected_screened,1,155,6.78741849077e-05,7.87132686052e-05,1969172.45017,0.139256148384,0.139259029852,2.88146799307e-06,0.580000013113
IND_FUA_09282,Prayagraj,joint_supported_screened,1,155,6.78741849077e-05,2.16787680454e-06,578475.271418,0.112481626297,0.112481705657,7.93597793175e-08,0.580000013113
IND_FUA_09368,Salem,ghsl_only,0,0,0,0,4170866,0.000220337934616,0.000220337934616,0,0
IND_FUA_09368,Salem,endpoint_supported,0,0,0,0,547105.474179,0,0,0,0
IND_FUA_09368,Salem,preexisting_detected_screened,0,0,0,0,3967541.93366,0.000226272902465,0.000226272902465,0,0
IND_FUA_09368,Salem,joint_supported_screened,0,0,0,0,482588.122076,0,0,0,0
IND_FUA_09444,Madurai,ghsl_only,2,32,1.62078494615e-05,1.62078494615e-05,1974352,0.159789639337,0.159791030502,1.39116513512e-06,0.855000004172
IND_FUA_09444,Madurai,endpoint_supported,2,32,1.62078494615e-05,7.25403672151e-07,425768.814345,0.170453729044,0.170453738538,9.49316547594e-09,0.855000004172
IND_FUA_09444,Madurai,preexisting_detected_screened,2,32,1.62078494615e-05,1.77410713072e-05,1803724.21968,0.144228337196,0.144229859962,1.52276586238e-06,0.855000004172
IND_FUA_09444,Madurai,joint_supported_screened,2,32,1.62078494615e-05,8.38746959838e-07,368232.942952,0.141737555713,0.141737566689,1.09764589917e-08,0.855000004172
IND_FUA_09500,Gorakhpur,ghsl_only,218,48853,0.0144150476184,0.0144150476184,3389028,0.63131563978,0.632275822743,0.000960182963594,0.957999944687
IND_FUA_09500,Gorakhpur,endpoint_supported,218,48853,0.0144150476184,0.0196551883687,822632.552388,0.59273851258,0.593980932668,0.00124242008804,0.957999944687
IND_FUA_09500,Gorakhpur,preexisting_detected_screened,218,48853,0.0144150476184,0.0143226680224,3180113.81364,0.621306741565,0.622226837933,0.000920096368177,0.957999944687
IND_FUA_09500,Gorakhpur,joint_supported_screened,218,48853,0.0144150476184,0.0197631168574,724776.466103,0.582650992448,0.583805658222,0.0011546657747,0.957999944687
IND_FUA_09544,Tiruchirappalli,ghsl_only,3,66,3.29555758837e-05,3.29555758837e-05,2002696,0.638437758461,0.638446127314,8.36885327249e-06,0.891000002623
IND_FUA_09544,Tiruchirappalli,endpoint_supported,3,66,3.29555758837e-05,5.89916846077e-07,380230.229628,0.532027569879,0.532027832343,2.62463838996e-07,0.891000002623
IND_FUA_09544,Tiruchirappalli,preexisting_detected_screened,3,66,3.29555758837e-05,3.81836814294e-05,1728487.07954,0.687356549711,0.687366246208,9.6964965326e-06,0.891000002623
IND_FUA_09544,Tiruchirappalli,joint_supported_screened,3,66,3.29555758837e-05,7.52465207601e-07,298092.477339,0.607237455806,0.607237790591,3.34784314826e-07,0.891000002623
IND_FUA_09562,Varanasi,ghsl_only,9,1106,0.000105986655264,0.000105986655264,10435276,0.172267711967,0.172278883211,1.11712444667e-05,0.879000000656
IND_FUA_09562,Varanasi,endpoint_supported,9,1106,0.000105986655264,2.37136936119e-05,2441970.21601,0.197314997678,0.197317452577,2.45489854966e-06,0.879000000656
IND_FUA_09562,Varanasi,preexisting_detected_screened,9,1106,0.000105986655264,0.000110878151015,9756609.99529,0.164763652492,0.164775567426,1.19149337343e-05,0.879000000656
IND_FUA_09562,Varanasi,joint_supported_screened,9,1106,0.000105986655264,2.51295569388e-05,2112978.26678,0.19118715125,0.191189957751,2.80650118356e-06,0.879000000656
IND_FUA_09564,Durg,ghsl_only,1,29,3.91699747286e-05,3.91699747286e-05,740363,0.207769945407,0.207774869633,4.92422584422e-06,0.308000028133
IND_FUA_09564,Durg,endpoint_supported,1,29,3.91699747286e-05,0,203330.742307,0.134453140158,0.134453140158,0,0.308000028133
IND_FUA_09564,Durg,preexisting_detected_screened,1,29,3.91699747286e-05,5.41546170095e-05,535503.740982,0.238120857223,0.238127665233,6.80800961736e-06,0.308000028133
IND_FUA_09564,Durg,joint_supported_screened,1,29,3.91699747286e-05,0,132305.067948,0.162667200342,0.162667200342,0,0.308000028133
IND_FUA_09570,Vellore,ghsl_only,0,0,0,0,1847021,0.127382350444,0.127382350444,0,0
IND_FUA_09570,Vellore,endpoint_supported,0,0,0,0,329564.084122,0.140653301472,0.140653301472,0,0
IND_FUA_09570,Vellore,preexisting_detected_screened,0,0,0,0,1623179.30729,0.12046202848,0.12046202848,0,0
IND_FUA_09570,Vellore,joint_supported_screened,0,0,0,0,253867.809978,0.132217347954,0.132217347954,0,0
IND_FUA_09620,Raipur,ghsl_only,2,9,2.96150244258e-06,2.96150244258e-06,3038998,0.0900126388422,0.0900126964035,5.75612656289e-08,0.833000004292
IND_FUA_09620,Raipur,endpoint_supported,2,9,2.96150244258e-06,6.74370418911e-08,889296.734919,0.0529322897039,0.0529322905297,8.25759689793e-10,0.833000004292
IND_FUA_09620,Raipur,preexisting_detected_screened,2,9,2.96150244258e-06,3.71858627037e-06,2420274.62741,0.103174504246,0.103174576522,7.22763314198e-08,0.833000004292
IND_FUA_09620,Raipur,joint_supported_screened,2,9,2.96150244258e-06,8.7996631764e-08,681520.871471,0.0618338457992,0.0618338468767,1.07750976891e-09,0.833000004292
IND_FUA_09710,Bilaspur,ghsl_only,0,0,0,0,1698534,0.0520772557796,0.0520772557796,0,0
IND_FUA_09710,Bilaspur,endpoint_supported,0,0,0,0,430240.303216,0.0339751564799,0.0339751564799,0,0
IND_FUA_09710,Bilaspur,preexisting_detected_screened,0,0,0,0,1534475.29499,0.0519064325298,0.0519064325298,0,0
IND_FUA_09710,Bilaspur,joint_supported_screened,0,0,0,0,370964.427958,0.0298417109035,0.0298417109035,0,0
IND_FUA_09782,Kuchai Kot,ghsl_only,1,2,4.56665837057e-07,4.56665837057e-07,4379570,0.165672418823,0.165672642874,2.24051287523e-07,0.792999997735
IND_FUA_09782,Kuchai Kot,endpoint_supported,1,2,4.56665837057e-07,6.61514516927e-08,1030864.93806,0.122434285816,0.122434318272,3.24554996767e-08,0.792999997735
IND_FUA_09782,Kuchai Kot,preexisting_detected_screened,1,2,4.56665837057e-07,4.63774232727e-07,4312443.12182,0.167385483454,0.167385710993,2.27538838105e-07,0.792999997735
IND_FUA_09782,Kuchai Kot,joint_supported_screened,1,2,4.56665837057e-07,6.84469278927e-08,996293.248668,0.125411223188,0.12541125677,3.35817157138e-08,0.792999997735
IND_FUA_09794,Vijayawada,ghsl_only,2,329,0.00011889111092,0.00011889111092,2767238,1.0889544976,1.0889608754,6.37780513979e-06,0.72499999404
IND_FUA_09794,Vijayawada,endpoint_supported,2,329,0.00011889111092,1.38781268718e-05,958002.527525,0.938935935713,0.93893765546,1.71974771523e-06,0.72499999404
IND_FUA_09794,Vijayawada,preexisting_detected_screened,2,329,0.00011889111092,0.000101631873491,2385401.06637,1.10993682035,1.1099419956,5.17524976118e-06,0.72499999404
IND_FUA_09794,Vijayawada,joint_supported_screened,2,329,0.00011889111092,1.16466567333e-05,796996.577711,0.943808467266,0.943809822906,1.35564006798e-06,0.72499999404
IND_FUA_09834,Puducherry,ghsl_only,1,30,4.90288207751e-05,4.90288207751e-05,611885,0.608600238062,0.608613239038,1.3000975846e-05,0.645999997854
IND_FUA_09834,Puducherry,endpoint_supported,1,30,4.90288207751e-05,0,135387.552025,0.474674059148,0.474674059148,0,0.645999997854
IND_FUA_09834,Puducherry,preexisting_detected_screened,1,30,4.90288207751e-05,6.28531582018e-05,477302.98458,0.639266914917,0.639283581693,1.66667763717e-05,0.645999997854
IND_FUA_09834,Puducherry,joint_supported_screened,1,30,4.90288207751e-05,0,90516.471629,0.484074214936,0.484074214936,0,0.645999997854
IND_FUA_09850,Chennai,ghsl_only,16,2289,0.000238079438445,0.000238079438445,9614438,0.544793613851,0.544813351119,1.97372683965e-05,0.841999992728
IND_FUA_09850,Chennai,endpoint_supported,16,2289,0.000238079438445,0.000171018756532,3100695.61498,0.588077958061,0.588086596425,8.6383631428e-06,0.841999992728
IND_FUA_09850,Chennai,preexisting_detected_screened,16,2289,0.000238079438445,0.000212974443918,6646936.62231,0.554322677949,0.554347393585,2.47156365891e-05,0.841999992728
IND_FUA_09850,Chennai,joint_supported_screened,16,2289,0.000238079438445,0.000104002921631,2030567.37962,0.615498909896,0.615505634693,6.72479763386e-06,0.841999992728
IND_FUA_10007,Muzaffarpur,ghsl_only,4,156,3.422587542e-05,3.422587542e-05,4557955,0.569568380655,0.569577300182,8.91952671334e-06,0.898999996483
IND_FUA_10007,Muzaffarpur,endpoint_supported,4,156,3.422587542e-05,1.27089766965e-05,941040.155697,0.464552492882,0.464556707738,4.21485643842e-06,0.898999996483
IND_FUA_10007,Muzaffarpur,preexisting_detected_screened,4,156,3.422587542e-05,3.49492393444e-05,4463616.45993,0.570492511424,0.570501619465,9.1080409228e-06,0.898999996483
IND_FUA_10007,Muzaffarpur,joint_supported_screened,4,156,3.422587542e-05,1.3189782641e-05,906736.504671,0.464451859107,0.46445623342,4.37431286676e-06,0.898999996483
IND_FUA_10017,Patna,ghsl_only,4,1500,0.000560287913282,0.000560287913282,2677195,1.43394084792,1.43396371792,2.28700032032e-05,0.894000001252
IND_FUA_10017,Patna,endpoint_supported,4,1500,0.000560287913282,0.00100766565333,830902.15817,1.30755588898,1.3075846189,2.87299167119e-05,0.894000001252
IND_FUA_10017,Patna,preexisting_detected_screened,4,1500,0.000560287913282,0.000232903233743,2411745.01354,1.4522429963,1.45224730681,4.31051229577e-06,0.894000001252
IND_FUA_10017,Patna,joint_supported_screened,4,1500,0.000560287913282,0.000412801627546,706343.88566,1.35924929619,1.35925340496,4.10876574142e-06,0.894000001252
IND_FUA_10065,Gaya,ghsl_only,0,0,0,0,789658,0.038154713871,0.038154713871,0,0
IND_FUA_10065,Gaya,endpoint_supported,0,0,0,0,191228.043623,0.0193074084297,0.0193074084297,0,0
IND_FUA_10065,Gaya,preexisting_detected_screened,0,0,0,0,756950.53651,0.0391117265564,0.0391117265564,0,0
IND_FUA_10065,Gaya,joint_supported_screened,0,0,0,0,179297.349103,0.0203819435349,0.0203819435349,0,0
IND_FUA_10142,Visakhapatnam,ghsl_only,0,0,0,0,7311928,0.00962895489649,0.00962895489649,0,0
IND_FUA_10142,Visakhapatnam,endpoint_supported,0,0,0,0,2896948.26552,0.00303253201332,0.00303253201332,0,0
IND_FUA_10142,Visakhapatnam,preexisting_detected_screened,0,0,0,0,6328094.24351,0.0103806362583,0.0103806362583,0,0
IND_FUA_10142,Visakhapatnam,joint_supported_screened,0,0,0,0,2443744.13581,0.00281367986182,0.00281367986182,0,0
IND_FUA_10152,Begusarai,ghsl_only,0,0,0,0,345601,1.07883885621,1.07883885621,0,0
IND_FUA_10152,Begusarai,endpoint_supported,0,0,0,0,63778.1527276,0.910923576312,0.910923576312,0,0
IND_FUA_10152,Begusarai,preexisting_detected_screened,0,0,0,0,316340.703104,1.10057506584,1.10057506584,0,0
IND_FUA_10152,Begusarai,joint_supported_screened,0,0,0,0,53184.3981753,0.94998640489,0.94998640489,0,0
IND_FUA_10168,Ranchi,ghsl_only,0,0,0,0,3981456,0.000414208484833,0.000414208484833,0,0
IND_FUA_10168,Ranchi,endpoint_supported,0,0,0,0,717198.078032,0.00032986306516,0.00032986306516,0,0
IND_FUA_10168,Ranchi,preexisting_detected_screened,0,0,0,0,3731277.97516,0.000312735533389,0.000312735533389,0,0
IND_FUA_10168,Ranchi,joint_supported_screened,0,0,0,0,620634.074086,9.5484522393e-05,9.5484522393e-05,0,0
IND_FUA_10243,Dhanbad,ghsl_only,107,12761,0.00405307331327,0.00405307331327,3148475,0.0181111937864,0.0184414998084,0.000330306022022,14.1829996109
IND_FUA_10243,Dhanbad,endpoint_supported,107,12761,0.00405307331327,0.000179220313942,588179.257937,0.00152129776411,0.00154451505768,2.32172935657e-05,14.1829996109
IND_FUA_10243,Dhanbad,preexisting_detected_screened,107,12761,0.00405307331327,0.00416140759754,2754788.74678,0.0191340769925,0.0194845013462,0.000350424353745,14.1829996109
IND_FUA_10243,Dhanbad,joint_supported_screened,107,12761,0.00405307331327,0.000195468830527,474796.570795,0.00166957551517,0.00169752703283,2.79515176661e-05,14.1829996109
IND_FUA_10285,Jamshedpur,ghsl_only,6,627,0.00117314233753,0.00117314233753,534462,0.184731753032,0.184897434162,0.000165681129792,0.894000001252
IND_FUA_10285,Jamshedpur,endpoint_supported,6,627,0.00117314233753,0.000662216559154,147671.490941,0.146768765454,0.146822208535,5.34430809707e-05,0.894000001252
IND_FUA_10285,Jamshedpur,preexisting_detected_screened,6,627,0.00117314233753,0.00109086147329,355303.26924,0.236427292563,0.236620144847,0.000192852284212,0.894000001252
IND_FUA_10285,Jamshedpur,joint_supported_screened,6,627,0.00117314233753,0.00013927224045,91900.3536365,0.208898931103,0.208917179287,1.8248183924e-05,0.894000001252
IND_FUA_10313,Asansol,ghsl_only,104,7275,0.00511430381144,0.00511430381144,1422481,0.018007591621,0.01817609678,0.000168505158956,10.7550001144
IND_FUA_10313,Asansol,endpoint_supported,104,7275,0.00511430381144,0.00315376768956,244128.98651,0.00920304946609,0.00931606610153,0.000113016635438,10.7550001144
IND_FUA_10313,Asansol,preexisting_detected_screened,104,7275,0.00511430381144,0.00454597238693,1182468.78514,0.0174219048221,0.0175765387663,0.000154633944194,10.7550001144
IND_FUA_10313,Asansol,joint_supported_screened,104,7275,0.00511430381144,0.00215738425013,161881.801107,0.00651893178658,0.00659474101551,7.58092289243e-05,10.7550001144
IND_FUA_10354,Bhubaneshwar,ghsl_only,4,66,4.55044687457e-05,4.55044687457e-05,1450407,0.346809920684,0.346818574742,8.65405802514e-06,0.865999996662
IND_FUA_10354,Bhubaneshwar,endpoint_supported,4,66,4.55044687457e-05,7.64601335312e-06,371413.2614,0.330575316522,0.330577668397,2.35187495562e-06,0.865999996662
IND_FUA_10354,Bhubaneshwar,preexisting_detected_screened,4,66,4.55044687457e-05,6.10701776447e-05,1080723.89086,0.391135832382,0.391147446732,1.16143507552e-05,0.865999996662
IND_FUA_10354,Bhubaneshwar,joint_supported_screened,4,66,4.55044687457e-05,1.07882599004e-05,263233.439164,0.386697150774,0.386700469188,3.31841406792e-06,0.865999996662
IND_FUA_10432,Berhampore,ghsl_only,8,162,0.000627809641916,0.000627809641916,258040,0.774709514047,0.774729768376,2.02543283229e-05,0.868000000715
IND_FUA_10432,Berhampore,endpoint_supported,8,162,0.000627809641916,0.00441592436205,17349.0638936,0.614883977154,0.61493477253,5.07953765093e-05,0.868000000715
IND_FUA_10432,Berhampore,preexisting_detected_screened,8,162,0.000627809641916,0.000120760080048,231864.702216,0.790232087678,0.790248056122,1.59684448746e-05,0.868000000715
IND_FUA_10432,Berhampore,joint_supported_screened,8,162,0.000627809641916,1.52744456449e-05,12169.7407799,0.628225325918,0.628226320056,9.94137835608e-07,0.868000000715
IND_FUA_10441,Tamluk,ghsl_only,505,62973,0.0217358664059,0.0217358664059,2897193,0.577415816203,0.578736033139,0.00132021693601,0.89999999851
IND_FUA_10441,Tamluk,endpoint_supported,505,62973,0.0217358664059,0.0357926567253,236631.720989,0.608341359635,0.609966877964,0.00162551832881,0.89999999851
IND_FUA_10441,Tamluk,preexisting_detected_screened,505,62973,0.0217358664059,0.0220423043364,2782249.81092,0.580271298075,0.581583956764,0.00131265868888,0.89999999851
IND_FUA_10441,Tamluk,joint_supported_screened,505,62973,0.0217358664059,0.0379775986077,212983.245048,0.606800325165,0.608371529207,0.00157120404206,0.89999999851
IND_FUA_10452,Kolkata,ghsl_only,726,111785,0.0105915843024,0.0105915843024,10554134,0.508989180591,0.510516662832,0.00152748224011,0.89999999851
IND_FUA_10452,Kolkata,endpoint_supported,726,111785,0.0105915843024,0.00520599944215,1266221.48342,0.541797516163,0.542381767776,0.000584251612183,0.89999999851
IND_FUA_10452,Kolkata,preexisting_detected_screened,726,111785,0.0105915843024,0.0114175914603,8574009.5089,0.515392426177,0.517104834173,0.0017124079957,0.89999999851
IND_FUA_10452,Kolkata,joint_supported_screened,726,111785,0.0105915843024,0.00588300642662,664236.042101,0.616849695188,0.617503952641,0.000654257453406,0.89999999851
IND_FUA_10453,Kolkata,ghsl_only,22,1268,0.00168067226891,0.00168067226891,754460,0.310206821002,0.310386118834,0.000179297832179,0.871000006795
IND_FUA_10453,Kolkata,endpoint_supported,22,1268,0.00168067226891,0.000126443950354,18400.1203559,0.384312939464,0.384313323449,3.83984808561e-07,0.871000006795
IND_FUA_10453,Kolkata,preexisting_detected_screened,22,1268,0.00168067226891,0.00176350215394,718935.951787,0.317455997832,0.317644154056,0.000188156224513,0.871000006795
IND_FUA_10453,Kolkata,joint_supported_screened,22,1268,0.00168067226891,0.000168778428188,13784.5156293,0.465034785429,0.465035297978,5.12548836318e-07,0.871000006795
IND_FUA_10496,Guwahati,ghsl_only,57,6829,0.00865970491824,0.00865970491824,788595,0.873432491065,0.873606553468,0.000174062402766,0.871000006795
IND_FUA_10496,Guwahati,endpoint_supported,57,6829,0.00865970491824,0.00442197374487,164761.513976,0.890469636749,0.890554064355,8.44276056118e-05,0.871000006795
IND_FUA_10496,Guwahati,preexisting_detected_screened,57,6829,0.00865970491824,0.00643278531223,644974.992435,0.94714938021,0.947290937186,0.000141556975697,0.871000006795
IND_FUA_10496,Guwahati,joint_supported_screened,57,6829,0.00865970491824,0.00188219435878,108363.747815,1.09837352584,1.09840325292,2.97270776959e-05,0.871000006795
IND_FUA_10533,Imphal,ghsl_only,26,949,0.00128466149373,0.00128466149373,738716,0.404211377564,0.404380594897,0.000169217332815,0.895999997854
IND_FUA_10533,Imphal,endpoint_supported,26,949,0.00128466149373,0.000212837190643,192266.651968,0.286968925389,0.286988279128,1.93537385919e-05,0.895999997854
IND_FUA_10533,Imphal,preexisting_detected_screened,26,949,0.00128466149373,0.00151128049891,617410.567002,0.41330007966,0.413489863687,0.000189784027103,0.895999997854
IND_FUA_10533,Imphal,joint_supported_screened,26,949,0.00128466149373,0.000261557255302,142812.306687,0.310776821757,0.310790591816,1.37700584349e-05,0.895999997854
