unit_key,eFUA_name,product_bound_violation_cells_tolerance_1e_7,positive_GHSL_change_m2,product_denominator_m2,lower_denominator_m2,upper_denominator_m2,lower_denominator_fraction,upper_denominator_fraction,product_depth_m,all_cell_lower_endpoint_scenario_depth_m,all_cell_upper_endpoint_scenario_depth_m,feasible_intersection_min_depth_m,feasible_intersection_max_depth_m,feasible_intersection_depth_width_m,zero_denominator_feasible,no_positive_denominator_feasible,marginal_intersection_identified
IND_FUA_02091,Srinagar,0,628655,33105.0204128,10112.7455948,56942.6886503,0.0160863201515,0.0905785981983,0.889345546671,0.598260367686,0.945384106708,0.179069164151,2.15928119626,1.98021203211,False,False,False
IND_FUA_03357,Jammu,0,2691946,486460.579203,380224.039707,575540.260347,0.141245047154,0.213800819313,0.093258788995,0.104316685057,0.0882172122661,0.069902674941,0.131038821321,0.0611361463797,False,False,False
IND_FUA_03722,Rajkot,0,2602277,677966.912634,585823.433717,766267.659089,0.225119552498,0.294460451016,0.000267600033254,0.000136234712258,0.000272078167071,0.000104171029808,0.000355805017156,0.000251633987347,False,False,False
IND_FUA_04396,Amritsar,0,7248249,911182.705848,571386.42678,1206137.27525,0.0788309599712,0.166403951526,0.0483805675533,0.0571453181777,0.0447012009475,0.0288831909214,0.0847869990778,0.0559038081564,False,False,False
IND_FUA_05324,Jodhpur,0,5353498,1405691.34794,1231674.51637,1560459.33834,0.230069109276,0.29148406114,0.0299950760464,0.0328180828091,0.0279234117422,0.0259816817316,0.0352442654825,0.00926258375085,False,False,False
IND_FUA_05617,Jalandhar,0,2645259,343699.978902,253389.416353,424281.540137,0.095790021451,0.160393194064,0.00506438798169,0.00524158180243,0.004523660034,0.00314018768379,0.00753691927289,0.0043967315891,False,False,False
IND_FUA_05991,Ahmedabad,0,7574231,2388671.06471,2164920.63442,2609121.37791,0.285827120195,0.344473436037,0.461625100246,0.466019808081,0.458694203915,0.410286510565,0.518515032438,0.108228521873,False,False,False
IND_FUA_06065,Ludhiana,0,4419355,680085.515156,518061.112276,825421.220199,0.117225502879,0.1867741379,0.117314662487,0.119214646883,0.11552718005,0.0797246082741,0.168295799531,0.0885711912568,False,False,False
IND_FUA_06611,Surat,0,3596650,1098549.25659,1008361.88422,1191265.98475,0.280361415267,0.331215432346,1.08676022337,1.087406831,1.08687787922,0.989493493202,1.19070752896,0.201214035758,False,False,False
IND_FUA_06651,Vadodara,0,3106926,1144800.84342,1078987.05353,1210895.63851,0.347284439196,0.389740740047,0.199438524769,0.20184855466,0.198595437535,0.184497671685,0.216894996386,0.032397324701,False,False,False
IND_FUA_06781,Chandigarh,0,6519940,1711764.10177,1512552.1196,1895042.33364,0.231988656277,0.290653339392,0.000652582750225,0.00054663477511,0.000862806238376,0.000436458675072,0.001080509093,0.000644050417933,False,False,False
IND_FUA_07108,Silvassa,0,1315759,322019.122435,287817.343437,352376.286678,0.218746247175,0.267812180405,0.156407745825,0.149958264905,0.162700533145,0.125033702847,0.194581273281,0.0695475704338,False,False,False
IND_FUA_07139,Vasai-Virar,0,501725,79547.1052708,61648.5392884,97173.9613564,0.122873166154,0.193679727652,1.12978560721,1.27102457494,1.06037174777,0.878837043203,1.48972904643,0.610892003225,False,False,False
IND_FUA_07163,Mumbai,0,4697571,916929.828708,723636.90142,1109093.48233,0.154044909895,0.236099354822,0.323088876042,0.294839455825,0.347441953593,0.206477711677,0.485299364237,0.27882165256,False,False,False
IND_FUA_07320,Jaipur,0,13604265,3514418.71429,3271758.02048,3735422.93447,0.240495022736,0.274577342802,5.52384571532e-05,2.82085594918e-05,7.45058044636e-05,2.47083606355e-05,8.50597343283e-05,6.03513736928e-05,False,False,False
IND_FUA_07466,Delhi [New Delhi],0,51418537,12654723.4553,10883960.6097,14275849.9217,0.211673867923,0.277640142147,0.305479910367,0.307253707036,0.304601912907,0.249209669813,0.371565852815,0.122356183002,False,False,False
IND_FUA_07490,Saharanpur,0,1511249,418118.818064,371400.787489,459705.860077,0.245757507524,0.304189356007,0,0,0,0,0,0,False,False,False
IND_FUA_07499,Nashik,0,2715839,391173.198858,334653.201365,446312.413399,0.123222768863,0.164336845225,0.0069587412905,0.000391265290427,0.0137735783162,0.000294780710442,0.018254646297,0.0179598655866,False,False,False
IND_FUA_07581,Dehradun,0,1480118,240531.370354,202490.030642,275457.721715,0.136806680712,0.186105244119,0,0,0,0,0,0,False,False,False
IND_FUA_07601,Kota,0,2483233,634385.889833,551173.791533,716903.760578,0.221958145504,0.288697742249,0.0061106540818,0.00305207654177,0.0078529034961,0.0023609535948,0.0101363211479,0.00777536755309,False,False,False
IND_FUA_07617,Pune,0,13965327,3542754.98452,3286688.53598,3785899.97149,0.235346335677,0.271092826648,0.0309738804631,0.0273345976927,0.0335082667503,0.0238573575873,0.0383674416005,0.0145100840132,False,False,False
IND_FUA_07631,Haridwar,0,1895887,481288.681582,413624.911793,543402.7585,0.218169601771,0.286621912856,0.0202479719631,0.0124790141963,0.0249692996711,0.00962662041591,0.0322632964852,0.0226366760693,False,False,False
IND_FUA_07643,Meerut,0,6166678,1385253.87071,1151954.72871,1590548.86388,0.186803126206,0.257926368765,0.137480413253,0.145180702556,0.133113226419,0.111302829057,0.171242100715,0.0599392716573,False,False,False
IND_FUA_07839,Indore,0,5101697,1079292.66803,866413.074851,1270574.05611,0.169828407068,0.249049297932,0.000246677568569,9.77777097389e-05,0.000307301416176,6.66913317657e-05,0.000450491212512,0.000383799880746,False,False,False
IND_FUA_07881,Kolhapur,0,507716,42940.5763156,26794.1340059,58572.7266956,0.0527738617769,0.115365138573,0.0257055490589,0.0120326799849,0.0264787918793,0.00568098568719,0.0550017005657,0.0493207148785,False,False,False
IND_FUA_07895,Aligarh,0,3411737,794083.458804,660492.774603,907821.545437,0.193594281917,0.266087786203,0.211511808894,0.214202461958,0.209344727694,0.17172714927,0.25807857306,0.0863514237895,False,False,False
IND_FUA_07933,Moradabad,0,2369126,592006.757326,500527.460042,674196.553329,0.211270932843,0.284576064477,0.229399093532,0.228388691078,0.228616418966,0.181684691541,0.283559242732,0.101874551191,False,False,False
IND_FUA_07957,Agra,0,3999577,704131.416926,573828.001295,820853.467136,0.143472172506,0.205235070393,0.0892967311913,0.087806169884,0.0926812942476,0.0626788462541,0.129126398554,0.0664475522997,False,False,False
IND_FUA_07961,Aurangabad,0,2253337,632913.119441,569807.253586,688272.436041,0.252872630053,0.305445850328,0,0,0,0,0,0,False,False,False
IND_FUA_07996,Sangli,0,948177,115147.49146,96827.9679716,129382.755936,0.102120139986,0.136454223142,0.235883043663,0.208161143127,0.237505820421,0.163539502251,0.299078321761,0.135538819511,False,False,False
IND_FUA_08144,Gwalior,0,2023495,505918.558979,461679.822501,546121.848573,0.228159606276,0.269890386966,0,0,0,0,0,0,False,False,False
IND_FUA_08224,Bareilly,0,2886159,868752.815291,758926.164374,966902.192576,0.26295369187,0.335013487675,0.0787950410812,0.0825819109116,0.076312773001,0.0666101014397,0.0941740936731,0.0275639922335,False,False,False
IND_FUA_08258,Bhopal,0,3205488,838337.947104,751880.372523,916373.613046,0.234560345421,0.285876475921,0.00228473049353,0.00209712091585,0.00234248448871,0.00172174874671,0.00285280146522,0.00113105271851,False,False,False
IND_FUA_08319,Mangaluru,0,1265037,197026.943132,174423.769813,212921.151366,0.137880370149,0.168312192739,0.422379291595,0.398961315274,0.44462217847,0.342635150781,0.514233680417,0.171598529636,False,False,False
IND_FUA_08341,Solapur,0,922676,156036.364697,127761.907913,180051.168986,0.138468875221,0.195140188957,0.00184954743925,0.00160202191363,0.00199070809205,0.00113775751842,0.00280203180185,0.00166427428343,False,False,False
IND_FUA_08419,Farrukhabad,0,1403000,495144.492851,470201.623757,516685.503613,0.33514014523,0.368271919896,0.0729111532494,0.0737543593993,0.0718057157854,0.0676542812781,0.0782244518794,0.0105701706013,False,False,False
IND_FUA_08433,Shahjahanpur,0,2302832,901742.870627,855968.477969,944559.637244,0.371702528873,0.410173055283,0.164818147378,0.152076452008,0.17494274392,0.144046478439,0.184311483168,0.0402650047292,False,False,False
IND_FUA_08497,Kannur,0,1419387,145509.391847,115443.569371,165801.708472,0.0813333991158,0.116812193202,0.0967835330679,0.0987179540542,0.0971612327564,0.0702469163958,0.135561220248,0.0653143038523,False,False,False
IND_FUA_08587,Hardoi,0,866785,241690.920428,207872.93113,271599.188718,0.239820637332,0.313340896206,0,0,0,0,0,0,False,False,False
IND_FUA_08595,Thalassery,0,1231563,58021.4979407,39128.6851075,70375.2921494,0.0317715659755,0.057143071162,0.00903356007029,0.0133053578398,0.00749516602966,0.00741278054576,0.0134316317537,0.00601885120794,False,False,False
IND_FUA_08673,Kozhikode,0,1608959,137681.471407,85738.8642475,177156.472309,0.0532884083731,0.110106268904,0.194431846093,0.215840661576,0.184868460475,0.10956419088,0.352671005183,0.243106814303,False,False,False
IND_FUA_08674,Guruvayur,0,2933656,282847.121856,217366.832558,325874.09339,0.0740941789214,0.111081221994,0.249377904026,0.298622420461,0.230427177847,0.205906917444,0.331225443325,0.125318525881,False,False,False
IND_FUA_08675,Malappuram,0,1335935,105051.561662,92565.634643,113122.994195,0.0692890257707,0.0846770196117,0.501984084965,0.437810987085,0.529352070161,0.374992285909,0.613866349965,0.238874064056,False,False,False
IND_FUA_08686,Lakhimpur,0,577485,113310.353554,88357.5217528,134746.307635,0.153004011797,0.233333000225,0.00664331712887,0.00848827813795,0.00559951484726,0.00558710141983,0.00849334590543,0.0029062444856,False,False,False
IND_FUA_08722,Kanpur,0,10361223,3258799.2696,3090755.234,3411814.07031,0.298300232897,0.329286810091,0.171551486972,0.168367913994,0.173828585865,0.155326055452,0.188211381159,0.0328853257064,False,False,False
IND_FUA_08848,Lucknow,0,19979099,6049124.87951,5622014.19892,6446519.58104,0.281394781562,0.322663178207,0.42224994098,0.434758639576,0.412219594228,0.38266202006,0.467845077535,0.0851830574747,False,False,False
IND_FUA_08896,Mysuru,0,1690295,254661.446106,220128.301345,283999.561541,0.130230700171,0.168017749293,0.00052561527777,0.000607878626315,0.000471331518632,0.000471183929849,0.000608062783312,0.000136878853464,False,False,False
IND_FUA_08900,Kochi,0,7243384,991106.644595,725640.042727,1204055.70847,0.100179700914,0.166228341404,0.327649392602,0.37363054988,0.302030411647,0.235249195308,0.470588390863,0.235339195555,False,False,False
IND_FUA_08952,Nagpur,0,4179117,1307875.00361,1221598.00663,1385066.8228,0.292310075701,0.331425710933,0.00169183640847,0.00148183579119,0.00180282915906,0.00130753463643,0.00204305191999,0.000735517283562,False,False,False
IND_FUA_08997,Kollam,0,1788716,169871.663928,115103.521918,201514.019661,0.0643498028298,0.112658476617,0.133227635726,0.173078569442,0.118288442708,0.101460452062,0.199246590169,0.097786138107,False,False,False
IND_FUA_09007,Jabalpur,0,1648394,371556.826697,329236.709795,408882.682012,0.1997318055,0.248049120545,0.0163736936983,0.0154688111823,0.0160875393422,0.0125199859608,0.019865427167,0.0073454412062,False,False,False
IND_FUA_09013,Ettumanoor,0,2526835,142069.663397,111204.639567,157247.337822,0.0440094583016,0.0622309481315,0.226716091752,0.245348139765,0.214798488864,0.178405090224,0.292898178989,0.114493088765,False,False,False
IND_FUA_09045,Hyderabad,0,18623822,4819983.32557,4353838.72472,5244788.31354,0.233777939068,0.281617184353,0.00661750604962,0.00570468707993,0.00728917772704,0.00474169618826,0.00876774582892,0.00402604964066,False,False,False
IND_FUA_09069,Coimbatore,0,7721634,1858024.2159,1647652.17784,2044437.93109,0.213381284044,0.26476752603,0.000345343479615,0.000169781211322,0.000531445105059,0.000136886539786,0.000659089157115,0.000522202617329,False,False,False
IND_FUA_09099,Bengaluru,0,26136148,6183908.92009,5685555.11209,6660514.26536,0.217536077317,0.254839170078,0.00240212071217,0.00241879677904,0.00233491701179,0.00206519401219,0.00273461094679,0.000669416934596,False,False,False
IND_FUA_09129,Gonda,0,1208202,339474.120938,328615.405115,349251.099036,0.271987138835,0.289066810878,0.00102370979765,0.00105142955123,0.000996300990517,0.000989337512392,0.00105882789916,6.94903867677e-05,False,False,False
IND_FUA_09157,Thiruvananthapuram,0,2457935,291474.168228,172987.221266,380498.427744,0.0703790870245,0.154804104968,0.00889036132384,0.00300779467394,0.0137672381448,0.00137309893145,0.0300179168341,0.0286448179026,False,False,False
IND_FUA_09165,Tiruppur,0,5777389,1386059.16348,1238552.76313,1507187.50353,0.214379326566,0.260876929618,0.00469754512284,0.0044423805262,0.00494697292474,0.00365407967076,0.00601295280808,0.00235887313731,False,False,False
IND_FUA_09195,Faizabad,0,2166283,592292.409389,524453.964052,648428.789463,0.242098545782,0.299327829957,0.145895914108,0.149084329145,0.142709440153,0.123621304978,0.171492102449,0.0478707974705,False,False,False
IND_FUA_09258,Sultanpur,0,1832581,413211.481871,367116.759062,453600.966654,0.200327712152,0.247520282407,0.430523775192,0.452667616523,0.413981738985,0.373390576058,0.500106770917,0.126716194859,False,False,False
IND_FUA_09266,Erode,0,3313105,369442.247016,324018.554054,406431.838996,0.0977990598106,0.122673998861,0.00590563954624,0.00261777792175,0.0076013527985,0.0020972925691,0.00947802760552,0.00738073503642,False,False,False
IND_FUA_09282,Prayagraj,0,2283637,578475.271418,522756.689648,626062.8714,0.228914091709,0.274151658692,0.112481626297,0.0909340356227,0.127521345263,0.0779842043483,0.148251063516,0.0702668591673,False,False,False
IND_FUA_09368,Salem,0,4170866,482588.122076,449213.080158,513942.972885,0.107702592257,0.123222125306,0,0,0,0,0,0,False,False,False
IND_FUA_09444,Madurai,0,1974352,368232.942952,340346.747142,390077.486212,0.172384026324,0.197572411714,0.141737555713,0.131759320563,0.151226983169,0.118964776929,0.167181005154,0.0482162282255,False,False,False
IND_FUA_09500,Gorakhpur,0,3389028,724776.466103,685833.752025,756538.34103,0.202368865653,0.223231658467,0.582650992448,0.579535220622,0.587155225951,0.544611141233,0.623761483549,0.0791503423165,False,False,False
IND_FUA_09544,Tiruchirappalli,0,2002696,298092.477339,262049.366729,332241.667665,0.130848299856,0.165897204401,0.607237455806,0.648501998428,0.575705344165,0.531730050542,0.698672595268,0.166942544726,False,False,False
IND_FUA_09562,Varanasi,0,10435276,2112978.26678,1952981.72247,2253127.96988,0.187151899238,0.215914554621,0.19118715125,0.185099727589,0.195194219858,0.163948351608,0.220208317281,0.0562599656728,False,False,False
IND_FUA_09564,Durg,0,740363,132305.067948,107882.911986,156402.498405,0.145716239177,0.211251100345,0.162667200342,0.163418832357,0.159830927983,0.116200505752,0.222407065504,0.106206559752,False,False,False
IND_FUA_09570,Vellore,0,1847021,253867.809978,216213.753174,287121.500085,0.117060798537,0.155451129189,0.132217347954,0.124769093839,0.139480203894,0.0979496899229,0.176182082626,0.0782323927029,False,False,False
IND_FUA_09620,Raipur,0,3038998,681520.871471,606821.557887,754617.648143,0.199678169544,0.248311334243,0.0618338457992,0.0630392309326,0.0601732860771,0.0510963148623,0.074108823575,0.0230125087126,False,False,False
IND_FUA_09710,Bilaspur,0,1698534,370964.427958,348043.811957,391621.062974,0.204908357417,0.230564158842,0.0298417109035,0.0273216580271,0.0322537970263,0.0244141998749,0.0360738473038,0.011659647429,False,False,False
IND_FUA_09782,Kuchai Kot,0,4379570,996293.248668,976569.51841,1015313.03198,0.222982968285,0.231829387813,0.125411223188,0.126867691666,0.123915841627,0.122486479117,0.128336711641,0.00585023252419,False,False,False
IND_FUA_09794,Vijayawada,0,2767238,796996.577711,716147.266808,869904.430925,0.25879496697,0.314358371389,0.943808467266,0.93798171617,0.947885202011,0.853693233574,1.03700619258,0.183312959005,False,False,False
IND_FUA_09834,Puducherry,0,611885,90516.471629,65249.1987428,111808.047522,0.106636375696,0.182727224106,0.484074214936,0.459708266316,0.508816166705,0.315906957921,0.70790756309,0.392000605169,False,False,False
IND_FUA_09850,Chennai,0,9614438,2030567.37962,1618144.84575,2410647.79525,0.168303633114,0.250732054776,0.615498909896,0.64406011454,0.598714703504,0.46444317091,0.813470940158,0.349027769247,False,False,False
IND_FUA_10007,Muzaffarpur,0,4557955,906736.504671,886117.146327,924995.391611,0.194411122165,0.202940878445,0.464451859107,0.462933500598,0.464869012944,0.451263193072,0.476784216848,0.025521023776,False,False,False
IND_FUA_10017,Patna,0,2677195,706343.88566,665124.886524,742084.826819,0.248440956495,0.277187439398,1.35924929619,1.34780993459,1.36206281673,1.29038546032,1.42057487082,0.1301894105,False,False,False
IND_FUA_10065,Gaya,0,789658,179297.349103,174975.445844,182941.213691,0.221583832297,0.231671449781,0.0203819435349,0.0207400928696,0.0200797971423,0.0198691071335,0.0209585451139,0.00108943798042,False,False,False
IND_FUA_10142,Visakhapatnam,0,7311928,2443744.13581,2222642.65061,2637909.95491,0.303974909301,0.360768042972,0.00281367986182,0.00249769413531,0.00294295223172,0.0021062773405,0.00348930404924,0.00138302670874,False,False,False
IND_FUA_10152,Begusarai,0,345601,53184.3981753,49656.8711678,56162.8011402,0.143682660547,0.162507634932,0.94998640489,0.956877095077,0.946106228939,0.906689260793,0.996833890037,0.0901446292439,False,False,False
IND_FUA_10168,Ranchi,0,3981456,620634.074086,589745.638364,647120.619651,0.148123108321,0.162533660965,9.5484522393e-05,4.73906828011e-07,0.000209592421833,4.31979673765e-07,0.000229930409837,0.000229498430163,False,False,False
IND_FUA_10243,Dhanbad,0,3148475,474796.570795,430709.967184,515885.631766,0.13679955127,0.16385254187,0.00166957551517,0.00161826432617,0.00173288042366,0.00135155419529,0.00207469614848,0.000723141953192,False,False,False
IND_FUA_10285,Jamshedpur,0,534462,91900.3536365,77878.9510795,106912.096929,0.145714664615,0.200036853749,0.208898931103,0.232532397434,0.191661895768,0.171879906138,0.258078518744,0.0861986126058,False,False,False
IND_FUA_10313,Asansol,0,1422481,161881.801107,139066.995249,185203.359984,0.0977636926247,0.130197422661,0.00651893178658,0.00151875854629,0.00983383053276,0.00114937696024,0.01296213407,0.0118127571097,False,False,False
IND_FUA_10354,Bhubaneshwar,0,1450407,263233.439164,223992.300756,304251.364228,0.154434100743,0.209769646884,0.386697150774,0.419124841807,0.363382142751,0.328212940795,0.458578712643,0.130365771848,False,False,False
IND_FUA_10432,Berhampore,0,258040,12169.7407799,10149.0169529,13920.0492968,0.0393311771543,0.05394531583,0.628225325918,0.60801220457,0.654706882984,0.523492036685,0.750424716322,0.226932679637,False,False,False
IND_FUA_10441,Tamluk,0,2897193,212983.245048,198529.944301,224434.508745,0.0685249288883,0.0774661918434,0.606800325165,0.609473646907,0.608746746361,0.567115400035,0.652935481567,0.0858200815323,False,False,False
IND_FUA_10452,Kolkata,0,10554134,664236.042101,416043.136877,896601.694684,0.0394199217934,0.0849526540675,0.616849695188,0.669948336882,0.58557462975,0.386441226575,0.939616871032,0.553175644457,False,False,False
IND_FUA_10453,Kolkata,0,754460,13784.5156293,9660.87349613,16627.620745,0.0128050174908,0.0220391018013,0.465034785429,0.540852367765,0.418878296802,0.341079100413,0.640456026466,0.299376926054,False,False,False
IND_FUA_10496,Guwahati,0,788595,108363.747815,90352.9199398,126291.076462,0.114574553402,0.160146940397,1.09837352584,1.17867580828,1.03260712567,0.929161574046,1.29533098123,0.366169407187,False,False,False
IND_FUA_10533,Imphal,0,738716,142812.306687,122939.651224,158414.411075,0.166423430959,0.214445620611,0.310776821757,0.295706028708,0.318266657618,0.242698888559,0.38397487746,0.141275988902,False,False,False
