family,setting,alpha,beta,threshold,total_denominator_km2,median_retained_fraction,median_depth_m,paired_city_count,spearman_vs_baseline,median_absolute_delta_m,max_absolute_delta_m,median_signed_delta_m,top10_overlap_count,top10_overlap_fraction
exponent,alpha_0.5_beta_0,0.5,0,,184.505584853,0.441544743986,0.121791772534,91,0.995937711578,0.00772427461664,0.258061865593,0.000504839895169,8,0.8
exponent,alpha_0.5_beta_0.5,0.5,0.5,,158.984193953,0.375360856545,0.124448625355,91,0.997769724003,0.00631521732009,0.157832627946,0.000997799995074,8,0.8
exponent,alpha_0.5_beta_1,0.5,1,,148.221173902,0.354875261232,0.120944139928,91,0.997785654546,0.00571163540385,0.116865367407,0.000990001734384,8,0.8
exponent,alpha_0.5_beta_2,0.5,2,,137.472125269,0.332026260791,0.124088359057,91,0.996574933291,0.005908801696,0.0857539856558,0.000373723898055,9,0.9
exponent,alpha_0_beta_0,0,0,,400.535818,1,0.119330179136,91,0.988622747467,0.0189194392833,0.224941034773,0.0045535459476,8,0.8
exponent,alpha_0_beta_0.5,0,0.5,,357.829951319,0.897170549294,0.122886396801,91,0.988304168329,0.0185203410568,0.172140652691,0.00616717861299,8,0.8
exponent,alpha_0_beta_1,0,1,,338.796456053,0.854247887404,0.120464940351,91,0.987953731276,0.0187297830216,0.171880043241,0.00567742823461,8,0.8
exponent,alpha_0_beta_2,0,2,,318.851813145,0.808849484923,0.123086455849,91,0.986631627851,0.0164596739497,0.190655965133,0.00627446798624,8,0.8
exponent,alpha_1_beta_0,1,0,,114.828943878,0.268611518536,0.115871025788,91,0.995969572663,0.00571991228118,0.207903889089,-0.000113238334131,8,0.8
exponent,alpha_1_beta_0.5,1,0.5,,97.393866939,0.225877879693,0.124297919338,91,0.998980445259,0.00197259890675,0.0637638192276,-5.16619120941e-05,9,0.9
exponent,alpha_1_beta_1,1,1,,90.243923128,0.20248417644,0.117314662487,91,1,0,0,0,10,1
exponent,alpha_1_beta_2,1,2,,83.2741068952,0.184576249589,0.120022232422,91,0.998598112231,0.00205231102345,0.0848008474905,0,9,0.9
exponent,alpha_2_beta_0,2,0,,58.5290333409,0.131603068671,0.0993050106042,91,0.990569118643,0.0105212674952,0.223852610665,-0.00154206050293,8,0.8
exponent,alpha_2_beta_0.5,2,0.5,,48.8112352947,0.106997323978,0.106972149294,91,0.995666892349,0.00714442414982,0.145221321693,-0.00152747423187,9,0.9
exponent,alpha_2_beta_1,2,1,,44.9376074449,0.0958376209259,0.11261127693,91,0.995635031264,0.00955381344991,0.173239372594,-0.00154007178591,9,0.9
exponent,alpha_2_beta_2,2,2,,41.2577887912,0.0894996492837,0.10395253394,91,0.993978254809,0.00920438603475,0.269841878491,-0.00161123584244,9,0.9
binary_endpoint,endpoint_threshold_0.25,,1,0.25,147.354406946,0.325554702911,0.120904281803,91,0.991893773301,0.00580585251778,0.226719309104,0,8,0.8
binary_endpoint,endpoint_threshold_0.5,,1,0.5,66.7793535599,0.145895215161,0.0714198182749,91,0.913297364931,0.0154255824637,0.573100942533,-0.00338516879867,8,0.8
binary_endpoint,endpoint_threshold_0.75,,1,0.75,17.342441353,0.0272735549556,0.00587200732595,89,0.794784067943,0.0350292599466,1.12450315547,-0.00651893178658,6,0.6
