unit_key,eFUA_name,scenario,hazard_metric,denominator_m2,retained_added_surface_fraction,depth_m,selection_reason
IND_FUA_07466,Delhi [New Delhi],ghsl_only,normalized_exceedance_trapezoid,51418537,1,0.298629598494,Largest population in the frozen roster; an application example independent of new sensitivity results.
IND_FUA_07466,Delhi [New Delhi],ghsl_only,uniform_seven_RP_mean,51418537,1,0.343606012133,Largest population in the frozen roster; an application example independent of new sensitivity results.
IND_FUA_07466,Delhi [New Delhi],ghsl_only,RP10,51418537,1,0.245172551895,Largest population in the frozen roster; an application example independent of new sensitivity results.
IND_FUA_07466,Delhi [New Delhi],ghsl_only,RP20,51418537,1,0.288676907468,Largest population in the frozen roster; an application example independent of new sensitivity results.
IND_FUA_07466,Delhi [New Delhi],ghsl_only,RP50,51418537,1,0.33282029348,Largest population in the frozen roster; an application example independent of new sensitivity results.
IND_FUA_07466,Delhi [New Delhi],ghsl_only,RP75,51418537,1,0.3509888915,Largest population in the frozen roster; an application example independent of new sensitivity results.
IND_FUA_07466,Delhi [New Delhi],ghsl_only,RP100,51418537,1,0.363278210966,Largest population in the frozen roster; an application example independent of new sensitivity results.
IND_FUA_07466,Delhi [New Delhi],ghsl_only,RP200,51418537,1,0.39301746462,Largest population in the frozen roster; an application example independent of new sensitivity results.
IND_FUA_07466,Delhi [New Delhi],ghsl_only,RP500,51418537,1,0.431287765004,Largest population in the frozen roster; an application example independent of new sensitivity results.
IND_FUA_07466,Delhi [New Delhi],endpoint_supported,normalized_exceedance_trapezoid,17262569.2666,0.33572657399,0.308400866156,Largest population in the frozen roster; an application example independent of new sensitivity results.
IND_FUA_07466,Delhi [New Delhi],endpoint_supported,uniform_seven_RP_mean,17262569.2666,0.33572657399,0.35603146099,Largest population in the frozen roster; an application example independent of new sensitivity results.
IND_FUA_07466,Delhi [New Delhi],endpoint_supported,RP10,17262569.2666,0.33572657399,0.250729042016,Largest population in the frozen roster; an application example independent of new sensitivity results.
IND_FUA_07466,Delhi [New Delhi],endpoint_supported,RP20,17262569.2666,0.33572657399,0.298223684646,Largest population in the frozen roster; an application example independent of new sensitivity results.
IND_FUA_07466,Delhi [New Delhi],endpoint_supported,RP50,17262569.2666,0.33572657399,0.345178648946,Largest population in the frozen roster; an application example independent of new sensitivity results.
IND_FUA_07466,Delhi [New Delhi],endpoint_supported,RP75,17262569.2666,0.33572657399,0.364183748653,Largest population in the frozen roster; an application example independent of new sensitivity results.
IND_FUA_07466,Delhi [New Delhi],endpoint_supported,RP100,17262569.2666,0.33572657399,0.377040508229,Largest population in the frozen roster; an application example independent of new sensitivity results.
IND_FUA_07466,Delhi [New Delhi],endpoint_supported,RP200,17262569.2666,0.33572657399,0.408247385518,Largest population in the frozen roster; an application example independent of new sensitivity results.
IND_FUA_07466,Delhi [New Delhi],endpoint_supported,RP500,17262569.2666,0.33572657399,0.448617208919,Largest population in the frozen roster; an application example independent of new sensitivity results.
IND_FUA_07466,Delhi [New Delhi],preexisting_detected_screened,normalized_exceedance_trapezoid,40362719.9849,0.78498382762,0.291219217591,Largest population in the frozen roster; an application example independent of new sensitivity results.
IND_FUA_07466,Delhi [New Delhi],preexisting_detected_screened,uniform_seven_RP_mean,40362719.9849,0.78498382762,0.33511686571,Largest population in the frozen roster; an application example independent of new sensitivity results.
IND_FUA_07466,Delhi [New Delhi],preexisting_detected_screened,RP10,40362719.9849,0.78498382762,0.238640514702,Largest population in the frozen roster; an application example independent of new sensitivity results.
IND_FUA_07466,Delhi [New Delhi],preexisting_detected_screened,RP20,40362719.9849,0.78498382762,0.281677445028,Largest population in the frozen roster; an application example independent of new sensitivity results.
IND_FUA_07466,Delhi [New Delhi],preexisting_detected_screened,RP50,40362719.9849,0.78498382762,0.324754431314,Largest population in the frozen roster; an application example independent of new sensitivity results.
IND_FUA_07466,Delhi [New Delhi],preexisting_detected_screened,RP75,40362719.9849,0.78498382762,0.342278684397,Largest population in the frozen roster; an application example independent of new sensitivity results.
IND_FUA_07466,Delhi [New Delhi],preexisting_detected_screened,RP100,40362719.9849,0.78498382762,0.354272559176,Largest population in the frozen roster; an application example independent of new sensitivity results.
IND_FUA_07466,Delhi [New Delhi],preexisting_detected_screened,RP200,40362719.9849,0.78498382762,0.383488276507,Largest population in the frozen roster; an application example independent of new sensitivity results.
IND_FUA_07466,Delhi [New Delhi],preexisting_detected_screened,RP500,40362719.9849,0.78498382762,0.420706148843,Largest population in the frozen roster; an application example independent of new sensitivity results.
IND_FUA_07466,Delhi [New Delhi],joint_supported_screened,normalized_exceedance_trapezoid,12654723.4553,0.246112087073,0.305479910367,Largest population in the frozen roster; an application example independent of new sensitivity results.
IND_FUA_07466,Delhi [New Delhi],joint_supported_screened,uniform_seven_RP_mean,12654723.4553,0.246112087073,0.352958079418,Largest population in the frozen roster; an application example independent of new sensitivity results.
IND_FUA_07466,Delhi [New Delhi],joint_supported_screened,RP10,12654723.4553,0.246112087073,0.247169306476,Largest population in the frozen roster; an application example independent of new sensitivity results.
IND_FUA_07466,Delhi [New Delhi],joint_supported_screened,RP20,12654723.4553,0.246112087073,0.295660357585,Largest population in the frozen roster; an application example independent of new sensitivity results.
IND_FUA_07466,Delhi [New Delhi],joint_supported_screened,RP50,12654723.4553,0.246112087073,0.342506286497,Largest population in the frozen roster; an application example independent of new sensitivity results.
IND_FUA_07466,Delhi [New Delhi],joint_supported_screened,RP75,12654723.4553,0.246112087073,0.361127441104,Largest population in the frozen roster; an application example independent of new sensitivity results.
IND_FUA_07466,Delhi [New Delhi],joint_supported_screened,RP100,12654723.4553,0.246112087073,0.373892368461,Largest population in the frozen roster; an application example independent of new sensitivity results.
IND_FUA_07466,Delhi [New Delhi],joint_supported_screened,RP200,12654723.4553,0.246112087073,0.405221625481,Largest population in the frozen roster; an application example independent of new sensitivity results.
IND_FUA_07466,Delhi [New Delhi],joint_supported_screened,RP500,12654723.4553,0.246112087073,0.445129170326,Largest population in the frozen roster; an application example independent of new sensitivity results.
IND_FUA_09258,Sultanpur,ghsl_only,normalized_exceedance_trapezoid,1832581,1,0.582127094723,Previously reported largest negative joint-versus-GHSL difference; illustrates the opposite direction.
IND_FUA_09258,Sultanpur,ghsl_only,uniform_seven_RP_mean,1832581,1,0.675029237943,Previously reported largest negative joint-versus-GHSL difference; illustrates the opposite direction.
IND_FUA_09258,Sultanpur,ghsl_only,RP10,1832581,1,0.470944875558,Previously reported largest negative joint-versus-GHSL difference; illustrates the opposite direction.
IND_FUA_09258,Sultanpur,ghsl_only,RP20,1832581,1,0.558631447835,Previously reported largest negative joint-versus-GHSL difference; illustrates the opposite direction.
IND_FUA_09258,Sultanpur,ghsl_only,RP50,1832581,1,0.658636181613,Previously reported largest negative joint-versus-GHSL difference; illustrates the opposite direction.
IND_FUA_09258,Sultanpur,ghsl_only,RP75,1832581,1,0.69570885897,Previously reported largest negative joint-versus-GHSL difference; illustrates the opposite direction.
IND_FUA_09258,Sultanpur,ghsl_only,RP100,1832581,1,0.720867998583,Previously reported largest negative joint-versus-GHSL difference; illustrates the opposite direction.
IND_FUA_09258,Sultanpur,ghsl_only,RP200,1832581,1,0.776717962958,Previously reported largest negative joint-versus-GHSL difference; illustrates the opposite direction.
IND_FUA_09258,Sultanpur,ghsl_only,RP500,1832581,1,0.84369734008,Previously reported largest negative joint-versus-GHSL difference; illustrates the opposite direction.
IND_FUA_09258,Sultanpur,endpoint_supported,normalized_exceedance_trapezoid,495482.16008,0.270373948044,0.423681680583,Previously reported largest negative joint-versus-GHSL difference; illustrates the opposite direction.
IND_FUA_09258,Sultanpur,endpoint_supported,uniform_seven_RP_mean,495482.16008,0.270373948044,0.498940873919,Previously reported largest negative joint-versus-GHSL difference; illustrates the opposite direction.
IND_FUA_09258,Sultanpur,endpoint_supported,RP10,495482.16008,0.270373948044,0.333394688329,Previously reported largest negative joint-versus-GHSL difference; illustrates the opposite direction.
IND_FUA_09258,Sultanpur,endpoint_supported,RP20,495482.16008,0.270373948044,0.404481266871,Previously reported largest negative joint-versus-GHSL difference; illustrates the opposite direction.
IND_FUA_09258,Sultanpur,endpoint_supported,RP50,495482.16008,0.270373948044,0.486417251466,Previously reported largest negative joint-versus-GHSL difference; illustrates the opposite direction.
IND_FUA_09258,Sultanpur,endpoint_supported,RP75,495482.16008,0.270373948044,0.515834559264,Previously reported largest negative joint-versus-GHSL difference; illustrates the opposite direction.
IND_FUA_09258,Sultanpur,endpoint_supported,RP100,495482.16008,0.270373948044,0.535491348549,Previously reported largest negative joint-versus-GHSL difference; illustrates the opposite direction.
IND_FUA_09258,Sultanpur,endpoint_supported,RP200,495482.16008,0.270373948044,0.581279980333,Previously reported largest negative joint-versus-GHSL difference; illustrates the opposite direction.
IND_FUA_09258,Sultanpur,endpoint_supported,RP500,495482.16008,0.270373948044,0.635687022621,Previously reported largest negative joint-versus-GHSL difference; illustrates the opposite direction.
IND_FUA_09258,Sultanpur,preexisting_detected_screened,normalized_exceedance_trapezoid,1683468.34912,0.918632436505,0.602403818433,Previously reported largest negative joint-versus-GHSL difference; illustrates the opposite direction.
IND_FUA_09258,Sultanpur,preexisting_detected_screened,uniform_seven_RP_mean,1683468.34912,0.918632436505,0.697381381727,Previously reported largest negative joint-versus-GHSL difference; illustrates the opposite direction.
IND_FUA_09258,Sultanpur,preexisting_detected_screened,RP10,1683468.34912,0.918632436505,0.48910039223,Previously reported largest negative joint-versus-GHSL difference; illustrates the opposite direction.
IND_FUA_09258,Sultanpur,preexisting_detected_screened,RP20,1683468.34912,0.918632436505,0.578320308737,Previously reported largest negative joint-versus-GHSL difference; illustrates the opposite direction.
IND_FUA_09258,Sultanpur,preexisting_detected_screened,RP50,1683468.34912,0.918632436505,0.680329619495,Previously reported largest negative joint-versus-GHSL difference; illustrates the opposite direction.
IND_FUA_09258,Sultanpur,preexisting_detected_screened,RP75,1683468.34912,0.918632436505,0.718273713813,Previously reported largest negative joint-versus-GHSL difference; illustrates the opposite direction.
IND_FUA_09258,Sultanpur,preexisting_detected_screened,RP100,1683468.34912,0.918632436505,0.744066767351,Previously reported largest negative joint-versus-GHSL difference; illustrates the opposite direction.
IND_FUA_09258,Sultanpur,preexisting_detected_screened,RP200,1683468.34912,0.918632436505,0.80141091537,Previously reported largest negative joint-versus-GHSL difference; illustrates the opposite direction.
IND_FUA_09258,Sultanpur,preexisting_detected_screened,RP500,1683468.34912,0.918632436505,0.870167955093,Previously reported largest negative joint-versus-GHSL difference; illustrates the opposite direction.
IND_FUA_09258,Sultanpur,joint_supported_screened,normalized_exceedance_trapezoid,413211.481871,0.225480610064,0.430523775192,Previously reported largest negative joint-versus-GHSL difference; illustrates the opposite direction.
IND_FUA_09258,Sultanpur,joint_supported_screened,uniform_seven_RP_mean,413211.481871,0.225480610064,0.505466316946,Previously reported largest negative joint-versus-GHSL difference; illustrates the opposite direction.
IND_FUA_09258,Sultanpur,joint_supported_screened,RP10,413211.481871,0.225480610064,0.341529689539,Previously reported largest negative joint-versus-GHSL difference; illustrates the opposite direction.
IND_FUA_09258,Sultanpur,joint_supported_screened,RP20,413211.481871,0.225480610064,0.411192313822,Previously reported largest negative joint-versus-GHSL difference; illustrates the opposite direction.
IND_FUA_09258,Sultanpur,joint_supported_screened,RP50,413211.481871,0.225480610064,0.492400420078,Previously reported largest negative joint-versus-GHSL difference; illustrates the opposite direction.
IND_FUA_09258,Sultanpur,joint_supported_screened,RP75,413211.481871,0.225480610064,0.52168150191,Previously reported largest negative joint-versus-GHSL difference; illustrates the opposite direction.
IND_FUA_09258,Sultanpur,joint_supported_screened,RP100,413211.481871,0.225480610064,0.541290373168,Previously reported largest negative joint-versus-GHSL difference; illustrates the opposite direction.
IND_FUA_09258,Sultanpur,joint_supported_screened,RP200,413211.481871,0.225480610064,0.587606079262,Previously reported largest negative joint-versus-GHSL difference; illustrates the opposite direction.
IND_FUA_09258,Sultanpur,joint_supported_screened,RP500,413211.481871,0.225480610064,0.642563840847,Previously reported largest negative joint-versus-GHSL difference; illustrates the opposite direction.
IND_FUA_10496,Guwahati,ghsl_only,normalized_exceedance_trapezoid,788595,1,0.873432491065,Previously reported largest positive joint-versus-GHSL difference; illustrates endpoint/history reweighting.
IND_FUA_10496,Guwahati,ghsl_only,uniform_seven_RP_mean,788595,1,1.31028498906,Previously reported largest positive joint-versus-GHSL difference; illustrates endpoint/history reweighting.
IND_FUA_10496,Guwahati,ghsl_only,RP10,788595,1,0.44638922293,Previously reported largest positive joint-versus-GHSL difference; illustrates endpoint/history reweighting.
IND_FUA_10496,Guwahati,ghsl_only,RP20,788595,1,0.68300998056,Previously reported largest positive joint-versus-GHSL difference; illustrates endpoint/history reweighting.
IND_FUA_10496,Guwahati,ghsl_only,RP50,788595,1,1.27360233637,Previously reported largest positive joint-versus-GHSL difference; illustrates endpoint/history reweighting.
IND_FUA_10496,Guwahati,ghsl_only,RP75,788595,1,1.44691109251,Previously reported largest positive joint-versus-GHSL difference; illustrates endpoint/history reweighting.
IND_FUA_10496,Guwahati,ghsl_only,RP100,788595,1,1.55245711627,Previously reported largest positive joint-versus-GHSL difference; illustrates endpoint/history reweighting.
IND_FUA_10496,Guwahati,ghsl_only,RP200,788595,1,1.76372544775,Previously reported largest positive joint-versus-GHSL difference; illustrates endpoint/history reweighting.
IND_FUA_10496,Guwahati,ghsl_only,RP500,788595,1,2.00589972706,Previously reported largest positive joint-versus-GHSL difference; illustrates endpoint/history reweighting.
IND_FUA_10496,Guwahati,endpoint_supported,normalized_exceedance_trapezoid,164761.513976,0.208930457302,0.890469636749,Previously reported largest positive joint-versus-GHSL difference; illustrates endpoint/history reweighting.
IND_FUA_10496,Guwahati,endpoint_supported,uniform_seven_RP_mean,164761.513976,0.208930457302,1.43208635273,Previously reported largest positive joint-versus-GHSL difference; illustrates endpoint/history reweighting.
IND_FUA_10496,Guwahati,endpoint_supported,RP10,164761.513976,0.208930457302,0.389289153372,Previously reported largest positive joint-versus-GHSL difference; illustrates endpoint/history reweighting.
IND_FUA_10496,Guwahati,endpoint_supported,RP20,164761.513976,0.208930457302,0.636072740356,Previously reported largest positive joint-versus-GHSL difference; illustrates endpoint/history reweighting.
IND_FUA_10496,Guwahati,endpoint_supported,RP50,164761.513976,0.208930457302,1.38761343049,Previously reported largest positive joint-versus-GHSL difference; illustrates endpoint/history reweighting.
IND_FUA_10496,Guwahati,endpoint_supported,RP75,164761.513976,0.208930457302,1.61027346326,Previously reported largest positive joint-versus-GHSL difference; illustrates endpoint/history reweighting.
IND_FUA_10496,Guwahati,endpoint_supported,RP100,164761.513976,0.208930457302,1.73804980775,Previously reported largest positive joint-versus-GHSL difference; illustrates endpoint/history reweighting.
IND_FUA_10496,Guwahati,endpoint_supported,RP200,164761.513976,0.208930457302,1.98524242713,Previously reported largest positive joint-versus-GHSL difference; illustrates endpoint/history reweighting.
IND_FUA_10496,Guwahati,endpoint_supported,RP500,164761.513976,0.208930457302,2.27806344672,Previously reported largest positive joint-versus-GHSL difference; illustrates endpoint/history reweighting.
IND_FUA_10496,Guwahati,preexisting_detected_screened,normalized_exceedance_trapezoid,644974.992435,0.817878622658,0.94714938021,Previously reported largest positive joint-versus-GHSL difference; illustrates endpoint/history reweighting.
IND_FUA_10496,Guwahati,preexisting_detected_screened,uniform_seven_RP_mean,644974.992435,0.817878622658,1.40285486518,Previously reported largest positive joint-versus-GHSL difference; illustrates endpoint/history reweighting.
IND_FUA_10496,Guwahati,preexisting_detected_screened,RP10,644974.992435,0.817878622658,0.502666843957,Previously reported largest positive joint-versus-GHSL difference; illustrates endpoint/history reweighting.
IND_FUA_10496,Guwahati,preexisting_detected_screened,RP20,644974.992435,0.817878622658,0.744313849301,Previously reported largest positive joint-versus-GHSL difference; illustrates endpoint/history reweighting.
IND_FUA_10496,Guwahati,preexisting_detected_screened,RP50,644974.992435,0.817878622658,1.37195688232,Previously reported largest positive joint-versus-GHSL difference; illustrates endpoint/history reweighting.
IND_FUA_10496,Guwahati,preexisting_detected_screened,RP75,644974.992435,0.817878622658,1.54647158458,Previously reported largest positive joint-versus-GHSL difference; illustrates endpoint/history reweighting.
IND_FUA_10496,Guwahati,preexisting_detected_screened,RP100,644974.992435,0.817878622658,1.65674501099,Previously reported largest positive joint-versus-GHSL difference; illustrates endpoint/history reweighting.
IND_FUA_10496,Guwahati,preexisting_detected_screened,RP200,644974.992435,0.817878622658,1.87866575367,Previously reported largest positive joint-versus-GHSL difference; illustrates endpoint/history reweighting.
IND_FUA_10496,Guwahati,preexisting_detected_screened,RP500,644974.992435,0.817878622658,2.11916413143,Previously reported largest positive joint-versus-GHSL difference; illustrates endpoint/history reweighting.
IND_FUA_10496,Guwahati,joint_supported_screened,normalized_exceedance_trapezoid,108363.747815,0.137413688668,1.09837352584,Previously reported largest positive joint-versus-GHSL difference; illustrates endpoint/history reweighting.
IND_FUA_10496,Guwahati,joint_supported_screened,uniform_seven_RP_mean,108363.747815,0.137413688668,1.74179684768,Previously reported largest positive joint-versus-GHSL difference; illustrates endpoint/history reweighting.
IND_FUA_10496,Guwahati,joint_supported_screened,RP10,108363.747815,0.137413688668,0.504837155382,Previously reported largest positive joint-versus-GHSL difference; illustrates endpoint/history reweighting.
IND_FUA_10496,Guwahati,joint_supported_screened,RP20,108363.747815,0.137413688668,0.785054710089,Previously reported largest positive joint-versus-GHSL difference; illustrates endpoint/history reweighting.
IND_FUA_10496,Guwahati,joint_supported_screened,RP50,108363.747815,0.137413688668,1.70911281305,Previously reported largest positive joint-versus-GHSL difference; illustrates endpoint/history reweighting.
IND_FUA_10496,Guwahati,joint_supported_screened,RP75,108363.747815,0.137413688668,1.95999310281,Previously reported largest positive joint-versus-GHSL difference; illustrates endpoint/history reweighting.
IND_FUA_10496,Guwahati,joint_supported_screened,RP100,108363.747815,0.137413688668,2.11044006307,Previously reported largest positive joint-versus-GHSL difference; illustrates endpoint/history reweighting.
IND_FUA_10496,Guwahati,joint_supported_screened,RP200,108363.747815,0.137413688668,2.40223097088,Previously reported largest positive joint-versus-GHSL difference; illustrates endpoint/history reweighting.
IND_FUA_10496,Guwahati,joint_supported_screened,RP500,108363.747815,0.137413688668,2.72090911845,Previously reported largest positive joint-versus-GHSL difference; illustrates endpoint/history reweighting.
