unit_key,eFUA_name,positive_GHSL_change_m2,undocumented_GHSL_weighted_m2,undocumented_GHSL_weighted_fraction,joint_u_denominator_increment_upper_m2,joint_u_relative_increment_to_base_denominator,joint_no_undocumented_support_depth_m,joint_all_undocumented_supported_depth_m,joint_possible_assignment_min_depth_m,joint_possible_assignment_max_depth_m,endpoint_possible_assignment_min_depth_m,endpoint_possible_assignment_max_depth_m,joint_possible_assignment_width_m,joint_all_supported_delta_m
IND_FUA_02091,Srinagar,628655,0,0,0,0,0.889345546671,0.889345546671,0.889345546671,0.889345546671,1.01150659219,1.01150659219,0,0
IND_FUA_03357,Jammu,2691946,87.2729411721,3.24200192619e-05,79.7823375294,0.000164005761084,0.093258788995,0.0932434965244,0.0932434965244,0.093258788995,0.0812637026506,0.0812735107587,1.52924706136e-05,-1.52924706136e-05
IND_FUA_03722,Rajkot,2602277,182.875712693,7.0275267657e-05,182.875712693,0.000269741353575,0.000267600033254,0.000267527869924,0.000267527869924,0.000267600033254,0.000230237969433,0.000230284476982,7.21633297523e-08,-7.21633297523e-08
IND_FUA_04396,Amritsar,7248249,0,0,0,0,0.0483805675533,0.0483805675533,0.0483805675533,0.0483805675533,0.0411966395436,0.0411966395436,0,0
IND_FUA_05324,Jodhpur,5353498,3604.80915207,0.000673355841744,3224.56158552,0.00229393286815,0.0299950760464,0.0299924848109,0.0299287003631,0.0300589979953,0.0242287930734,0.0243248815689,0.000130297632212,-2.59123556538e-06
IND_FUA_05617,Jalandhar,2645259,0,0,0,0,0.00506438798169,0.00506438798169,0.00506438798169,0.00506438798169,0.0040036886299,0.0040036886299,0,0
IND_FUA_05991,Ahmedabad,7574231,3603.17868388,0.00047571544674,2936.84500071,0.00122948908458,0.461625100246,0.461856401107,0.461276785674,0.462205089979,0.440287720103,0.441134275666,0.000928304304813,0.000231300861371
IND_FUA_06065,Ludhiana,4419355,229.149903417,5.1851436107e-05,229.149903417,0.000336942778974,0.117314662487,0.117280830267,0.117280830267,0.117314662487,0.105691189066,0.105710016696,3.38322202008e-05,-3.38322202008e-05
IND_FUA_06611,Surat,3596650,0.445568561554,1.23884326124e-07,0.445568561554,4.05597253726e-07,1.08676022337,1.08676032886,1.08676022337,1.08676032886,1.0644232401,1.06442332665,1.05489027291e-07,1.05489027735e-07
IND_FUA_06651,Vadodara,3106926,97.7897036076,3.14747450076e-05,81.6567803161,7.13283719047e-05,0.199438524769,0.199433257577,0.199428412151,0.199443370279,0.200635659717,0.200650547831,1.49581278001e-05,-5.26719176447e-06
IND_FUA_06781,Chandigarh,6519940,2.23817694187,3.43281831101e-07,1.00509846759,5.87171133308e-07,0.000652582750225,0.000652582367047,0.000652582367047,0.000652582750225,0.000751967053136,0.000751967811722,3.83177527902e-10,-3.8317752801e-10
IND_FUA_07108,Silvassa,1315759,187.472068667,0.000142482072072,9.84304408317,3.05666446413e-05,0.156407745825,0.156402965111,0.156402965111,0.156407745825,0.162379369118,0.162451634691,4.78071385535e-06,-4.78071385543e-06
IND_FUA_07139,Vasai-Virar,501725,0,0,0,0,1.12978560721,1.12978560721,1.12978560721,1.12978560721,1.06415439859,1.06415439859,0,0
IND_FUA_07163,Mumbai,4697571,1789.64791584,0.000380973042417,1749.78164639,0.0019083048578,0.323088876042,0.322559652392,0.3224813284,0.323167332811,0.357585499653,0.358080903233,0.000686004411028,-0.000529223650252
IND_FUA_07320,Jaipur,13604265,858.176234007,6.30814111609e-05,740.753705538,0.000210775597833,5.52384571532e-05,5.55065123516e-05,5.52268321346e-05,5.55181962385e-05,6.64216857582e-05,6.66699540227e-05,2.91364103866e-07,2.68055198415e-07
IND_FUA_07466,Delhi [New Delhi],51418537,12030.2221959,0.000233966637282,11281.3186952,0.000891470978016,0.305479910367,0.305455350668,0.305296874999,0.305638436551,0.308256543741,0.308526023102,0.000341561552142,-2.45596985005e-05
IND_FUA_07490,Saharanpur,1511249,0,0,0,0,0,0,0,0,0,0,0,0
IND_FUA_07499,Nashik,2715839,30.0024652481,1.10472179124e-05,5.16654996442,1.32078321815e-05,0.0069587412905,0.00695864938183,0.00695864938183,0.0069587412905,0.0241041515499,0.0241054726445,9.19086732467e-08,-9.1908673245e-08
IND_FUA_07581,Dehradun,1480118,0,0,0,0,0,0,0,0,0,0,0,0
IND_FUA_07601,Kota,2483233,570.845917881,0.000229880127189,272.022156784,0.000428796039041,0.0061106540818,0.00610803498059,0.00610803498059,0.0061106540818,0.00781511747888,0.00782040968586,2.619101206e-06,-2.619101206e-06
IND_FUA_07617,Pune,13965327,7672.57675636,0.000549401869098,7027.72482413,0.00198368920652,0.0309738804631,0.0309126754203,0.0309125599727,0.0309739961389,0.0352135541473,0.0352773144623,6.14361661963e-05,-6.12050428334e-05
IND_FUA_07631,Haridwar,1895887,31.3950175047,1.65595404709e-05,9.05707683759,1.88183873508e-05,0.0202479719631,0.0202475909361,0.0202475909361,0.0202479719631,0.0289623245262,0.0289637201427,3.81027009159e-07,-3.81027009159e-07
IND_FUA_07643,Meerut,6166678,1.02107614279,1.65579610738e-07,1.02107614279,7.37103980995e-07,0.137480413253,0.137480311916,0.137480311916,0.137480413253,0.125715060694,0.125715128901,1.0133728523e-07,-1.0133728523e-07
IND_FUA_07839,Indore,5101697,171.303645194,3.35777771972e-05,128.661691032,0.000119209269963,0.000246677568569,0.000246648165821,0.000246648165821,0.000246677568569,0.000423006770668,0.000423054243744,2.94027477852e-08,-2.94027477852e-08
IND_FUA_07881,Kolhapur,507716,0,0,0,0,0.0257055490589,0.0257055490589,0.0257055490589,0.0257055490589,0.0234256881065,0.0234256881065,0,0
IND_FUA_07895,Aligarh,3411737,0,0,0,0,0.211511808894,0.211511808894,0.211511808894,0.211511808894,0.20553918497,0.20553918497,0,0
IND_FUA_07933,Moradabad,2369126,0,0,0,0,0.229399093532,0.229399093532,0.229399093532,0.229399093532,0.227937465807,0.227937465807,0,0
IND_FUA_07957,Agra,3999577,0,0,0,0,0.0892967311913,0.0892967311913,0.0892967311913,0.0892967311913,0.0896744531318,0.0896744531318,0,0
IND_FUA_07961,Aurangabad,2253337,389.606033921,0.000172901804711,246.465242313,0.000389414020254,0,0,0,0,0,0,0,0
IND_FUA_07996,Sangli,948177,78.0333929658,8.22983398308e-05,78.0333929658,0.000677682092558,0.235883043663,0.235723298205,0.235723298205,0.235883043663,0.223655195522,0.223776749965,0.000159745457992,-0.000159745457992
IND_FUA_08144,Gwalior,2023495,19.2615250349,9.51893878409e-06,16.6550523172,3.29204217193e-05,0,0,0,0,0,0,0,0
IND_FUA_08224,Bareilly,2886159,0,0,0,0,0.0787950410812,0.0787950410812,0.0787950410812,0.0787950410812,0.0685466666457,0.0685466666457,0,0
IND_FUA_08258,Bhopal,3205488,549.483916163,0.000171419738949,360.151217497,0.000429601473656,0.00228473049353,0.00228374939143,0.00228374939143,0.00228473049353,0.00204495181164,0.00204601788448,9.81102104018e-07,-9.81102104017e-07
IND_FUA_08319,Mangaluru,1265037,4342.68414468,0.00343285148551,3634.02457437,0.0184443026756,0.422379291595,0.451004849679,0.417725185454,0.455996934297,0.445457292113,0.478183630495,0.038271748843,0.0286255580838
IND_FUA_08341,Solapur,922676,0,0,0,0,0.00184954743925,0.00184954743925,0.00184954743925,0.00184954743925,0.00203788848798,0.00203788848798,0,0
IND_FUA_08419,Farrukhabad,1403000,0,0,0,0,0.0729111532494,0.0729111532494,0.0729111532494,0.0729111532494,0.0680758448118,0.0680758448118,0,0
IND_FUA_08433,Shahjahanpur,2302832,0,0,0,0,0.164818147378,0.164818147378,0.164818147378,0.164818147378,0.180608488484,0.180608488484,0,0
IND_FUA_08497,Kannur,1419387,1.07940852642,7.60475139212e-07,0.398530228685,2.73886258219e-06,0.0967835330679,0.0967832679919,0.0967832679919,0.0967835330679,0.0981275599942,0.0981281551293,2.6507607126e-07,-2.65076071301e-07
IND_FUA_08587,Hardoi,866785,0,0,0,0,0,0,0,0,0,0,0,0
IND_FUA_08595,Thalassery,1231563,0,0,0,0,0.00903356007029,0.00903356007029,0.00903356007029,0.00903356007029,0.00669105665265,0.00669105665265,0,0
IND_FUA_08673,Kozhikode,1608959,0,0,0,0,0.194431846093,0.194431846093,0.194431846093,0.194431846093,0.186907671503,0.186907671503,0,0
IND_FUA_08674,Guruvayur,2933656,0,0,0,0,0.249377904026,0.249377904026,0.249377904026,0.249377904026,0.221317893786,0.221317893786,0,0
IND_FUA_08675,Malappuram,1335935,0.112211763859,8.39949277912e-08,0.112211763859,1.06815893151e-06,0.501984084965,0.501990405901,0.501984084965,0.501990405901,0.575723208479,0.575728730429,6.32093521924e-06,6.32093521924e-06
IND_FUA_08686,Lakhimpur,577485,12.4618756771,2.15795660097e-05,5.82168224518,5.13782021024e-05,0.00664331712887,0.00664297582472,0.00664297582472,0.00664331712887,0.00447552221533,0.00447585279499,3.4130415448e-07,-3.41304154485e-07
IND_FUA_08722,Kanpur,10361223,105.213891387,1.01545822715e-05,90.3722644017,2.77317677234e-05,0.171551486972,0.171546729678,0.171546729678,0.171551486972,0.173328438074,0.17333341845,4.75729406113e-06,-4.75729406113e-06
IND_FUA_08848,Lucknow,19979099,55.4902143478,2.77741325311e-06,55.4902143478,9.17326315015e-06,0.42224994098,0.422246067606,0.422246067606,0.42224994098,0.408861270569,0.408864502296,3.8733742922e-06,-3.87337429225e-06
IND_FUA_08896,Mysuru,1690295,18.7601923943,1.10987681998e-05,18.7601923943,7.36671870874e-05,0.00052561527777,0.000525576560023,0.000525576560023,0.00052561527777,0.000412353111842,0.000412376943639,3.87177467759e-08,-3.87177467759e-08
IND_FUA_08900,Kochi,7243384,1.03700900078,1.43166370964e-07,1.03700900078,1.04631424523e-06,0.327649392602,0.327649049778,0.327649049778,0.327649392602,0.279361707426,0.279361913182,3.42823868293e-07,-3.42823868238e-07
IND_FUA_08952,Nagpur,4179117,5838.2934379,0.00139701602944,5677.65804403,0.00434113201058,0.00169183640847,0.00168452366885,0.00168452366885,0.00169183640847,0.00187635980915,0.00188368771564,7.31273962143e-06,-7.31273962143e-06
IND_FUA_08997,Kollam,1788716,39.6497759819,2.21666133595e-05,34.2592506601,0.000201677253686,0.133227635726,0.133201191849,0.133201092472,0.13322773506,0.11584965829,0.115871138431,2.66425883815e-05,-2.64438770049e-05
IND_FUA_09007,Jabalpur,1648394,0.0709916353226,4.30671522237e-08,0.0709916353226,1.91065350497e-07,0.0163736936983,0.0163738308225,0.0163736928663,0.0163738316545,0.0183180958024,0.0183182034303,1.38788258136e-07,1.37124271181e-07
IND_FUA_09013,Ettumanoor,2526835,0,0,0,0,0.226716091752,0.226716091752,0.226716091752,0.226716091752,0.208498189161,0.208498189161,0,0
IND_FUA_09045,Hyderabad,18623822,45519.3595093,0.00244414704508,39889.7802406,0.00827591664664,0.00661750604962,0.00658414867228,0.00656344635972,0.00663837786532,0.00709947937263,0.00716994087863,7.49315055998e-05,-3.33573773403e-05
IND_FUA_09069,Coimbatore,7721634,4732.07494313,0.000612833364431,3821.44762111,0.0020567264885,0.000345343479615,0.00034463466038,0.00034463466038,0.000345343479615,0.000522181116324,0.00052325453911,7.0881923486e-07,-7.0881923486e-07
IND_FUA_09099,Bengaluru,26136148,12644.4258209,0.000483790718544,11327.9259524,0.00183183906794,0.00240212071217,0.00240540744733,0.00239774346383,0.00240979865928,0.00226046035838,0.00227548424444,1.20551954489e-05,3.28673516769e-06
IND_FUA_09129,Gonda,1208202,0,0,0,0,0.00102370979765,0.00102370979765,0.00102370979765,0.00102370979765,0.000946278625001,0.000946278625001,0,0
IND_FUA_09157,Thiruvananthapuram,2457935,59.2323598266,2.40984240131e-05,34.1216634891,0.000117065823351,0.00889036132384,0.0088893206882,0.0088893206882,0.00889036132384,0.0122413623058,0.0122429176832,1.04063564539e-06,-1.04063564539e-06
IND_FUA_09165,Tiruppur,5777389,2250.6326257,0.000389558782644,1865.65863331,0.00134601659328,0.00469754512284,0.00469335276854,0.00469124754339,0.00469965315135,0.00549964075948,0.00550892709948,8.40560796252e-06,-4.19235430587e-06
IND_FUA_09195,Faizabad,2166283,0,0,0,0,0.145895914108,0.145895914108,0.145895914108,0.145895914108,0.134829165643,0.134829165643,0,0
IND_FUA_09258,Sultanpur,1832581,0,0,0,0,0.430523775192,0.430523775192,0.430523775192,0.430523775192,0.423681680583,0.423681680583,0,0
IND_FUA_09266,Erode,3313105,218.598615885,6.59799843002e-05,172.943066932,0.000468119356485,0.00590563954624,0.00590315634626,0.0059029183662,0.00590587761659,0.00759924317994,0.00760299479034,2.95925039254e-06,-2.48319998218e-06
IND_FUA_09282,Prayagraj,2283637,0,0,0,0,0.112481626297,0.112481626297,0.112481626297,0.112481626297,0.149464183561,0.149464183561,0,0
IND_FUA_09368,Salem,4170866,371.914350808,8.91695755288e-05,355.695383024,0.000737057890056,0,0,0,0,0,0,0,0
IND_FUA_09444,Madurai,1974352,241.149323225,0.000122140997768,240.319728101,0.00065262962671,0.141737555713,0.141646970625,0.141646813642,0.141737712655,0.17035875033,0.17045382574,9.08990138818e-05,-9.05850881421e-05
IND_FUA_09500,Gorakhpur,3389028,0,0,0,0,0.582650992448,0.582650992448,0.582650992448,0.582650992448,0.59273851258,0.59273851258,0,0
IND_FUA_09544,Tiruchirappalli,2002696,959.484018326,0.000479096187502,622.033820973,0.00208671425232,0.607237455806,0.60597296477,0.60597296477,0.607237455806,0.530688447941,0.532027569879,0.00126449103658,-0.00126449103658
IND_FUA_09562,Varanasi,10435276,0,0,0,0,0.19118715125,0.19118715125,0.19118715125,0.19118715125,0.197314997678,0.197314997678,0,0
IND_FUA_09564,Durg,740363,0,0,0,0,0.162667200342,0.162667200342,0.162667200342,0.162667200342,0.134453140158,0.134453140158,0,0
IND_FUA_09570,Vellore,1847021,232.610000134,0.000125937929311,177.954741878,0.000700974030121,0.132217347954,0.132125500731,0.132124808012,0.132218041105,0.140556539297,0.140674076956,9.32330925025e-05,-9.1847223347e-05
IND_FUA_09620,Raipur,3038998,0,0,0,0,0.0618338457992,0.0618338457992,0.0618338457992,0.0618338457992,0.0529322897039,0.0529322897039,0,0
IND_FUA_09710,Bilaspur,1698534,0,0,0,0,0.0298417109035,0.0298417109035,0.0298417109035,0.0298417109035,0.0339751564799,0.0339751564799,0,0
IND_FUA_09782,Kuchai Kot,4379570,0,0,0,0,0.125411223188,0.125411223188,0.125411223188,0.125411223188,0.122434285816,0.122434285816,0,0
IND_FUA_09794,Vijayawada,2767238,2.63835954666,9.534270441e-07,2.48060497698,3.11244119029e-06,0.943808467266,0.94381128804,0.943808467266,0.94381128804,0.938935935713,0.938938405031,2.82077471603e-06,2.82077471603e-06
IND_FUA_09834,Puducherry,611885,0,0,0,0,0.484074214936,0.484074214936,0.484074214936,0.484074214936,0.474674059148,0.474674059148,0,0
IND_FUA_09850,Chennai,9614438,19183.166844,0.00199524577973,15435.6334168,0.00760163566682,0.615498909896,0.614396332039,0.611867501509,0.618038483678,0.585247086259,0.590321657866,0.00617098216903,-0.00110257785706
IND_FUA_10007,Muzaffarpur,4557955,0,0,0,0,0.464451859107,0.464451859107,0.464451859107,0.464451859107,0.464552492882,0.464552492882,0,0
IND_FUA_10017,Patna,2677195,0,0,0,0,1.35924929619,1.35924929619,1.35924929619,1.35924929619,1.30755588898,1.30755588898,0,0
IND_FUA_10065,Gaya,789658,0,0,0,0,0.0203819435349,0.0203819435349,0.0203819435349,0.0203819435349,0.0193074084297,0.0193074084297,0,0
IND_FUA_10142,Visakhapatnam,7311928,2875.75021511,0.00039329575115,2758.18627065,0.00112867228211,0.00281367986182,0.00281050771966,0.00281050771966,0.00281367986182,0.00302952465683,0.00303253201332,3.17214216183e-06,-3.17214216182e-06
IND_FUA_10152,Begusarai,345601,0,0,0,0,0.94998640489,0.94998640489,0.94998640489,0.94998640489,0.910923576312,0.910923576312,0,0
IND_FUA_10168,Ranchi,3981456,0.0129110813141,3.24280396772e-09,0.0129110813141,2.08030494186e-08,9.5484522393e-05,9.54845204066e-05,9.54845204066e-05,9.5484522393e-05,0.000329863059222,0.00032986306516,1.98636915835e-12,-1.98636919901e-12
IND_FUA_10243,Dhanbad,3148475,0,0,0,0,0.00166957551517,0.00166957551517,0.00166957551517,0.00166957551517,0.00152129776411,0.00152129776411,0,0
IND_FUA_10285,Jamshedpur,534462,0,0,0,0,0.208898931103,0.208898931103,0.208898931103,0.208898931103,0.146768765454,0.146768765454,0,0
IND_FUA_10313,Asansol,1422481,0,0,0,0,0.00651893178658,0.00651893178658,0.00651893178658,0.00651893178658,0.00920304946609,0.00920304946609,0,0
IND_FUA_10354,Bhubaneshwar,1450407,74.4945151806,5.13611111782e-05,66.4695331183,0.000252511737602,0.386697150774,0.386599529855,0.386599529855,0.386697150774,0.330509026187,0.330575316522,9.76209190398e-05,-9.76209190397e-05
IND_FUA_10432,Berhampore,258040,0,0,0,0,0.628225325918,0.628225325918,0.628225325918,0.628225325918,0.614883977154,0.614883977154,0,0
IND_FUA_10441,Tamluk,2897193,0,0,0,0,0.606800325165,0.606800325165,0.606800325165,0.606800325165,0.608341359635,0.608341359635,0,0
IND_FUA_10452,Kolkata,10554134,747.743999422,7.08484466297e-05,685.67726156,0.00103227951827,0.616849695188,0.616278456588,0.616260264868,0.616867898536,0.541503697898,0.541807967558,0.00060763366882,-0.000571238599572
IND_FUA_10453,Kolkata,754460,0,0,0,0,0.465034785429,0.465034785429,0.465034785429,0.465034785429,0.384312939464,0.384312939464,0,0
IND_FUA_10496,Guwahati,788595,33.6574262381,4.2680243012e-05,31.3916956276,0.00028968816842,1.09837352584,1.09842041444,1.09822746077,1.09856650286,0.890396589394,0.890624879919,0.00033904208903,4.68885984151e-05
IND_FUA_10533,Imphal,738716,0,0,0,0,0.310776821757,0.310776821757,0.310776821757,0.310776821757,0.286968925389,0.286968925389,0,0
