unit_key,eFUA_name,lower_RP,higher_RP,decreasing_record_count,decreasing_GHSL_change_m2,max_drop_m,sum_drop_m
IND_FUA_02091,Srinagar,10,20,3,68,0.841999992728,1.93399997056
IND_FUA_02091,Srinagar,20,50,5,805,0.844999998808,2.82300001383
IND_FUA_02091,Srinagar,50,75,8,3803,0.890000000596,6.36400003731
IND_FUA_02091,Srinagar,75,100,3,269,0.898999996483,2.69699998945
IND_FUA_02091,Srinagar,100,200,0,0,0,0
IND_FUA_02091,Srinagar,200,500,0,0,0,0
IND_FUA_03357,Jammu,10,20,0,0,0,0
IND_FUA_03357,Jammu,20,50,0,0,0,0
IND_FUA_03357,Jammu,50,75,0,0,0,0
IND_FUA_03357,Jammu,75,100,0,0,0,0
IND_FUA_03357,Jammu,100,200,0,0,0,0
IND_FUA_03357,Jammu,200,500,0,0,0,0
IND_FUA_03722,Rajkot,10,20,0,0,0,0
IND_FUA_03722,Rajkot,20,50,0,0,0,0
IND_FUA_03722,Rajkot,50,75,0,0,0,0
IND_FUA_03722,Rajkot,75,100,0,0,0,0
IND_FUA_03722,Rajkot,100,200,0,0,0,0
IND_FUA_03722,Rajkot,200,500,0,0,0,0
IND_FUA_04396,Amritsar,10,20,0,0,0,0
IND_FUA_04396,Amritsar,20,50,0,0,0,0
IND_FUA_04396,Amritsar,50,75,1,1447,0.88599999994,0.88599999994
IND_FUA_04396,Amritsar,75,100,0,0,0,0
IND_FUA_04396,Amritsar,100,200,0,0,0,0
IND_FUA_04396,Amritsar,200,500,0,0,0,0
IND_FUA_05324,Jodhpur,10,20,0,0,0,0
IND_FUA_05324,Jodhpur,20,50,0,0,0,0
IND_FUA_05324,Jodhpur,50,75,0,0,0,0
IND_FUA_05324,Jodhpur,75,100,0,0,0,0
IND_FUA_05324,Jodhpur,100,200,0,0,0,0
IND_FUA_05324,Jodhpur,200,500,0,0,0,0
IND_FUA_05617,Jalandhar,10,20,0,0,0,0
IND_FUA_05617,Jalandhar,20,50,0,0,0,0
IND_FUA_05617,Jalandhar,50,75,0,0,0,0
IND_FUA_05617,Jalandhar,75,100,0,0,0,0
IND_FUA_05617,Jalandhar,100,200,0,0,0,0
IND_FUA_05617,Jalandhar,200,500,0,0,0,0
IND_FUA_05991,Ahmedabad,10,20,3,17,0.530999988317,1.25299999118
IND_FUA_05991,Ahmedabad,20,50,5,40,0.890000000596,3.50200001895
IND_FUA_05991,Ahmedabad,50,75,0,0,0,0
IND_FUA_05991,Ahmedabad,75,100,1,2,0.890000000596,0.890000000596
IND_FUA_05991,Ahmedabad,100,200,3,216,0.833000004292,1.38699996471
IND_FUA_05991,Ahmedabad,200,500,1,7,0.804000005126,0.804000005126
IND_FUA_06065,Ludhiana,10,20,2,3615,0.592000007629,1.18400001526
IND_FUA_06065,Ludhiana,20,50,0,0,0,0
IND_FUA_06065,Ludhiana,50,75,0,0,0,0
IND_FUA_06065,Ludhiana,75,100,0,0,0,0
IND_FUA_06065,Ludhiana,100,200,0,0,0,0
IND_FUA_06065,Ludhiana,200,500,0,0,0,0
IND_FUA_06611,Surat,10,20,2,39,0.797999992967,1.321999982
IND_FUA_06611,Surat,20,50,2,82,0.525999993086,0.641000002623
IND_FUA_06611,Surat,50,75,0,0,0,0
IND_FUA_06611,Surat,75,100,0,0,0,0
IND_FUA_06611,Surat,100,200,0,0,0,0
IND_FUA_06611,Surat,200,500,0,0,0,0
IND_FUA_06651,Vadodara,10,20,0,0,0,0
IND_FUA_06651,Vadodara,20,50,0,0,0,0
IND_FUA_06651,Vadodara,50,75,0,0,0,0
IND_FUA_06651,Vadodara,75,100,0,0,0,0
IND_FUA_06651,Vadodara,100,200,0,0,0,0
IND_FUA_06651,Vadodara,200,500,0,0,0,0
IND_FUA_06781,Chandigarh,10,20,0,0,0,0
IND_FUA_06781,Chandigarh,20,50,0,0,0,0
IND_FUA_06781,Chandigarh,50,75,0,0,0,0
IND_FUA_06781,Chandigarh,75,100,0,0,0,0
IND_FUA_06781,Chandigarh,100,200,0,0,0,0
IND_FUA_06781,Chandigarh,200,500,0,0,0,0
IND_FUA_07108,Silvassa,10,20,4,100,0.675999999046,2.18899998069
IND_FUA_07108,Silvassa,20,50,1,7,0.657000005245,0.657000005245
IND_FUA_07108,Silvassa,50,75,1,7,0.834000006318,0.834000006318
IND_FUA_07108,Silvassa,75,100,0,0,0,0
IND_FUA_07108,Silvassa,100,200,0,0,0,0
IND_FUA_07108,Silvassa,200,500,0,0,0,0
IND_FUA_07139,Vasai-Virar,10,20,0,0,0,0
IND_FUA_07139,Vasai-Virar,20,50,1,492,0.694999992847,0.694999992847
IND_FUA_07139,Vasai-Virar,50,75,3,385,0.774000003934,1.62200005352
IND_FUA_07139,Vasai-Virar,75,100,0,0,0,0
IND_FUA_07139,Vasai-Virar,100,200,0,0,0,0
IND_FUA_07139,Vasai-Virar,200,500,0,0,0,0
IND_FUA_07163,Mumbai,10,20,10,1620,0.895999997854,3.54799988866
IND_FUA_07163,Mumbai,20,50,7,1495,0.749000012875,3.46499997377
IND_FUA_07163,Mumbai,50,75,2,89,0.843999996781,1.4619999975
IND_FUA_07163,Mumbai,75,100,1,171,0.834000006318,0.834000006318
IND_FUA_07163,Mumbai,100,200,2,147,0.880000002682,1.65799999982
IND_FUA_07163,Mumbai,200,500,1,9,0.66400000453,0.66400000453
IND_FUA_07320,Jaipur,10,20,0,0,0,0
IND_FUA_07320,Jaipur,20,50,0,0,0,0
IND_FUA_07320,Jaipur,50,75,0,0,0,0
IND_FUA_07320,Jaipur,75,100,0,0,0,0
IND_FUA_07320,Jaipur,100,200,0,0,0,0
IND_FUA_07320,Jaipur,200,500,0,0,0,0
IND_FUA_07466,Delhi [New Delhi],10,20,5,2276,0.791999995708,2.86900001764
IND_FUA_07466,Delhi [New Delhi],20,50,2,11,0.771999999881,1.42200000584
IND_FUA_07466,Delhi [New Delhi],50,75,26,10455,0.673000007868,2.21000011265
IND_FUA_07466,Delhi [New Delhi],75,100,1,197,0.891999997199,0.891999997199
IND_FUA_07466,Delhi [New Delhi],100,200,3,1093,0.872999995947,2.41399998963
IND_FUA_07466,Delhi [New Delhi],200,500,3,1120,0.773000001907,2.21500000358
IND_FUA_07490,Saharanpur,10,20,0,0,0,0
IND_FUA_07490,Saharanpur,20,50,0,0,0,0
IND_FUA_07490,Saharanpur,50,75,0,0,0,0
IND_FUA_07490,Saharanpur,75,100,0,0,0,0
IND_FUA_07490,Saharanpur,100,200,0,0,0,0
IND_FUA_07490,Saharanpur,200,500,0,0,0,0
IND_FUA_07499,Nashik,10,20,0,0,0,0
IND_FUA_07499,Nashik,20,50,0,0,0,0
IND_FUA_07499,Nashik,50,75,0,0,0,0
IND_FUA_07499,Nashik,75,100,0,0,0,0
IND_FUA_07499,Nashik,100,200,0,0,0,0
IND_FUA_07499,Nashik,200,500,2,117,0.207000017166,0.414000034332
IND_FUA_07581,Dehradun,10,20,0,0,0,0
IND_FUA_07581,Dehradun,20,50,0,0,0,0
IND_FUA_07581,Dehradun,50,75,0,0,0,0
IND_FUA_07581,Dehradun,75,100,0,0,0,0
IND_FUA_07581,Dehradun,100,200,0,0,0,0
IND_FUA_07581,Dehradun,200,500,0,0,0,0
IND_FUA_07601,Kota,10,20,0,0,0,0
IND_FUA_07601,Kota,20,50,2,249,0.88599999994,1.05399998277
IND_FUA_07601,Kota,50,75,1,378,0.366999983788,0.366999983788
IND_FUA_07601,Kota,75,100,0,0,0,0
IND_FUA_07601,Kota,100,200,0,0,0,0
IND_FUA_07601,Kota,200,500,1,54,0.134999990463,0.134999990463
IND_FUA_07617,Pune,10,20,1,31,0.673000007868,0.673000007868
IND_FUA_07617,Pune,20,50,1,785,0.676999986172,0.676999986172
IND_FUA_07617,Pune,50,75,0,0,0,0
IND_FUA_07617,Pune,75,100,1,5,0.745999991894,0.745999991894
IND_FUA_07617,Pune,100,200,0,0,0,0
IND_FUA_07617,Pune,200,500,0,0,0,0
IND_FUA_07631,Haridwar,10,20,3,172,0.895999997854,2.59699998796
IND_FUA_07631,Haridwar,20,50,2,229,0.791999995708,1.30099999905
IND_FUA_07631,Haridwar,50,75,2,7,0.22000002861,0.282999992371
IND_FUA_07631,Haridwar,75,100,1,2,0.527999997139,0.527999997139
IND_FUA_07631,Haridwar,100,200,1,157,0.854000002146,0.854000002146
IND_FUA_07631,Haridwar,200,500,3,259,0.710000008345,1.78000000119
IND_FUA_07643,Meerut,10,20,0,0,0,0
IND_FUA_07643,Meerut,20,50,0,0,0,0
IND_FUA_07643,Meerut,50,75,0,0,0,0
IND_FUA_07643,Meerut,75,100,0,0,0,0
IND_FUA_07643,Meerut,100,200,0,0,0,0
IND_FUA_07643,Meerut,200,500,0,0,0,0
IND_FUA_07839,Indore,10,20,0,0,0,0
IND_FUA_07839,Indore,20,50,0,0,0,0
IND_FUA_07839,Indore,50,75,0,0,0,0
IND_FUA_07839,Indore,75,100,0,0,0,0
IND_FUA_07839,Indore,100,200,0,0,0,0
IND_FUA_07839,Indore,200,500,0,0,0,0
IND_FUA_07881,Kolhapur,10,20,0,0,0,0
IND_FUA_07881,Kolhapur,20,50,1,14,0.641000002623,0.641000002623
IND_FUA_07881,Kolhapur,50,75,0,0,0,0
IND_FUA_07881,Kolhapur,75,100,0,0,0,0
IND_FUA_07881,Kolhapur,100,200,0,0,0,0
IND_FUA_07881,Kolhapur,200,500,0,0,0,0
IND_FUA_07895,Aligarh,10,20,0,0,0,0
IND_FUA_07895,Aligarh,20,50,6,598,0.120000004768,0.72000002861
IND_FUA_07895,Aligarh,50,75,2,143,0.63299998641,0.638999998569
IND_FUA_07895,Aligarh,75,100,0,0,0,0
IND_FUA_07895,Aligarh,100,200,3,1078,0.364000022411,1.09200006723
IND_FUA_07895,Aligarh,200,500,0,0,0,0
IND_FUA_07933,Moradabad,10,20,0,0,0,0
IND_FUA_07933,Moradabad,20,50,0,0,0,0
IND_FUA_07933,Moradabad,50,75,14,3786,0.162000000477,0.603999942541
IND_FUA_07933,Moradabad,75,100,0,0,0,0
IND_FUA_07933,Moradabad,100,200,1,5,0.856000006199,0.856000006199
IND_FUA_07933,Moradabad,200,500,0,0,0,0
IND_FUA_07957,Agra,10,20,0,0,0,0
IND_FUA_07957,Agra,20,50,0,0,0,0
IND_FUA_07957,Agra,50,75,0,0,0,0
IND_FUA_07957,Agra,75,100,0,0,0,0
IND_FUA_07957,Agra,100,200,1,42,0.683999985456,0.683999985456
IND_FUA_07957,Agra,200,500,0,0,0,0
IND_FUA_07961,Aurangabad,10,20,0,0,0,0
IND_FUA_07961,Aurangabad,20,50,0,0,0,0
IND_FUA_07961,Aurangabad,50,75,0,0,0,0
IND_FUA_07961,Aurangabad,75,100,0,0,0,0
IND_FUA_07961,Aurangabad,100,200,0,0,0,0
IND_FUA_07961,Aurangabad,200,500,0,0,0,0
IND_FUA_07996,Sangli,10,20,0,0,0,0
IND_FUA_07996,Sangli,20,50,0,0,0,0
IND_FUA_07996,Sangli,50,75,0,0,0,0
IND_FUA_07996,Sangli,75,100,0,0,0,0
IND_FUA_07996,Sangli,100,200,0,0,0,0
IND_FUA_07996,Sangli,200,500,0,0,0,0
IND_FUA_08144,Gwalior,10,20,0,0,0,0
IND_FUA_08144,Gwalior,20,50,0,0,0,0
IND_FUA_08144,Gwalior,50,75,0,0,0,0
IND_FUA_08144,Gwalior,75,100,0,0,0,0
IND_FUA_08144,Gwalior,100,200,0,0,0,0
IND_FUA_08144,Gwalior,200,500,0,0,0,0
IND_FUA_08224,Bareilly,10,20,0,0,0,0
IND_FUA_08224,Bareilly,20,50,0,0,0,0
IND_FUA_08224,Bareilly,50,75,0,0,0,0
IND_FUA_08224,Bareilly,75,100,0,0,0,0
IND_FUA_08224,Bareilly,100,200,0,0,0,0
IND_FUA_08224,Bareilly,200,500,1,2,0.868000000715,0.868000000715
IND_FUA_08258,Bhopal,10,20,0,0,0,0
IND_FUA_08258,Bhopal,20,50,0,0,0,0
IND_FUA_08258,Bhopal,50,75,0,0,0,0
IND_FUA_08258,Bhopal,75,100,0,0,0,0
IND_FUA_08258,Bhopal,100,200,0,0,0,0
IND_FUA_08258,Bhopal,200,500,0,0,0,0
IND_FUA_08319,Mangaluru,10,20,1,2,0.601999998093,0.601999998093
IND_FUA_08319,Mangaluru,20,50,5,179,0.699999988079,2.57699999213
IND_FUA_08319,Mangaluru,50,75,5,50,0.859999999404,2.89100001752
IND_FUA_08319,Mangaluru,75,100,3,177,0.733999997377,1.93399998546
IND_FUA_08319,Mangaluru,100,200,1,2,0.769999995828,0.769999995828
IND_FUA_08319,Mangaluru,200,500,2,158,0.850999996066,1.43800000846
IND_FUA_08341,Solapur,10,20,0,0,0,0
IND_FUA_08341,Solapur,20,50,0,0,0,0
IND_FUA_08341,Solapur,50,75,0,0,0,0
IND_FUA_08341,Solapur,75,100,0,0,0,0
IND_FUA_08341,Solapur,100,200,0,0,0,0
IND_FUA_08341,Solapur,200,500,0,0,0,0
IND_FUA_08419,Farrukhabad,10,20,0,0,0,0
IND_FUA_08419,Farrukhabad,20,50,0,0,0,0
IND_FUA_08419,Farrukhabad,50,75,0,0,0,0
IND_FUA_08419,Farrukhabad,75,100,0,0,0,0
IND_FUA_08419,Farrukhabad,100,200,0,0,0,0
IND_FUA_08419,Farrukhabad,200,500,0,0,0,0
IND_FUA_08433,Shahjahanpur,10,20,0,0,0,0
IND_FUA_08433,Shahjahanpur,20,50,0,0,0,0
IND_FUA_08433,Shahjahanpur,50,75,16,19803,0.0939999818802,0.63199993968
IND_FUA_08433,Shahjahanpur,75,100,0,0,0,0
IND_FUA_08433,Shahjahanpur,100,200,0,0,0,0
IND_FUA_08433,Shahjahanpur,200,500,0,0,0,0
IND_FUA_08497,Kannur,10,20,8,383,0.735000014305,4.47500014305
IND_FUA_08497,Kannur,20,50,7,578,0.891000002623,4.7650000006
IND_FUA_08497,Kannur,50,75,5,44,0.818000003695,3.21800000966
IND_FUA_08497,Kannur,75,100,3,938,0.770999997854,1.99799996614
IND_FUA_08497,Kannur,100,200,20,1147,0.833000004292,10.9450000674
IND_FUA_08497,Kannur,200,500,9,293,0.833000004292,5.8789999783
IND_FUA_08587,Hardoi,10,20,0,0,0,0
IND_FUA_08587,Hardoi,20,50,0,0,0,0
IND_FUA_08587,Hardoi,50,75,0,0,0,0
IND_FUA_08587,Hardoi,75,100,0,0,0,0
IND_FUA_08587,Hardoi,100,200,0,0,0,0
IND_FUA_08587,Hardoi,200,500,0,0,0,0
IND_FUA_08595,Thalassery,10,20,0,0,0,0
IND_FUA_08595,Thalassery,20,50,1,4,0.668999999762,0.668999999762
IND_FUA_08595,Thalassery,50,75,2,4,0.866999998689,1.67100000381
IND_FUA_08595,Thalassery,75,100,1,2,0.471000015736,0.471000015736
IND_FUA_08595,Thalassery,100,200,2,59,0.847000002861,1.47800001502
IND_FUA_08595,Thalassery,200,500,2,9,0.866999998689,1.30899997056
IND_FUA_08673,Kozhikode,10,20,3,39,0.367999970913,0.694000005722
IND_FUA_08673,Kozhikode,20,50,6,309,0.694999992847,3.18399995565
IND_FUA_08673,Kozhikode,50,75,1,67,0.226999998093,0.226999998093
IND_FUA_08673,Kozhikode,75,100,0,0,0,0
IND_FUA_08673,Kozhikode,100,200,2,116,0.724000006914,1.27000001073
IND_FUA_08673,Kozhikode,200,500,0,0,0,0
IND_FUA_08674,Guruvayur,10,20,11,961,0.797999992967,4.96699999273
IND_FUA_08674,Guruvayur,20,50,4,18,0.791999995708,1.77200001478
IND_FUA_08674,Guruvayur,50,75,1,37,0.696000009775,0.696000009775
IND_FUA_08674,Guruvayur,75,100,1,12,0.844999998808,0.844999998808
IND_FUA_08674,Guruvayur,100,200,3,264,0.873999997973,2.38699999452
IND_FUA_08674,Guruvayur,200,500,1,12,0.729999989271,0.729999989271
IND_FUA_08675,Malappuram,10,20,4,143,0.541000008583,1.57300001383
IND_FUA_08675,Malappuram,20,50,0,0,0,0
IND_FUA_08675,Malappuram,50,75,0,0,0,0
IND_FUA_08675,Malappuram,75,100,0,0,0,0
IND_FUA_08675,Malappuram,100,200,0,0,0,0
IND_FUA_08675,Malappuram,200,500,0,0,0,0
IND_FUA_08686,Lakhimpur,10,20,0,0,0,0
IND_FUA_08686,Lakhimpur,20,50,0,0,0,0
IND_FUA_08686,Lakhimpur,50,75,0,0,0,0
IND_FUA_08686,Lakhimpur,75,100,0,0,0,0
IND_FUA_08686,Lakhimpur,100,200,0,0,0,0
IND_FUA_08686,Lakhimpur,200,500,0,0,0,0
IND_FUA_08722,Kanpur,10,20,0,0,0,0
IND_FUA_08722,Kanpur,20,50,1,10,0.802000001073,0.802000001073
IND_FUA_08722,Kanpur,50,75,4,1275,0.0180000066757,0.0339999943972
IND_FUA_08722,Kanpur,75,100,0,0,0,0
IND_FUA_08722,Kanpur,100,200,0,0,0,0
IND_FUA_08722,Kanpur,200,500,0,0,0,0
IND_FUA_08848,Lucknow,10,20,1,27,0.894000001252,0.894000001252
IND_FUA_08848,Lucknow,20,50,1,34,0.804000005126,0.804000005126
IND_FUA_08848,Lucknow,50,75,0,0,0,0
IND_FUA_08848,Lucknow,75,100,0,0,0,0
IND_FUA_08848,Lucknow,100,200,1,189,0.898000001907,0.898000001907
IND_FUA_08848,Lucknow,200,500,0,0,0,0
IND_FUA_08896,Mysuru,10,20,0,0,0,0
IND_FUA_08896,Mysuru,20,50,0,0,0,0
IND_FUA_08896,Mysuru,50,75,0,0,0,0
IND_FUA_08896,Mysuru,75,100,0,0,0,0
IND_FUA_08896,Mysuru,100,200,0,0,0,0
IND_FUA_08896,Mysuru,200,500,0,0,0,0
IND_FUA_08900,Kochi,10,20,34,6864,0.872999995947,20.6300000697
IND_FUA_08900,Kochi,20,50,46,3304,0.863999992609,28.4939999431
IND_FUA_08900,Kochi,50,75,15,1037,0.896999999881,11.1790000424
IND_FUA_08900,Kochi,75,100,13,1702,0.898000001907,10.3799999878
IND_FUA_08900,Kochi,100,200,18,5387,0.89999999851,13.0370000154
IND_FUA_08900,Kochi,200,500,35,3892,0.895999997854,24.084000051
IND_FUA_08952,Nagpur,10,20,0,0,0,0
IND_FUA_08952,Nagpur,20,50,0,0,0,0
IND_FUA_08952,Nagpur,50,75,0,0,0,0
IND_FUA_08952,Nagpur,75,100,0,0,0,0
IND_FUA_08952,Nagpur,100,200,0,0,0,0
IND_FUA_08952,Nagpur,200,500,0,0,0,0
IND_FUA_08997,Kollam,10,20,28,1292,0.895000003278,16.2209998071
IND_FUA_08997,Kollam,20,50,21,2461,0.89999999851,15.6010000184
IND_FUA_08997,Kollam,50,75,10,358,0.811000004411,6.05599999428
IND_FUA_08997,Kollam,75,100,16,1468,0.89999999851,9.95399998873
IND_FUA_08997,Kollam,100,200,11,1389,0.78900000453,5.2800000906
IND_FUA_08997,Kollam,200,500,16,1159,0.831000000238,10.4409999698
IND_FUA_09007,Jabalpur,10,20,0,0,0,0
IND_FUA_09007,Jabalpur,20,50,1,7,0.804000005126,0.804000005126
IND_FUA_09007,Jabalpur,50,75,0,0,0,0
IND_FUA_09007,Jabalpur,75,100,0,0,0,0
IND_FUA_09007,Jabalpur,100,200,0,0,0,0
IND_FUA_09007,Jabalpur,200,500,1,42,0.398999989033,0.398999989033
IND_FUA_09013,Ettumanoor,10,20,3,18,0.834000006318,2.02999998629
IND_FUA_09013,Ettumanoor,20,50,2,959,0.804000005126,1.6060000062
IND_FUA_09013,Ettumanoor,50,75,0,0,0,0
IND_FUA_09013,Ettumanoor,75,100,0,0,0,0
IND_FUA_09013,Ettumanoor,100,200,4,2169,0.850999996066,3.39800000191
IND_FUA_09013,Ettumanoor,200,500,0,0,0,0
IND_FUA_09045,Hyderabad,10,20,0,0,0,0
IND_FUA_09045,Hyderabad,20,50,0,0,0,0
IND_FUA_09045,Hyderabad,50,75,1,5,0.824000000954,0.824000000954
IND_FUA_09045,Hyderabad,75,100,0,0,0,0
IND_FUA_09045,Hyderabad,100,200,0,0,0,0
IND_FUA_09045,Hyderabad,200,500,0,0,0,0
IND_FUA_09069,Coimbatore,10,20,0,0,0,0
IND_FUA_09069,Coimbatore,20,50,0,0,0,0
IND_FUA_09069,Coimbatore,50,75,0,0,0,0
IND_FUA_09069,Coimbatore,75,100,0,0,0,0
IND_FUA_09069,Coimbatore,100,200,0,0,0,0
IND_FUA_09069,Coimbatore,200,500,0,0,0,0
IND_FUA_09099,Bengaluru,10,20,0,0,0,0
IND_FUA_09099,Bengaluru,20,50,0,0,0,0
IND_FUA_09099,Bengaluru,50,75,0,0,0,0
IND_FUA_09099,Bengaluru,75,100,0,0,0,0
IND_FUA_09099,Bengaluru,100,200,0,0,0,0
IND_FUA_09099,Bengaluru,200,500,0,0,0,0
IND_FUA_09129,Gonda,10,20,0,0,0,0
IND_FUA_09129,Gonda,20,50,0,0,0,0
IND_FUA_09129,Gonda,50,75,0,0,0,0
IND_FUA_09129,Gonda,75,100,0,0,0,0
IND_FUA_09129,Gonda,100,200,0,0,0,0
IND_FUA_09129,Gonda,200,500,0,0,0,0
IND_FUA_09157,Thiruvananthapuram,10,20,0,0,0,0
IND_FUA_09157,Thiruvananthapuram,20,50,1,2,0.887999996543,0.887999996543
IND_FUA_09157,Thiruvananthapuram,50,75,0,0,0,0
IND_FUA_09157,Thiruvananthapuram,75,100,0,0,0,0
IND_FUA_09157,Thiruvananthapuram,100,200,1,28,0.755999997258,0.755999997258
IND_FUA_09157,Thiruvananthapuram,200,500,1,10,0.669999986887,0.669999986887
IND_FUA_09165,Tiruppur,10,20,0,0,0,0
IND_FUA_09165,Tiruppur,20,50,0,0,0,0
IND_FUA_09165,Tiruppur,50,75,0,0,0,0
IND_FUA_09165,Tiruppur,75,100,0,0,0,0
IND_FUA_09165,Tiruppur,100,200,0,0,0,0
IND_FUA_09165,Tiruppur,200,500,0,0,0,0
IND_FUA_09195,Faizabad,10,20,0,0,0,0
IND_FUA_09195,Faizabad,20,50,0,0,0,0
IND_FUA_09195,Faizabad,50,75,29,1186,0.0390000343323,0.569000542164
IND_FUA_09195,Faizabad,75,100,0,0,0,0
IND_FUA_09195,Faizabad,100,200,0,0,0,0
IND_FUA_09195,Faizabad,200,500,0,0,0,0
IND_FUA_09258,Sultanpur,10,20,0,0,0,0
IND_FUA_09258,Sultanpur,20,50,0,0,0,0
IND_FUA_09258,Sultanpur,50,75,0,0,0,0
IND_FUA_09258,Sultanpur,75,100,0,0,0,0
IND_FUA_09258,Sultanpur,100,200,0,0,0,0
IND_FUA_09258,Sultanpur,200,500,0,0,0,0
IND_FUA_09266,Erode,10,20,1,407,0.516999989748,0.516999989748
IND_FUA_09266,Erode,20,50,0,0,0,0
IND_FUA_09266,Erode,50,75,0,0,0,0
IND_FUA_09266,Erode,75,100,0,0,0,0
IND_FUA_09266,Erode,100,200,0,0,0,0
IND_FUA_09266,Erode,200,500,0,0,0,0
IND_FUA_09282,Prayagraj,10,20,0,0,0,0
IND_FUA_09282,Prayagraj,20,50,0,0,0,0
IND_FUA_09282,Prayagraj,50,75,1,155,0.580000013113,0.580000013113
IND_FUA_09282,Prayagraj,75,100,0,0,0,0
IND_FUA_09282,Prayagraj,100,200,0,0,0,0
IND_FUA_09282,Prayagraj,200,500,0,0,0,0
IND_FUA_09368,Salem,10,20,0,0,0,0
IND_FUA_09368,Salem,20,50,0,0,0,0
IND_FUA_09368,Salem,50,75,0,0,0,0
IND_FUA_09368,Salem,75,100,0,0,0,0
IND_FUA_09368,Salem,100,200,0,0,0,0
IND_FUA_09368,Salem,200,500,0,0,0,0
IND_FUA_09444,Madurai,10,20,0,0,0,0
IND_FUA_09444,Madurai,20,50,1,10,0.765000000596,0.765000000596
IND_FUA_09444,Madurai,50,75,0,0,0,0
IND_FUA_09444,Madurai,75,100,0,0,0,0
IND_FUA_09444,Madurai,100,200,0,0,0,0
IND_FUA_09444,Madurai,200,500,1,22,0.855000004172,0.855000004172
IND_FUA_09500,Gorakhpur,10,20,1,176,0.496999979019,0.496999979019
IND_FUA_09500,Gorakhpur,20,50,0,0,0,0
IND_FUA_09500,Gorakhpur,50,75,217,48677,0.957999944687,155.086998418
IND_FUA_09500,Gorakhpur,75,100,0,0,0,0
IND_FUA_09500,Gorakhpur,100,200,0,0,0,0
IND_FUA_09500,Gorakhpur,200,500,0,0,0,0
IND_FUA_09544,Tiruchirappalli,10,20,2,64,0.673000007868,0.982000023127
IND_FUA_09544,Tiruchirappalli,20,50,1,2,0.891000002623,0.891000002623
IND_FUA_09544,Tiruchirappalli,50,75,0,0,0,0
IND_FUA_09544,Tiruchirappalli,75,100,0,0,0,0
IND_FUA_09544,Tiruchirappalli,100,200,0,0,0,0
IND_FUA_09544,Tiruchirappalli,200,500,0,0,0,0
IND_FUA_09562,Varanasi,10,20,6,436,0.727999985218,2.54100000858
IND_FUA_09562,Varanasi,20,50,0,0,0,0
IND_FUA_09562,Varanasi,50,75,0,0,0,0
IND_FUA_09562,Varanasi,75,100,0,0,0,0
IND_FUA_09562,Varanasi,100,200,1,494,0.520999997854,0.520999997854
IND_FUA_09562,Varanasi,200,500,2,176,0.879000000656,1.67799999565
IND_FUA_09564,Durg,10,20,1,29,0.308000028133,0.308000028133
IND_FUA_09564,Durg,20,50,0,0,0,0
IND_FUA_09564,Durg,50,75,0,0,0,0
IND_FUA_09564,Durg,75,100,0,0,0,0
IND_FUA_09564,Durg,100,200,0,0,0,0
IND_FUA_09564,Durg,200,500,0,0,0,0
IND_FUA_09570,Vellore,10,20,0,0,0,0
IND_FUA_09570,Vellore,20,50,0,0,0,0
IND_FUA_09570,Vellore,50,75,0,0,0,0
IND_FUA_09570,Vellore,75,100,0,0,0,0
IND_FUA_09570,Vellore,100,200,0,0,0,0
IND_FUA_09570,Vellore,200,500,0,0,0,0
IND_FUA_09620,Raipur,10,20,0,0,0,0
IND_FUA_09620,Raipur,20,50,0,0,0,0
IND_FUA_09620,Raipur,50,75,0,0,0,0
IND_FUA_09620,Raipur,75,100,0,0,0,0
IND_FUA_09620,Raipur,100,200,1,2,0.833000004292,0.833000004292
IND_FUA_09620,Raipur,200,500,1,7,0.79999999702,0.79999999702
IND_FUA_09710,Bilaspur,10,20,0,0,0,0
IND_FUA_09710,Bilaspur,20,50,0,0,0,0
IND_FUA_09710,Bilaspur,50,75,0,0,0,0
IND_FUA_09710,Bilaspur,75,100,0,0,0,0
IND_FUA_09710,Bilaspur,100,200,0,0,0,0
IND_FUA_09710,Bilaspur,200,500,0,0,0,0
IND_FUA_09782,Kuchai Kot,10,20,1,2,0.792999997735,0.792999997735
IND_FUA_09782,Kuchai Kot,20,50,0,0,0,0
IND_FUA_09782,Kuchai Kot,50,75,0,0,0,0
IND_FUA_09782,Kuchai Kot,75,100,0,0,0,0
IND_FUA_09782,Kuchai Kot,100,200,0,0,0,0
IND_FUA_09782,Kuchai Kot,200,500,0,0,0,0
IND_FUA_09794,Vijayawada,10,20,1,35,0.553999990225,0.553999990225
IND_FUA_09794,Vijayawada,20,50,0,0,0,0
IND_FUA_09794,Vijayawada,50,75,0,0,0,0
IND_FUA_09794,Vijayawada,75,100,0,0,0,0
IND_FUA_09794,Vijayawada,100,200,1,294,0.72499999404,0.72499999404
IND_FUA_09794,Vijayawada,200,500,0,0,0,0
IND_FUA_09834,Puducherry,10,20,1,30,0.645999997854,0.645999997854
IND_FUA_09834,Puducherry,20,50,0,0,0,0
IND_FUA_09834,Puducherry,50,75,0,0,0,0
IND_FUA_09834,Puducherry,75,100,0,0,0,0
IND_FUA_09834,Puducherry,100,200,0,0,0,0
IND_FUA_09834,Puducherry,200,500,0,0,0,0
IND_FUA_09850,Chennai,10,20,2,754,0.475000023842,0.650000035763
IND_FUA_09850,Chennai,20,50,7,724,0.820999994874,2.38699994981
IND_FUA_09850,Chennai,50,75,2,54,0.809000000358,1.41900001466
IND_FUA_09850,Chennai,75,100,1,12,0.775999993086,0.775999993086
IND_FUA_09850,Chennai,100,200,2,3,0.464999973774,0.929999947548
IND_FUA_09850,Chennai,200,500,2,742,0.841999992728,1.58299998939
IND_FUA_10007,Muzaffarpur,10,20,1,34,0.761000007391,0.761000007391
IND_FUA_10007,Muzaffarpur,20,50,2,121,0.853000000119,1.5680000037
IND_FUA_10007,Muzaffarpur,50,75,0,0,0,0
IND_FUA_10007,Muzaffarpur,75,100,0,0,0,0
IND_FUA_10007,Muzaffarpur,100,200,1,1,0.898999996483,0.898999996483
IND_FUA_10007,Muzaffarpur,200,500,0,0,0,0
IND_FUA_10017,Patna,10,20,1,54,0.894000001252,0.894000001252
IND_FUA_10017,Patna,20,50,1,94,0.701000005007,0.701000005007
IND_FUA_10017,Patna,50,75,0,0,0,0
IND_FUA_10017,Patna,75,100,1,1015,0.135999977589,0.135999977589
IND_FUA_10017,Patna,100,200,1,337,0.831000000238,0.831000000238
IND_FUA_10017,Patna,200,500,0,0,0,0
IND_FUA_10065,Gaya,10,20,0,0,0,0
IND_FUA_10065,Gaya,20,50,0,0,0,0
IND_FUA_10065,Gaya,50,75,0,0,0,0
IND_FUA_10065,Gaya,75,100,0,0,0,0
IND_FUA_10065,Gaya,100,200,0,0,0,0
IND_FUA_10065,Gaya,200,500,0,0,0,0
IND_FUA_10142,Visakhapatnam,10,20,0,0,0,0
IND_FUA_10142,Visakhapatnam,20,50,0,0,0,0
IND_FUA_10142,Visakhapatnam,50,75,0,0,0,0
IND_FUA_10142,Visakhapatnam,75,100,0,0,0,0
IND_FUA_10142,Visakhapatnam,100,200,0,0,0,0
IND_FUA_10142,Visakhapatnam,200,500,0,0,0,0
IND_FUA_10152,Begusarai,10,20,0,0,0,0
IND_FUA_10152,Begusarai,20,50,0,0,0,0
IND_FUA_10152,Begusarai,50,75,0,0,0,0
IND_FUA_10152,Begusarai,75,100,0,0,0,0
IND_FUA_10152,Begusarai,100,200,0,0,0,0
IND_FUA_10152,Begusarai,200,500,0,0,0,0
IND_FUA_10168,Ranchi,10,20,0,0,0,0
IND_FUA_10168,Ranchi,20,50,0,0,0,0
IND_FUA_10168,Ranchi,50,75,0,0,0,0
IND_FUA_10168,Ranchi,75,100,0,0,0,0
IND_FUA_10168,Ranchi,100,200,0,0,0,0
IND_FUA_10168,Ranchi,200,500,0,0,0,0
IND_FUA_10243,Dhanbad,10,20,1,4,0.701999992132,0.701999992132
IND_FUA_10243,Dhanbad,20,50,0,0,0,0
IND_FUA_10243,Dhanbad,50,75,0,0,0,0
IND_FUA_10243,Dhanbad,75,100,0,0,0,0
IND_FUA_10243,Dhanbad,100,200,0,0,0,0
IND_FUA_10243,Dhanbad,200,500,107,12761,14.1829996109,533.123000383
IND_FUA_10285,Jamshedpur,10,20,2,9,0.880999997258,1.33199997246
IND_FUA_10285,Jamshedpur,20,50,3,591,0.894000001252,1.89700002223
IND_FUA_10285,Jamshedpur,50,75,0,0,0,0
IND_FUA_10285,Jamshedpur,75,100,1,27,0.706000000238,0.706000000238
IND_FUA_10285,Jamshedpur,100,200,0,0,0,0
IND_FUA_10285,Jamshedpur,200,500,0,0,0,0
IND_FUA_10313,Asansol,10,20,1,7,0.856000006199,0.856000006199
IND_FUA_10313,Asansol,20,50,4,18,0.884000003338,2.11899998784
IND_FUA_10313,Asansol,50,75,1,5,0.873999997973,0.873999997973
IND_FUA_10313,Asansol,75,100,0,0,0,0
IND_FUA_10313,Asansol,100,200,4,13,0.655999988317,2.45199996233
IND_FUA_10313,Asansol,200,500,96,7244,10.7550001144,245.316999249
IND_FUA_10354,Bhubaneshwar,10,20,2,26,0.865999996662,1.62299999595
IND_FUA_10354,Bhubaneshwar,20,50,0,0,0,0
IND_FUA_10354,Bhubaneshwar,50,75,0,0,0,0
IND_FUA_10354,Bhubaneshwar,75,100,0,0,0,0
IND_FUA_10354,Bhubaneshwar,100,200,2,40,0.855000004172,1.51099999249
IND_FUA_10354,Bhubaneshwar,200,500,0,0,0,0
IND_FUA_10432,Berhampore,10,20,0,0,0,0
IND_FUA_10432,Berhampore,20,50,5,20,0.862000003457,3.42700001597
IND_FUA_10432,Berhampore,50,75,1,4,0.868000000715,0.868000000715
IND_FUA_10432,Berhampore,75,100,0,0,0,0
IND_FUA_10432,Berhampore,100,200,0,0,0,0
IND_FUA_10432,Berhampore,200,500,2,138,0.743000000715,1.48500001431
IND_FUA_10441,Tamluk,10,20,63,4410,0.892999999225,33.8340002075
IND_FUA_10441,Tamluk,20,50,94,10133,0.896999999881,49.1360000223
IND_FUA_10441,Tamluk,50,75,219,32589,0.89999999851,102.701999918
IND_FUA_10441,Tamluk,75,100,41,2518,0.895999997854,24.2140000388
IND_FUA_10441,Tamluk,100,200,74,10338,0.895999997854,38.6169999167
IND_FUA_10441,Tamluk,200,500,14,2985,0.880999997258,7.36600001156
IND_FUA_10452,Kolkata,10,20,206,33486,0.89999999851,126.916999981
IND_FUA_10452,Kolkata,20,50,167,22617,0.896999999881,93.9940002859
IND_FUA_10452,Kolkata,50,75,60,7546,0.89999999851,43.5869999677
IND_FUA_10452,Kolkata,75,100,54,6415,0.896999999881,42.14799992
IND_FUA_10452,Kolkata,100,200,106,16419,0.898999996483,64.0969998911
IND_FUA_10452,Kolkata,200,500,133,25302,0.898999996483,91.9780000001
IND_FUA_10453,Kolkata,10,20,4,126,0.856000006199,2.87000000477
IND_FUA_10453,Kolkata,20,50,1,7,0.543000012636,0.543000012636
IND_FUA_10453,Kolkata,50,75,0,0,0,0
IND_FUA_10453,Kolkata,75,100,1,1025,0.871000006795,0.871000006795
IND_FUA_10453,Kolkata,100,200,1,15,0.655999988317,0.655999988317
IND_FUA_10453,Kolkata,200,500,15,95,0.351999998093,3.37999993563
IND_FUA_10496,Guwahati,10,20,2,6,0.857999995351,1.31900002062
IND_FUA_10496,Guwahati,20,50,1,10,0.871000006795,0.871000006795
IND_FUA_10496,Guwahati,50,75,53,6606,0.619999885559,21.0280019641
IND_FUA_10496,Guwahati,75,100,0,0,0,0
IND_FUA_10496,Guwahati,100,200,1,207,0.762999996543,0.762999996543
IND_FUA_10496,Guwahati,200,500,0,0,0,0
IND_FUA_10533,Imphal,10,20,17,315,0.881999999285,11.1839999855
IND_FUA_10533,Imphal,20,50,5,97,0.895999997854,3.55500000715
IND_FUA_10533,Imphal,50,75,1,4,0.894000001252,0.894000001252
IND_FUA_10533,Imphal,75,100,0,0,0,0
IND_FUA_10533,Imphal,100,200,1,2,0.821999996901,0.821999996901
IND_FUA_10533,Imphal,200,500,2,531,0.758000001311,1.5150000006
