unit_key,eFUA_name,scenario,denominator_m2,retained_added_surface_fraction,depth_m
IND_FUA_02091,Srinagar,ghsl_only,628655,1,0.876950240421
IND_FUA_02091,Srinagar,endpoint_supported,109413.768572,0.174044219122,1.01150659219
IND_FUA_02091,Srinagar,preexisting_detected_screened,325117.72576,0.517163986225,0.860884828828
IND_FUA_02091,Srinagar,joint_supported_screened,33105.0204128,0.0526600765328,0.889345546671
IND_FUA_03357,Jammu,ghsl_only,2691946,1,0.0836882828889
IND_FUA_03357,Jammu,endpoint_supported,723087.702877,0.268611518536,0.0812735107587
IND_FUA_03357,Jammu,preexisting_detected_screened,2127792.60738,0.790429156968,0.0877522542926
IND_FUA_03357,Jammu,joint_supported_screened,486460.579203,0.180709635038,0.093258788995
IND_FUA_03722,Rajkot,ghsl_only,2602277,1,0.000762409228533
IND_FUA_03722,Rajkot,endpoint_supported,905335.44815,0.347901260377,0.000230284476982
IND_FUA_03722,Rajkot,preexisting_detected_screened,2098220.22245,0.806301643696,0.000872711979498
IND_FUA_03722,Rajkot,joint_supported_screened,677966.912634,0.260528342153,0.000267600033254
IND_FUA_04396,Amritsar,ghsl_only,7248249,1,0.0452043669874
IND_FUA_04396,Amritsar,endpoint_supported,1543025.47369,0.212882514618,0.0411966395436
IND_FUA_04396,Amritsar,preexisting_detected_screened,5339635.82523,0.736679413915,0.0508271601322
IND_FUA_04396,Amritsar,joint_supported_screened,911182.705848,0.12571073453,0.0483805675533
IND_FUA_05324,Jodhpur,ghsl_only,5353498,1,0.0359714066891
IND_FUA_05324,Jodhpur,endpoint_supported,1825520.27706,0.340995789494,0.0242751637653
IND_FUA_05324,Jodhpur,preexisting_detected_screened,4471809.31564,0.835306058887,0.0417583074118
IND_FUA_05324,Jodhpur,joint_supported_screened,1405691.34794,0.26257436688,0.0299950760464
IND_FUA_05617,Jalandhar,ghsl_only,2645259,1,0.00621432117105
IND_FUA_05617,Jalandhar,endpoint_supported,551130.215014,0.208346409563,0.0040036886299
IND_FUA_05617,Jalandhar,preexisting_detected_screened,2073687.3322,0.78392600959,0.00727429407315
IND_FUA_05617,Jalandhar,joint_supported_screened,343699.978902,0.12993055837,0.00506438798169
IND_FUA_05991,Ahmedabad,ghsl_only,7574231,1,0.424207700507
IND_FUA_05991,Ahmedabad,endpoint_supported,3105404.17254,0.409995968243,0.440614143673
IND_FUA_05991,Ahmedabad,preexisting_detected_screened,6214999.00312,0.820545214837,0.427720658811
IND_FUA_05991,Ahmedabad,joint_supported_screened,2388671.06471,0.315368129743,0.461625100246
IND_FUA_06065,Ludhiana,ghsl_only,4419355,1,0.112304843224
IND_FUA_06065,Ludhiana,endpoint_supported,1081019.64704,0.24461027617,0.105710016696
IND_FUA_06065,Ludhiana,preexisting_detected_screened,3374182.17052,0.763501047215,0.120464940351
IND_FUA_06065,Ludhiana,joint_supported_screened,680085.515156,0.153887957667,0.117314662487
IND_FUA_06611,Surat,ghsl_only,3596650,1,1.06741840698
IND_FUA_06611,Surat,endpoint_supported,1453918.33417,0.404242373923,1.0644232401
IND_FUA_06611,Surat,preexisting_detected_screened,2762766.15277,0.768149848545,1.04171775208
IND_FUA_06611,Surat,joint_supported_screened,1098549.25659,0.305436797182,1.08676022337
IND_FUA_06651,Vadodara,ghsl_only,3106926,1,0.169255487762
IND_FUA_06651,Vadodara,endpoint_supported,1349182.83639,0.434250071094,0.200644619413
IND_FUA_06651,Vadodara,preexisting_detected_screened,2704286.6594,0.870405880087,0.16524548143
IND_FUA_06651,Vadodara,joint_supported_screened,1144800.84342,0.368467367236,0.199438524769
IND_FUA_06781,Chandigarh,ghsl_only,6519940,1,0.002114893135
IND_FUA_06781,Chandigarh,endpoint_supported,2218648.44134,0.340286634745,0.000751967811722
IND_FUA_06781,Chandigarh,preexisting_detected_screened,5337831.4109,0.818693333205,0.00215571244694
IND_FUA_06781,Chandigarh,joint_supported_screened,1711764.10177,0.262542922446,0.000652582750225
IND_FUA_07108,Silvassa,ghsl_only,1315759,1,0.260892811439
IND_FUA_07108,Silvassa,endpoint_supported,421246.174162,0.320154507141,0.162451634691
IND_FUA_07108,Silvassa,preexisting_detected_screened,1045042.54336,0.794250727798,0.260922195866
IND_FUA_07108,Silvassa,joint_supported_screened,322019.122435,0.244740201234,0.156407745825
IND_FUA_07139,Vasai-Virar,ghsl_only,501725,1,1.17413223585
IND_FUA_07139,Vasai-Virar,endpoint_supported,127052.133447,0.253230621251,1.06415439859
IND_FUA_07139,Vasai-Virar,preexisting_detected_screened,356957.356018,0.711460174434,1.2623732317
IND_FUA_07139,Vasai-Virar,joint_supported_screened,79547.1052708,0.158547222623,1.12978560721
IND_FUA_07163,Mumbai,ghsl_only,4697571,1,0.390341067314
IND_FUA_07163,Mumbai,endpoint_supported,1419320.19963,0.302139169292,0.35803076616
IND_FUA_07163,Mumbai,preexisting_detected_screened,3281990.28695,0.698656877555,0.360035031785
IND_FUA_07163,Mumbai,joint_supported_screened,916929.828708,0.195192329974,0.323088876042
IND_FUA_07320,Jaipur,ghsl_only,13604265,1,0.000276898457947
IND_FUA_07320,Jaipur,endpoint_supported,4189200.42996,0.307932874724,6.64352769456e-05
IND_FUA_07320,Jaipur,preexisting_detected_screened,12163184.037,0.894071384012,0.000267556831998
IND_FUA_07320,Jaipur,joint_supported_screened,3514418.71429,0.258332127041,5.52384571532e-05
IND_FUA_07466,Delhi [New Delhi],ghsl_only,51418537,1,0.298629598494
IND_FUA_07466,Delhi [New Delhi],endpoint_supported,17262569.2666,0.33572657399,0.308400866156
IND_FUA_07466,Delhi [New Delhi],preexisting_detected_screened,40362719.9849,0.78498382762,0.291219217591
IND_FUA_07466,Delhi [New Delhi],joint_supported_screened,12654723.4553,0.246112087073,0.305479910367
IND_FUA_07490,Saharanpur,ghsl_only,1511249,1,0
IND_FUA_07490,Saharanpur,endpoint_supported,521967.514189,0.345388161838,0
IND_FUA_07490,Saharanpur,preexisting_detected_screened,1275240.64727,0.843832252178,0
IND_FUA_07490,Saharanpur,joint_supported_screened,418118.818064,0.276671030428,0
IND_FUA_07499,Nashik,ghsl_only,2715839,1,0.02189109017
IND_FUA_07499,Nashik,endpoint_supported,547412.68268,0.201563009692,0.0241054726445
IND_FUA_07499,Nashik,preexisting_detected_screened,2306445.00112,0.849256896716,0.0111759789855
IND_FUA_07499,Nashik,joint_supported_screened,391173.198858,0.144034016324,0.0069587412905
IND_FUA_07581,Dehradun,ghsl_only,1480118,1,0
IND_FUA_07581,Dehradun,endpoint_supported,336715.300194,0.227492200077,0
IND_FUA_07581,Dehradun,preexisting_detected_screened,1194190.3551,0.806821047445,0
IND_FUA_07581,Dehradun,joint_supported_screened,240531.370354,0.162508239447,0
IND_FUA_07601,Kota,ghsl_only,2483233,1,0.0198426661512
IND_FUA_07601,Kota,endpoint_supported,842980.61877,0.339468998185,0.00782040968586
IND_FUA_07601,Kota,preexisting_detected_screened,2024966.58012,0.815455730543,0.0184905274202
IND_FUA_07601,Kota,joint_supported_screened,634385.889833,0.255467726884,0.0061106540818
IND_FUA_07617,Pune,ghsl_only,13965327,1,0.0559425874298
IND_FUA_07617,Pune,endpoint_supported,4243809.03051,0.303881823212,0.0352772179445
IND_FUA_07617,Pune,preexisting_detected_screened,12254864.6991,0.877520784089,0.051776904042
IND_FUA_07617,Pune,joint_supported_screened,3542754.98452,0.253682207694,0.0309738804631
IND_FUA_07631,Haridwar,ghsl_only,1895887,1,0.0655888319322
IND_FUA_07631,Haridwar,endpoint_supported,651520.444713,0.343649407751,0.0289637201427
IND_FUA_07631,Haridwar,preexisting_detected_screened,1495805.58658,0.788974019325,0.0662011390603
IND_FUA_07631,Haridwar,joint_supported_screened,481288.681582,0.253859371145,0.0202479719631
IND_FUA_07643,Meerut,ghsl_only,6166678,1,0.119330179136
IND_FUA_07643,Meerut,endpoint_supported,1881995.42265,0.305187886031,0.125715128901
IND_FUA_07643,Meerut,preexisting_detected_screened,4939394.50873,0.800981421234,0.12774750952
IND_FUA_07643,Meerut,joint_supported_screened,1385253.87071,0.224635349974,0.137480413253
IND_FUA_07839,Indore,ghsl_only,5101697,1,0.00155752095822
IND_FUA_07839,Indore,endpoint_supported,1526393.66989,0.299193321338,0.000423054243744
IND_FUA_07839,Indore,preexisting_detected_screened,3960701.39475,0.776349790032,0.00138657849555
IND_FUA_07839,Indore,joint_supported_screened,1079292.66803,0.211555619243,0.000246677568569
IND_FUA_07881,Kolhapur,ghsl_only,507716,1,0.0625100984309
IND_FUA_07881,Kolhapur,endpoint_supported,69706.4725033,0.137294220594,0.0234256881065
IND_FUA_07881,Kolhapur,preexisting_detected_screened,368107.296894,0.72502599267,0.0743275381401
IND_FUA_07881,Kolhapur,joint_supported_screened,42940.5763156,0.084575976167,0.0257055490589
IND_FUA_07895,Aligarh,ghsl_only,3411737,1,0.251055282553
IND_FUA_07895,Aligarh,endpoint_supported,1038483.04028,0.304385431902,0.20553918497
IND_FUA_07895,Aligarh,preexisting_detected_screened,2857324.62571,0.837498501704,0.259015862782
IND_FUA_07895,Aligarh,joint_supported_screened,794083.458804,0.232750490089,0.211511808894
IND_FUA_07933,Moradabad,ghsl_only,2369126,1,0.246006518754
IND_FUA_07933,Moradabad,endpoint_supported,795796.897272,0.335903154696,0.227937465807
IND_FUA_07933,Moradabad,preexisting_detected_screened,1908027.24802,0.805371790279,0.242190876814
IND_FUA_07933,Moradabad,joint_supported_screened,592006.757326,0.249884032055,0.229399093532
IND_FUA_07957,Agra,ghsl_only,3999577,1,0.0987447109449
IND_FUA_07957,Agra,endpoint_supported,989931.230905,0.247508981801,0.0896744531318
IND_FUA_07957,Agra,preexisting_detected_screened,3193746.73807,0.798521128127,0.0988567049751
IND_FUA_07957,Agra,joint_supported_screened,704131.416926,0.176051471675,0.0892967311913
IND_FUA_07961,Aurangabad,ghsl_only,2253337,1,0
IND_FUA_07961,Aurangabad,endpoint_supported,776049.117829,0.344399935664,0
IND_FUA_07961,Aurangabad,preexisting_detected_screened,1935695.74762,0.859035176551,0
IND_FUA_07961,Aurangabad,joint_supported_screened,632913.119441,0.280878146252,0
IND_FUA_07996,Sangli,ghsl_only,948177,1,0.257597845414
IND_FUA_07996,Sangli,endpoint_supported,143578.246395,0.151425573912,0.223776749965
IND_FUA_07996,Sangli,preexisting_detected_screened,854489.779673,0.9011922665,0.257153942807
IND_FUA_07996,Sangli,joint_supported_screened,115147.49146,0.12144092449,0.235883043663
IND_FUA_08144,Gwalior,ghsl_only,2023495,1,0.000134420890588
IND_FUA_08144,Gwalior,endpoint_supported,591650.256133,0.292390273331,0
IND_FUA_08144,Gwalior,preexisting_detected_screened,1773321.93797,0.876365861034,0.00011324953085
IND_FUA_08144,Gwalior,joint_supported_screened,505918.558979,0.250022144349,0
IND_FUA_08224,Bareilly,ghsl_only,2886159,1,0.0819063629125
IND_FUA_08224,Bareilly,endpoint_supported,1131541.84907,0.392058042911,0.0685466666457
IND_FUA_08224,Bareilly,preexisting_detected_screened,2352261.14879,0.815014401073,0.0917257520435
IND_FUA_08224,Bareilly,joint_supported_screened,868752.815291,0.301006567999,0.0787950410812
IND_FUA_08258,Bhopal,ghsl_only,3205488,1,0.00431572353414
IND_FUA_08258,Bhopal,endpoint_supported,1054025.65967,0.328819093901,0.00204601788448
IND_FUA_08258,Bhopal,preexisting_detected_screened,2714101.37727,0.846704582038,0.0047616880473
IND_FUA_08258,Bhopal,joint_supported_screened,838337.947104,0.261532080951,0.00228473049353
IND_FUA_08319,Mangaluru,ghsl_only,1265037,1,0.292770093923
IND_FUA_08319,Mangaluru,endpoint_supported,251473.455248,0.198787430919,0.450175550418
IND_FUA_08319,Mangaluru,preexisting_detected_screened,1135666.4861,0.897733810235,0.267258731951
IND_FUA_08319,Mangaluru,joint_supported_screened,197026.943132,0.155747968741,0.422379291595
IND_FUA_08341,Solapur,ghsl_only,922676,1,0.00718928025761
IND_FUA_08341,Solapur,endpoint_supported,216470.406646,0.234611506798,0.00203788848798
IND_FUA_08341,Solapur,preexisting_detected_screened,765322.591069,0.82945973567,0.00812776054326
IND_FUA_08341,Solapur,joint_supported_screened,156036.364697,0.169112846434,0.00184954743925
IND_FUA_08419,Farrukhabad,ghsl_only,1403000,1,0.107996034851
IND_FUA_08419,Farrukhabad,endpoint_supported,557949.052669,0.397682860064,0.0680758448118
IND_FUA_08419,Farrukhabad,preexisting_detected_screened,1274248.71191,0.908231441132,0.115257240597
IND_FUA_08419,Farrukhabad,joint_supported_screened,495144.492851,0.35291838407,0.0729111532494
IND_FUA_08433,Shahjahanpur,ghsl_only,2302832,1,0.191348261536
IND_FUA_08433,Shahjahanpur,endpoint_supported,1020548.15589,0.443170911249,0.180608488484
IND_FUA_08433,Shahjahanpur,preexisting_detected_screened,2049324.24859,0.88991478692,0.178516361127
IND_FUA_08433,Shahjahanpur,joint_supported_screened,901742.870627,0.391579963552,0.164818147378
IND_FUA_08497,Kannur,ghsl_only,1419387,1,0.105496251483
IND_FUA_08497,Kannur,endpoint_supported,177975.943705,0.125389300948,0.0981281551293
IND_FUA_08497,Kannur,preexisting_detected_screened,1239368.13962,0.873171404007,0.109664691218
IND_FUA_08497,Kannur,joint_supported_screened,145509.391847,0.102515657708,0.0967835330679
IND_FUA_08587,Hardoi,ghsl_only,866785,1,0
IND_FUA_08587,Hardoi,endpoint_supported,314518.021073,0.362855865149,0
IND_FUA_08587,Hardoi,preexisting_detected_screened,728042.908703,0.839934826633,0
IND_FUA_08587,Hardoi,joint_supported_screened,241690.920428,0.278836067107,0
IND_FUA_08595,Thalassery,ghsl_only,1231563,1,0.0132864598182
IND_FUA_08595,Thalassery,endpoint_supported,79267.5829963,0.0643634008136,0.00669105665265
IND_FUA_08595,Thalassery,preexisting_detected_screened,1091622.48725,0.886371616598,0.0147109883049
IND_FUA_08595,Thalassery,joint_supported_screened,58021.4979407,0.0471120827279,0.00903356007029
IND_FUA_08673,Kozhikode,ghsl_only,1608959,1,0.20172212835
IND_FUA_08673,Kozhikode,endpoint_supported,205816.069315,0.127918778114,0.186907671503
IND_FUA_08673,Kozhikode,preexisting_detected_screened,1296110.51261,0.805558446554,0.209123739774
IND_FUA_08673,Kozhikode,joint_supported_screened,137681.471407,0.0855717711931,0.194431846093
IND_FUA_08674,Guruvayur,ghsl_only,2933656,1,0.197696826834
IND_FUA_08674,Guruvayur,endpoint_supported,351000.354285,0.119646050623,0.221317893786
IND_FUA_08674,Guruvayur,preexisting_detected_screened,2645309.24269,0.901710780913,0.205163795168
IND_FUA_08674,Guruvayur,joint_supported_screened,282847.121856,0.0964145495778,0.249377904026
IND_FUA_08675,Malappuram,ghsl_only,1335935,1,0.415633804674
IND_FUA_08675,Malappuram,endpoint_supported,118753.302446,0.0888915272421,0.575723208479
IND_FUA_08675,Malappuram,preexisting_detected_screened,1293399.39112,0.968160420322,0.400932458029
IND_FUA_08675,Malappuram,joint_supported_screened,105051.561662,0.0786352342458,0.501984084965
IND_FUA_08686,Lakhimpur,ghsl_only,577485,1,0.00575193472529
IND_FUA_08686,Lakhimpur,endpoint_supported,168713.951573,0.292152959078,0.00447585279499
IND_FUA_08686,Lakhimpur,preexisting_detected_screened,457318.714461,0.791914447061,0.00725163664724
IND_FUA_08686,Lakhimpur,joint_supported_screened,113310.353554,0.196213500876,0.00664331712887
IND_FUA_08722,Kanpur,ghsl_only,10361223,1,0.198207157542
IND_FUA_08722,Kanpur,endpoint_supported,3661683.02497,0.353402588186,0.17333341845
IND_FUA_08722,Kanpur,preexisting_detected_screened,9427794.49691,0.909911358621,0.198445510912
IND_FUA_08722,Kanpur,joint_supported_screened,3258799.2696,0.31451878505,0.171551486972
IND_FUA_08848,Lucknow,ghsl_only,19979099,1,0.394595975685
IND_FUA_08848,Lucknow,endpoint_supported,7020333.58566,0.35138389302,0.408864502296
IND_FUA_08848,Lucknow,preexisting_detected_screened,17845027.6479,0.893184805176,0.400417640739
IND_FUA_08848,Lucknow,joint_supported_screened,6049124.87951,0.30277265654,0.42224994098
IND_FUA_08896,Mysuru,ghsl_only,1690295,1,0.00211874735623
IND_FUA_08896,Mysuru,endpoint_supported,324600.94265,0.192038042265,0.000412376943639
IND_FUA_08896,Mysuru,preexisting_detected_screened,1474803.13287,0.872512273226,0.00242825061956
IND_FUA_08896,Mysuru,joint_supported_screened,254661.446106,0.150660947412,0.00052561527777
IND_FUA_08900,Kochi,ghsl_only,7243384,1,0.270274356789
IND_FUA_08900,Kochi,endpoint_supported,1407983.05066,0.194381942289,0.279361913182
IND_FUA_08900,Kochi,preexisting_detected_screened,5803048.98697,0.80115164224,0.298161559452
IND_FUA_08900,Kochi,joint_supported_screened,991106.644595,0.13682922852,0.327649392602
IND_FUA_08952,Nagpur,ghsl_only,4179117,1,0.0077244680026
IND_FUA_08952,Nagpur,endpoint_supported,1494934.35402,0.357715362842,0.00188368771564
IND_FUA_08952,Nagpur,preexisting_detected_screened,3674956.19036,0.879361882034,0.00790540254689
IND_FUA_08952,Nagpur,joint_supported_screened,1307875.00361,0.312954866689,0.00169183640847
IND_FUA_08997,Kollam,ghsl_only,1788716,1,0.187054371828
IND_FUA_08997,Kollam,endpoint_supported,212756.75686,0.118943843997,0.115871025788
IND_FUA_08997,Kollam,preexisting_detected_screened,1481843.68981,0.828439891971,0.216646393356
IND_FUA_08997,Kollam,joint_supported_screened,169871.663928,0.0949684935607,0.133227635726
IND_FUA_09007,Jabalpur,ghsl_only,1648394,1,0.0248239359455
IND_FUA_09007,Jabalpur,endpoint_supported,478529.324112,0.290300331178,0.0183180965251
IND_FUA_09007,Jabalpur,preexisting_detected_screened,1363938.12038,0.827434533478,0.024270116148
IND_FUA_09007,Jabalpur,joint_supported_screened,371556.826697,0.225405350115,0.0163736936983
IND_FUA_09013,Ettumanoor,ghsl_only,2526835,1,0.27688665969
IND_FUA_09013,Ettumanoor,endpoint_supported,163114.832316,0.0645530208009,0.208498189161
IND_FUA_09013,Ettumanoor,preexisting_detected_screened,2378968.47624,0.941481527777,0.284307337574
IND_FUA_09013,Ettumanoor,joint_supported_screened,142069.663397,0.056224353152,0.226716091752
IND_FUA_09045,Hyderabad,ghsl_only,18623822,1,0.00988807344949
IND_FUA_09045,Hyderabad,endpoint_supported,5994778.97649,0.321887686453,0.00715316826765
IND_FUA_09045,Hyderabad,preexisting_detected_screened,15909360.5989,0.854247887404,0.00889198304395
IND_FUA_09045,Hyderabad,joint_supported_screened,4819983.32557,0.258807420172,0.00661750604962
IND_FUA_09069,Coimbatore,ghsl_only,7721634,1,0.00103600101274
IND_FUA_09069,Coimbatore,endpoint_supported,2301982.22684,0.298121126543,0.00052325453911
IND_FUA_09069,Coimbatore,preexisting_detected_screened,6726431.6307,0.871115055531,0.000900743681843
IND_FUA_09069,Coimbatore,joint_supported_screened,1858024.2159,0.240625781525,0.000345343479615
IND_FUA_09099,Bengaluru,ghsl_only,26136148,1,0.00544828966072
IND_FUA_09099,Bengaluru,endpoint_supported,7415752.37312,0.283735475217,0.00226429703727
IND_FUA_09099,Bengaluru,preexisting_detected_screened,23166882.1924,0.886392370917,0.00582754096019
IND_FUA_09099,Bengaluru,joint_supported_screened,6183908.92009,0.236603684678,0.00240212071217
IND_FUA_09129,Gonda,ghsl_only,1208202,1,0.00221750516778
IND_FUA_09129,Gonda,endpoint_supported,367713.278854,0.304347517099,0.000946278625001
IND_FUA_09129,Gonda,preexisting_detected_screened,1147259.52423,0.949559365266,0.00231427580858
IND_FUA_09129,Gonda,joint_supported_screened,339474.120938,0.280974639123,0.00102370979765
IND_FUA_09157,Thiruvananthapuram,ghsl_only,2457935,1,0.0327939588029
IND_FUA_09157,Thiruvananthapuram,endpoint_supported,466179.317877,0.189662996734,0.0122429176832
IND_FUA_09157,Thiruvananthapuram,preexisting_detected_screened,1798335.73763,0.731644953034,0.0310922888501
IND_FUA_09157,Thiruvananthapuram,joint_supported_screened,291474.168228,0.118584978133,0.00889036132384
IND_FUA_09165,Tiruppur,ghsl_only,5777389,1,0.00549100226698
IND_FUA_09165,Tiruppur,endpoint_supported,1644134.13874,0.284580826865,0.00550715242241
IND_FUA_09165,Tiruppur,preexisting_detected_screened,5214331.97512,0.902541264768,0.00455890789751
IND_FUA_09165,Tiruppur,joint_supported_screened,1386059.16348,0.23991099846,0.00469754512284
IND_FUA_09195,Faizabad,ghsl_only,2166283,1,0.221428398881
IND_FUA_09195,Faizabad,endpoint_supported,714807.795066,0.329969720053,0.134829165643
IND_FUA_09195,Faizabad,preexisting_detected_screened,1896425.44758,0.875428301646,0.235932847751
IND_FUA_09195,Faizabad,joint_supported_screened,592292.409389,0.273414142745,0.145895914108
IND_FUA_09258,Sultanpur,ghsl_only,1832581,1,0.582127094723
IND_FUA_09258,Sultanpur,endpoint_supported,495482.16008,0.270373948044,0.423681680583
IND_FUA_09258,Sultanpur,preexisting_detected_screened,1683468.34912,0.918632436505,0.602403818433
IND_FUA_09258,Sultanpur,joint_supported_screened,413211.481871,0.225480610064,0.430523775192
IND_FUA_09266,Erode,ghsl_only,3313105,1,0.0104591854938
IND_FUA_09266,Erode,endpoint_supported,452535.520275,0.136589549765,0.00760280194542
IND_FUA_09266,Erode,preexisting_detected_screened,3087017.70063,0.931759693892,0.00877326807055
IND_FUA_09266,Erode,joint_supported_screened,369442.247016,0.111509368709,0.00590563954624
IND_FUA_09282,Prayagraj,ghsl_only,2283637,1,0.173608524519
IND_FUA_09282,Prayagraj,endpoint_supported,737315.760377,0.322869072614,0.149464183561
IND_FUA_09282,Prayagraj,preexisting_detected_screened,1969172.45017,0.862296612889,0.139256148384
IND_FUA_09282,Prayagraj,joint_supported_screened,578475.271418,0.253313145398,0.112481626297
IND_FUA_09368,Salem,ghsl_only,4170866,1,0.000220337934616
IND_FUA_09368,Salem,endpoint_supported,547105.474179,0.131173112293,0
IND_FUA_09368,Salem,preexisting_detected_screened,3967541.93366,0.951251354913,0.000226272902465
IND_FUA_09368,Salem,joint_supported_screened,482588.122076,0.115704537637,0
IND_FUA_09444,Madurai,ghsl_only,1974352,1,0.159789639337
IND_FUA_09444,Madurai,endpoint_supported,425768.814345,0.215649901509,0.170453729044
IND_FUA_09444,Madurai,preexisting_detected_screened,1803724.21968,0.91357783196,0.144228337196
IND_FUA_09444,Madurai,joint_supported_screened,368232.942952,0.186508253316,0.141737555713
IND_FUA_09500,Gorakhpur,ghsl_only,3389028,1,0.63131563978
IND_FUA_09500,Gorakhpur,endpoint_supported,822632.552388,0.242734067818,0.59273851258
IND_FUA_09500,Gorakhpur,preexisting_detected_screened,3180113.81364,0.938355721358,0.621306741565
IND_FUA_09500,Gorakhpur,joint_supported_screened,724776.466103,0.213859686643,0.582650992448
IND_FUA_09544,Tiruchirappalli,ghsl_only,2002696,1,0.638437758461
IND_FUA_09544,Tiruchirappalli,endpoint_supported,380230.229628,0.189859184633,0.532027569879
IND_FUA_09544,Tiruchirappalli,preexisting_detected_screened,1728487.07954,0.863080107784,0.687356549711
IND_FUA_09544,Tiruchirappalli,joint_supported_screened,298092.477339,0.148845594808,0.607237455806
IND_FUA_09562,Varanasi,ghsl_only,10435276,1,0.172267711967
IND_FUA_09562,Varanasi,endpoint_supported,2441970.21601,0.234011080877,0.197314997678
IND_FUA_09562,Varanasi,preexisting_detected_screened,9756609.99529,0.934964249655,0.164763652492
IND_FUA_09562,Varanasi,joint_supported_screened,2112978.26678,0.20248417644,0.19118715125
IND_FUA_09564,Durg,ghsl_only,740363,1,0.207769945407
IND_FUA_09564,Durg,endpoint_supported,203330.742307,0.274636553025,0.134453140158
IND_FUA_09564,Durg,preexisting_detected_screened,535503.740982,0.723298896598,0.238120857223
IND_FUA_09564,Durg,joint_supported_screened,132305.067948,0.178702971309,0.162667200342
IND_FUA_09570,Vellore,ghsl_only,1847021,1,0.127382350444
IND_FUA_09570,Vellore,endpoint_supported,329564.084122,0.178430068809,0.140653301472
IND_FUA_09570,Vellore,preexisting_detected_screened,1623179.30729,0.878809340712,0.12046202848
IND_FUA_09570,Vellore,joint_supported_screened,253867.809978,0.137447170323,0.132217347954
IND_FUA_09620,Raipur,ghsl_only,3038998,1,0.0900126388422
IND_FUA_09620,Raipur,endpoint_supported,889296.734919,0.292628272516,0.0529322897039
IND_FUA_09620,Raipur,preexisting_detected_screened,2420274.62741,0.796405468977,0.103174504246
IND_FUA_09620,Raipur,joint_supported_screened,681520.871471,0.224258413948,0.0618338457992
IND_FUA_09710,Bilaspur,ghsl_only,1698534,1,0.0520772557796
IND_FUA_09710,Bilaspur,endpoint_supported,430240.303216,0.253300966136,0.0339751564799
IND_FUA_09710,Bilaspur,preexisting_detected_screened,1534475.29499,0.903411586103,0.0519064325298
IND_FUA_09710,Bilaspur,joint_supported_screened,370964.427958,0.218402709606,0.0298417109035
IND_FUA_09782,Kuchai Kot,ghsl_only,4379570,1,0.165672418823
IND_FUA_09782,Kuchai Kot,endpoint_supported,1030864.93806,0.235380399915,0.122434285816
IND_FUA_09782,Kuchai Kot,preexisting_detected_screened,4312443.12182,0.984672723994,0.167385483454
IND_FUA_09782,Kuchai Kot,joint_supported_screened,996293.248668,0.227486545179,0.125411223188
IND_FUA_09794,Vijayawada,ghsl_only,2767238,1,1.0889544976
IND_FUA_09794,Vijayawada,endpoint_supported,958002.527525,0.346194482558,0.938935935713
IND_FUA_09794,Vijayawada,preexisting_detected_screened,2385401.06637,0.862015145198,1.10993682035
IND_FUA_09794,Vijayawada,joint_supported_screened,796996.577711,0.288011576059,0.943808467266
IND_FUA_09834,Puducherry,ghsl_only,611885,1,0.608600238062
IND_FUA_09834,Puducherry,endpoint_supported,135387.552025,0.221263067447,0.474674059148
IND_FUA_09834,Puducherry,preexisting_detected_screened,477302.98458,0.780053416214,0.639266914917
IND_FUA_09834,Puducherry,joint_supported_screened,90516.471629,0.147930528823,0.484074214936
IND_FUA_09850,Chennai,ghsl_only,9614438,1,0.544793613851
IND_FUA_09850,Chennai,endpoint_supported,3100695.61498,0.322504093841,0.588077958061
IND_FUA_09850,Chennai,preexisting_detected_screened,6646936.62231,0.691349470693,0.554322677949
IND_FUA_09850,Chennai,joint_supported_screened,2030567.37962,0.211199799678,0.615498909896
IND_FUA_10007,Muzaffarpur,ghsl_only,4557955,1,0.569568380655
IND_FUA_10007,Muzaffarpur,endpoint_supported,941040.155697,0.206461045731,0.464552492882
IND_FUA_10007,Muzaffarpur,preexisting_detected_screened,4463616.45993,0.979302441541,0.570492511424
IND_FUA_10007,Muzaffarpur,joint_supported_screened,906736.504671,0.198934940049,0.464451859107
IND_FUA_10017,Patna,ghsl_only,2677195,1,1.43394084792
IND_FUA_10017,Patna,endpoint_supported,830902.15817,0.310362957562,1.30755588898
IND_FUA_10017,Patna,preexisting_detected_screened,2411745.01354,0.900847720671,1.4522429963
IND_FUA_10017,Patna,joint_supported_screened,706343.88566,0.263837294504,1.35924929619
IND_FUA_10065,Gaya,ghsl_only,789658,1,0.038154713871
IND_FUA_10065,Gaya,endpoint_supported,191228.043623,0.242165650982,0.0193074084297
IND_FUA_10065,Gaya,preexisting_detected_screened,756950.53651,0.958580216385,0.0391117265564
IND_FUA_10065,Gaya,joint_supported_screened,179297.349103,0.227056965297,0.0203819435349
IND_FUA_10142,Visakhapatnam,ghsl_only,7311928,1,0.00962895489649
IND_FUA_10142,Visakhapatnam,endpoint_supported,2896948.26552,0.396194856612,0.00303253201332
IND_FUA_10142,Visakhapatnam,preexisting_detected_screened,6328094.24351,0.865448106643,0.0103806362583
IND_FUA_10142,Visakhapatnam,joint_supported_screened,2443744.13581,0.334213375161,0.00281367986182
IND_FUA_10152,Begusarai,ghsl_only,345601,1,1.07883885621
IND_FUA_10152,Begusarai,endpoint_supported,63778.1527276,0.184542732016,0.910923576312
IND_FUA_10152,Begusarai,preexisting_detected_screened,316340.703104,0.915335034055,1.10057506584
IND_FUA_10152,Begusarai,joint_supported_screened,53184.3981753,0.153889595734,0.94998640489
IND_FUA_10168,Ranchi,ghsl_only,3981456,1,0.000414208484833
IND_FUA_10168,Ranchi,endpoint_supported,717198.078032,0.180134623623,0.00032986306516
IND_FUA_10168,Ranchi,preexisting_detected_screened,3731277.97516,0.93716418696,0.000312735533389
IND_FUA_10168,Ranchi,joint_supported_screened,620634.074086,0.155881183689,9.5484522393e-05
IND_FUA_10243,Dhanbad,ghsl_only,3148475,1,0.0181111937864
IND_FUA_10243,Dhanbad,endpoint_supported,588179.257937,0.186814015654,0.00152129776411
IND_FUA_10243,Dhanbad,preexisting_detected_screened,2754788.74678,0.87495970169,0.0191340769925
IND_FUA_10243,Dhanbad,joint_supported_screened,474796.570795,0.150802077449,0.00166957551517
IND_FUA_10285,Jamshedpur,ghsl_only,534462,1,0.184731753032
IND_FUA_10285,Jamshedpur,endpoint_supported,147671.490941,0.276299327064,0.146768765454
IND_FUA_10285,Jamshedpur,preexisting_detected_screened,355303.26924,0.664786774814,0.236427292563
IND_FUA_10285,Jamshedpur,joint_supported_screened,91900.3536365,0.171949275414,0.208898931103
IND_FUA_10313,Asansol,ghsl_only,1422481,1,0.018007591621
IND_FUA_10313,Asansol,endpoint_supported,244128.98651,0.171621966487,0.00920304946609
IND_FUA_10313,Asansol,preexisting_detected_screened,1182468.78514,0.831272111996,0.0174219048221
IND_FUA_10313,Asansol,joint_supported_screened,161881.801107,0.113802434695,0.00651893178658
IND_FUA_10354,Bhubaneshwar,ghsl_only,1450407,1,0.346809920684
IND_FUA_10354,Bhubaneshwar,endpoint_supported,371413.2614,0.256075199168,0.330575316522
IND_FUA_10354,Bhubaneshwar,preexisting_detected_screened,1080723.89086,0.745117674463,0.391135832382
IND_FUA_10354,Bhubaneshwar,joint_supported_screened,263233.439164,0.181489360686,0.386697150774
IND_FUA_10432,Berhampore,ghsl_only,258040,1,0.774709514047
IND_FUA_10432,Berhampore,endpoint_supported,17349.0638936,0.0672340098185,0.614883977154
IND_FUA_10432,Berhampore,preexisting_detected_screened,231864.702216,0.898561084389,0.790232087678
IND_FUA_10432,Berhampore,joint_supported_screened,12169.7407799,0.0471622259337,0.628225325918
IND_FUA_10441,Tamluk,ghsl_only,2897193,1,0.577415816203
IND_FUA_10441,Tamluk,endpoint_supported,236631.720989,0.0816762020996,0.608341359635
IND_FUA_10441,Tamluk,preexisting_detected_screened,2782249.81092,0.960326015877,0.580271298075
IND_FUA_10441,Tamluk,joint_supported_screened,212983.245048,0.07351365444,0.606800325165
IND_FUA_10452,Kolkata,ghsl_only,10554134,1,0.508989180591
IND_FUA_10452,Kolkata,endpoint_supported,1266221.48342,0.119973982083,0.541797516163
IND_FUA_10452,Kolkata,preexisting_detected_screened,8574009.5089,0.812383991799,0.515392426177
IND_FUA_10452,Kolkata,joint_supported_screened,664236.042101,0.0629361008777,0.616849695188
IND_FUA_10453,Kolkata,ghsl_only,754460,1,0.310206821002
IND_FUA_10453,Kolkata,endpoint_supported,18400.1203559,0.0243884637435,0.384312939464
IND_FUA_10453,Kolkata,preexisting_detected_screened,718935.951787,0.95291460354,0.317455997832
IND_FUA_10453,Kolkata,joint_supported_screened,13784.5156293,0.0182707043836,0.465034785429
IND_FUA_10496,Guwahati,ghsl_only,788595,1,0.873432491065
IND_FUA_10496,Guwahati,endpoint_supported,164761.513976,0.208930457302,0.890469636749
IND_FUA_10496,Guwahati,preexisting_detected_screened,644974.992435,0.817878622658,0.94714938021
IND_FUA_10496,Guwahati,joint_supported_screened,108363.747815,0.137413688668,1.09837352584
IND_FUA_10533,Imphal,ghsl_only,738716,1,0.404211377564
IND_FUA_10533,Imphal,endpoint_supported,192266.651968,0.260271406019,0.286968925389
IND_FUA_10533,Imphal,preexisting_detected_screened,617410.567002,0.835788810588,0.41330007966
IND_FUA_10533,Imphal,joint_supported_screened,142812.306687,0.193325048715,0.310776821757
