scenario,hazard_metric,median_depth_m,paired_city_count,spearman_vs_baseline,median_absolute_delta_m,max_absolute_delta_m,median_signed_delta_m,top10_overlap_count,top10_overlap_fraction,max_delta_city,max_delta_unit_key
endpoint_supported,RP10,0.0644426131421,91,0.980702519472,0.0280643890193,0.8132907012,-0.0280643890193,8,0.8,Patna,IND_FUA_10017
endpoint_supported,RP100,0.151863547485,91,0.995810267235,0.0356682713678,0.847580171,0.0356682713678,9,0.9,Guwahati,IND_FUA_10496
endpoint_supported,RP20,0.104896432508,91,0.996638655462,0.00779798722209,0.254396896393,-0.0065723964005,9,0.9,Guwahati,IND_FUA_10496
endpoint_supported,RP200,0.167885345609,91,0.993452546896,0.0520143198206,1.09477279038,0.0520143198206,9,0.9,Guwahati,IND_FUA_10496
endpoint_supported,RP50,0.136653129912,91,0.997498904775,0.0194941558714,0.497143793741,0.0194941558714,8,0.8,Guwahati,IND_FUA_10496
endpoint_supported,RP500,0.219983682585,91,0.989390258473,0.0845147810397,1.38759380998,0.0845147810397,9,0.9,Guwahati,IND_FUA_10496
endpoint_supported,RP75,0.145218058463,91,0.996622724919,0.0293470326749,0.719803826516,0.0293470326749,9,0.9,Guwahati,IND_FUA_10496
endpoint_supported,normalized_exceedance_trapezoid,0.115871025788,91,1,0,0,0,10,1,Srinagar,IND_FUA_02091
endpoint_supported,uniform_seven_RP_mean,0.144725205147,91,0.996590863834,0.0290617834129,0.541616715977,0.0290617834129,9,0.9,Guwahati,IND_FUA_10496
ghsl_only,RP10,0.0792856564843,91,0.992259297603,0.0310502077715,0.789876670878,-0.0310502077715,9,0.9,Patna,IND_FUA_10017
ghsl_only,RP100,0.160867027745,91,0.996320777256,0.0411556746188,0.679024625201,0.0411556746188,8,0.8,Guwahati,IND_FUA_10496
ghsl_only,RP20,0.114965349443,91,0.999235486183,0.00811562221713,0.190422510505,-0.00801298269877,10,1,Guwahati,IND_FUA_10496
ghsl_only,RP200,0.196952605018,91,0.992498208171,0.0631630178048,0.890292956685,0.0631630178048,8,0.8,Guwahati,IND_FUA_10496
ghsl_only,RP50,0.132238059395,91,0.998693955563,0.0197198275115,0.445109437726,0.0197198275115,9,0.9,Patna,IND_FUA_10017
ghsl_only,RP500,0.241338372352,91,0.98577685753,0.087844703101,1.20964468045,0.087844703101,8,0.8,Begusarai,IND_FUA_10152
ghsl_only,RP75,0.149592344047,91,0.997069363702,0.0326861218086,0.573478601446,0.0326861218086,9,0.9,Guwahati,IND_FUA_10496
ghsl_only,normalized_exceedance_trapezoid,0.119330179136,91,1,0,0,0,10,1,Srinagar,IND_FUA_02091
ghsl_only,uniform_seven_RP_mean,0.148760068152,91,0.996830453134,0.0304184214499,0.436852497999,0.0304184214499,9,0.9,Guwahati,IND_FUA_10496
joint_supported_screened,RP10,0.0708478704439,91,0.977468348774,0.0316682599032,0.859313702214,-0.0316682599032,7,0.7,Patna,IND_FUA_10017
joint_supported_screened,RP100,0.165808972677,91,0.995746545064,0.0404659192734,1.01206653724,0.0404659192734,9,0.9,Guwahati,IND_FUA_10496
joint_supported_screened,RP20,0.113972242676,91,0.995188976064,0.00782379504482,0.313318815749,-0.00734890612374,8,0.8,Guwahati,IND_FUA_10496
joint_supported_screened,RP200,0.186875943938,91,0.99319765821,0.0578312642099,1.30385744504,0.0578312642099,9,0.9,Guwahati,IND_FUA_10496
joint_supported_screened,RP50,0.150927923529,91,0.998215779203,0.0203253271142,0.610739287213,0.0203253271142,10,1,Guwahati,IND_FUA_10496
joint_supported_screened,RP500,0.224551153137,91,0.988052092875,0.0857834731792,1.62253559261,0.0857834731792,9,0.9,Guwahati,IND_FUA_10496
joint_supported_screened,RP75,0.159793073861,91,0.99713250229,0.0328446475172,0.861619576975,0.0328446475172,10,1,Guwahati,IND_FUA_10496
joint_supported_screened,normalized_exceedance_trapezoid,0.117314662487,91,1,0,0,0,10,1,Srinagar,IND_FUA_02091
joint_supported_screened,uniform_seven_RP_mean,0.158271295299,91,0.996925405233,0.0292549440019,0.643423321839,0.0292549440019,9,0.9,Guwahati,IND_FUA_10496
preexisting_detected_screened,RP10,0.0831946489445,91,0.993644978896,0.0327556116133,0.811292410715,-0.0327556116133,8,0.8,Patna,IND_FUA_10017
preexisting_detected_screened,RP100,0.167325170334,91,0.9962411404,0.0425131833151,0.709595630781,0.0425131833151,9,0.9,Guwahati,IND_FUA_10496
preexisting_detected_screened,RP20,0.112015307021,91,0.999362905153,0.0081467719942,0.202835530909,-0.00812024009699,10,1,Guwahati,IND_FUA_10496
preexisting_detected_screened,RP200,0.193864796542,91,0.991972604922,0.0639912828939,0.931516373462,0.0639912828939,9,0.9,Guwahati,IND_FUA_10496
preexisting_detected_screened,RP50,0.140856474816,91,0.998104642829,0.0195030033366,0.454864844206,0.0195030033366,10,1,Patna,IND_FUA_10017
preexisting_detected_screened,RP500,0.223301498638,91,0.983578880306,0.0888832951105,1.23344492457,0.0888832951105,9,0.9,Begusarai,IND_FUA_10152
preexisting_detected_screened,RP75,0.155560626328,91,0.997212710042,0.0339268814584,0.599322204368,0.0339268814584,10,1,Guwahati,IND_FUA_10496
preexisting_detected_screened,normalized_exceedance_trapezoid,0.120464940351,91,1,0,0,0,10,1,Srinagar,IND_FUA_02091
preexisting_detected_screened,uniform_seven_RP_mean,0.154566988311,91,0.997594966951,0.0306867392102,0.455705484968,0.0306867392102,10,1,Guwahati,IND_FUA_10496
