scenario,setting,total_denominator_km2,median_depth_m,retained_positive_GHSL_km2,retained_positive_GHSL_fraction,paired_city_count,spearman_vs_baseline,median_absolute_delta_m,max_absolute_delta_m,median_signed_delta_m,top10_overlap_count,top10_overlap_fraction
endpoint_supported,GHSL_g_gt_0_m2,114.828943878,0.115871025788,400.535818,1,91,1,0,0,0,10,1
endpoint_supported,GHSL_g_gt_100_m2,113.769421027,0.107089336286,384.336925,0.959556942795,91,0.999872555657,0.000337052803808,0.0306403768416,-1.45202191936e-06,9,0.9
endpoint_supported,GHSL_g_gt_10_m2,114.802702554,0.114871364721,398.932059,0.995995966084,91,1,5.99800260434e-06,0.00506608106354,-1.22547151952e-06,10,1
endpoint_supported,GHSL_g_gt_500_m2,103.814349934,0.111637234538,312.846363,0.781069629583,91,0.998391015174,0.00208512341348,0.129593282504,-3.6074086199e-05,9,0.9
endpoint_supported,GHSL_g_gt_50_m2,114.480799997,0.110989759439,392.311398,0.979466455607,91,0.999920347286,0.00010353614977,0.020579872577,-8.6775725213e-06,9,0.9
endpoint_supported,exclude_any_permanent_water_QA,114.549131524,0.100545100745,398.026736,0.99373568633,91,0.995197655988,0.0022102321311,0.18619354963,-0.0022102321311,10,1
endpoint_supported,exclude_any_spurious_depth_QA,114.282994537,0.105710016696,398.143674,0.994027640245,91,0.989517702816,0,0.458649206135,0,10,1
endpoint_supported,exclude_either_QA,114.009219212,0.100442645855,395.68176,0.987881088827,91,0.985775760678,0.0022102321311,0.461019627964,-0.0022102321311,10,1
ghsl_only,GHSL_g_gt_0_m2,400.535818,0.119330179136,400.535818,1,91,1,0,0,0,10,1
ghsl_only,GHSL_g_gt_100_m2,384.336925,0.11982733007,384.336925,0.959556942795,91,0.999442542008,0.00142173266766,0.029556168186,-0.000690437441897,10,1
ghsl_only,GHSL_g_gt_10_m2,398.932059,0.119372942658,398.932059,0.995995966084,91,0.999968145258,0.000196605460733,0.00940236428186,-0.000154933293514,10,1
ghsl_only,GHSL_g_gt_500_m2,312.846363,0.116621834867,312.846363,0.781069629583,91,0.9969695209,0.00505401901225,0.126268694033,-0.00321572964657,10,1
ghsl_only,GHSL_g_gt_50_m2,392.311398,0.119526303659,392.311398,0.979466455607,91,0.99972923469,0.000722555994855,0.0217814952694,-0.00034088551831,10,1
ghsl_only,exclude_any_permanent_water_QA,398.026736,0.118401170968,398.026736,0.99373568633,91,0.993804600135,0.00714049258269,0.143572552899,-0.00714049258269,10,1
ghsl_only,exclude_any_spurious_depth_QA,398.143674,0.110357642124,398.143674,0.994027640245,91,0.98953571713,0,0.30527616255,0,10,1
ghsl_only,exclude_either_QA,395.68176,0.1060216984,395.68176,0.987881088827,91,0.983859780819,0.00714049258269,0.306708353912,-0.00714049258269,10,1
joint_supported_screened,GHSL_g_gt_0_m2,90.243923128,0.117314662487,400.535818,1,91,1,0,0,0,10,1
joint_supported_screened,GHSL_g_gt_100_m2,89.5962524566,0.11738688702,384.336925,0.959556942795,91,0.999840694572,0.000202675462418,0.0257955586675,-6.91232843087e-06,9,0.9
joint_supported_screened,GHSL_g_gt_10_m2,90.2182585251,0.117312403292,398.932059,0.995995966084,91,0.999968138914,1.11076804547e-05,0.00472162032897,-9.45608382743e-07,10,1
joint_supported_screened,GHSL_g_gt_500_m2,85.9372357842,0.104894198503,312.846363,0.781069629583,91,0.999346847744,0.0013359039957,0.0733775050306,-0.000139948580958,9,0.9
joint_supported_screened,GHSL_g_gt_50_m2,89.9801267012,0.117343899506,392.311398,0.979466455607,91,0.999968138914,0.000108744563515,0.0183554494098,-1.18483748162e-05,10,1
joint_supported_screened,exclude_any_permanent_water_QA,90.0485425807,0.106672298241,398.026736,0.99373568633,91,0.99349183061,0.00215212217735,0.306321600724,-0.00215212217735,9,0.9
joint_supported_screened,exclude_any_spurious_depth_QA,89.796950256,0.100675112624,398.143674,0.994027640245,91,0.988577800789,0,0.401308972342,0,10,1
joint_supported_screened,exclude_either_QA,89.6062839679,0.0980556067139,395.68176,0.987881088827,91,0.983767031729,0.00215212217735,0.403928478252,-0.00215212217735,9,0.9
preexisting_detected_screened,GHSL_g_gt_0_m2,338.796456053,0.120464940351,400.535818,1,91,1,0,0,0,10,1
preexisting_detected_screened,GHSL_g_gt_100_m2,324.276008277,0.120081464158,384.336925,0.959556942795,91,0.99960181572,0.00148180264932,0.0337528787042,-0.000713957780125,10,1
preexisting_detected_screened,GHSL_g_gt_10_m2,337.215232368,0.120406524986,398.932059,0.995995966084,91,0.999968145258,0.000252422447838,0.00989679119035,-0.000116916923229,10,1
preexisting_detected_screened,GHSL_g_gt_500_m2,269.84801137,0.121282949433,312.846363,0.781069629583,91,0.996826160287,0.00675488082795,0.0917727652346,-0.00395773785826,10,1
preexisting_detected_screened,GHSL_g_gt_50_m2,331.036793964,0.120240147116,392.311398,0.979466455607,91,0.999761089432,0.000805447320415,0.0227914999819,-0.000340916091835,10,1
preexisting_detected_screened,exclude_any_permanent_water_QA,336.599703929,0.118427661806,398.026736,0.99373568633,91,0.993143205902,0.00690519250201,0.166923923475,-0.00690519250201,9,0.9
preexisting_detected_screened,exclude_any_spurious_depth_QA,336.704589544,0.115257240597,398.143674,0.994027640245,91,0.98953571713,0,0.292228245946,0,10,1
preexisting_detected_screened,exclude_either_QA,334.548709521,0.112623206489,395.68176,0.987881088827,91,0.983851812214,0.00690519250201,0.29369702941,-0.00690519250201,9,0.9
